Ordem,ID,Versão,Sprint,Componente,Forma de integração,Tipo,Tarefa,Passo de execução,Artefato a produzir,Critério de aceite,Dependências,Requisitos,Status,Prioridade na versão,Risco,Aplicabilidade,Responsável,Revisor humano,Data de aceite,Evidência exigida,Evidência obtida,ADR / justificativa,Fechamento,Observações
1,SL-S01-01,v0.0.1,S01,Arquitetura / produto,Próprio,Decisão,Congelar documentos de entrada,Copiar RFC e plano de integração para referências; registrar hashes e divergências.,docs/baseline/manifest.json,Os dois documentos permanecem íntegros e cada divergência aponta à seção de origem.,,R01; R03; R07; R08; R33; R34,Não iniciado,P0,Crítico,Obrigatória no escopo da versão,Autor,,,reports/S01/SL-S01-01.md,,,PENDENTE,
2,SL-S01-02,v0.0.1,S01,Arquitetura / produto,Próprio,Decisão,Delimitar v1.0,Enumerar jornadas Captura→Mesa→Peça e separar requisitos de propostas pós-v1.0.,docs/product/scope-v1.md,Nenhuma funcionalidade original é silenciosamente adiada para v2; exclusões estão explícitas.,SL-S01-01,R01; R03; R07; R08; R33; R34,Não iniciado,P0,Crítico,Obrigatória no escopo da versão,Autor,,,reports/S01/SL-S01-02.md,,,PENDENTE,
3,SL-S01-03,v0.0.1,S01,Arquitetura / produto,Próprio,Decisão,Ratificar núcleo e workers,"Resolver ADR-001; distinguir linguagem do Core, runtime e modelo de distribuição.",docs/adr/001-composicao.md,Decisão aprovada pelo autor; rejeição de workers bloqueia o restante e exige novo plano.,SL-S01-02,R01; R03; R07; R08; R33; R34,Não iniciado,P0,Crítico,Obrigatória no escopo da versão,Autor,,,reports/S01/SL-S01-03.md,,,PENDENTE,
4,SL-S01-04,v0.0.1,S01,Arquitetura / produto,Próprio,Decisão,Ratificar Jev/offline,Escolher fallback local ou pendência; definir quando a API pode receber conteúdo.,docs/adr/004-egress-offline.md,"Falta de chave/rede não bloqueia captura, leitura ou autoria; nenhuma chamada implícita permitida.",SL-S01-03,R01; R03; R07; R08; R33; R34,Não iniciado,P0,Crítico,Obrigatória no escopo da versão,Autor,,,reports/S01/SL-S01-04.md,,,PENDENTE,
5,SL-S01-05,v0.0.1,S01,Arquitetura / produto,Próprio,Decisão,Escolher host de referência,Registrar máquina principal e acesso de teste aos cinco alvos previstos.,docs/adr/006-targets.md,"Plataforma de desenvolvimento escolhida e lacunas de hardware identificadas, sem alegar homologação.",SL-S01-04,R01; R03; R07; R08; R33; R34,Não iniciado,P0,Crítico,Obrigatória no escopo da versão,Autor,,,reports/S01/SL-S01-05.md,,,PENDENTE,
6,SL-S01-06,v0.0.1,S01,Arquitetura / produto,Próprio,Decisão,Fixar semântica de versões,"Separar versão do app, formato do Vault, contratos de workers e modelos.",docs/product/version-policy.md,Atualizar o app não implica migrar o Vault; regras pre-1.0 e compatibilidade estão claras.,SL-S01-05,R01; R03; R07; R08; R33; R34,Não iniciado,P0,Crítico,Obrigatória no escopo da versão,Autor,,,reports/S01/SL-S01-06.md,,,PENDENTE,
7,SL-S01-07,v0.0.1,S01,Arquitetura / produto,Próprio,Decisão,Definir dados sensíveis,"Classificar conteúdo, consultas, metadados, chaves e logs; negar envio por padrão.",docs/security/data-classification.md,"Casos de resumo e título sensível também exigem política de saída, não apenas documentos completos.",SL-S01-06,R01; R03; R07; R08; R33; R34,Não iniciado,P0,Crítico,Obrigatória no escopo da versão,Autor,,,reports/S01/SL-S01-07.md,,,PENDENTE,
8,SL-S01-08,v0.0.1,S01,Arquitetura / produto,Próprio,Decisão,Mapear atores e ameaças,"Incluir arquivo malformado, página hostil, extensão, modelo e processo local malicioso.",docs/security/threat-model.md,"Cada ator tem ativos, fronteiras e ataques de teste; modelo não aparece como autoridade confiável.",SL-S01-07,R01; R03; R07; R08; R33; R34,Não iniciado,P0,Crítico,Obrigatória no escopo da versão,Autor,,,reports/S01/SL-S01-08.md,,,PENDENTE,
9,SL-S01-09,v0.0.1,S01,Arquitetura / produto,Próprio,Decisão,Registrar não escopo,"Excluir SaaS obrigatório, colaboração em tempo real e marketplace irrestrito deste horizonte.",docs/product/non-goals.md,"Funcionalidades não aprovadas não entram por implicação da presença de Yjs, LocalAI ou MCP.",SL-S01-08,R01; R03; R07; R08; R33; R34,Não iniciado,P0,Crítico,Obrigatória no escopo da versão,Autor,,,reports/S01/SL-S01-09.md,,,PENDENTE,
10,SL-S01-10,v0.0.1,S01,Arquitetura / produto,Próprio,Decisão,Aprovar inventário de requisitos,"Numerar invariantes, métricas e critérios; designar o autor como aprovador dos gates.",docs/product/requirements.yaml,"Cada requisito tem origem, critério e responsável; ambiguidades não são tratadas como concluídas.",SL-S01-09,R01; R03; R07; R08; R33; R34,Não iniciado,P0,Crítico,Obrigatória no escopo da versão,Autor,,,reports/S01/SL-S01-10.md,,,PENDENTE,
11,SL-S01-GATE,v0.0.1,S01,Arquitetura / produto,Aceite humano,Gate,"Aceitar S01 — Ratificar escopo, soberania e composição","Revisar as dez tarefas, executar a demonstração do sprint, confrontar critérios e registrar decisão go/no-go.",reports/S01/acceptance.md,"Autor consegue explicar offline, Jev, workers e cinco alvos sem contradições. Todas as dependências aceitas; evidências vinculadas a revisão/ambiente; nenhum blocker de integridade/segurança.",SL-S01-01; SL-S01-02; SL-S01-03; SL-S01-04; SL-S01-05; SL-S01-06; SL-S01-07; SL-S01-08; SL-S01-09; SL-S01-10,R01; R03; R07; R08; R33; R34,Não iniciado,P0,Crítico,Obrigatória para fechar a versão aprovada,Autor,,,reports/S01/acceptance.md,,,PENDENTE,
12,SL-S02-01,v0.0.1,S02,Vault / contratos,Próprio,Contrato,Definir entidade e ocorrência,"Separar fonte, conteúdo da célula/nota, ocorrência visual, grupo, aresta, Peça e bloco.",schemas/domain-v0.json,A mesma nota em dois boards tem conteúdo único e duas geometrias independentes.,SL-S01-GATE,R02; R04; R05; R11; R13; R32; R37,Não iniciado,P0,Crítico,Obrigatória no escopo da versão,Autor + agente de IA,,,reports/S02/SL-S02-01.md,,,PENDENTE,
13,SL-S02-02,v0.0.1,S02,Vault / contratos,Próprio,Contrato,Definir IDs estáveis,"Fixar geração, namespace e regras de colisão sem depender do nome do arquivo.",schemas/identity-v0.json,Renomear/mover não altera identidade; duplicar como nova autoria recebe novo ID.,SL-S02-01,R02; R04; R05; R11; R13; R32; R37,Não iniciado,P0,Crítico,Obrigatória no escopo da versão,Autor + agente de IA,,,reports/S02/SL-S02-02.md,,,PENDENTE,
14,SL-S02-03,v0.0.1,S02,Vault / contratos,Próprio,Decisão,Definir autoridade de arquivos,Formalizar JSON+histórico e MPK derivado; resolver ADR-002.,docs/adr/002-file-truth.md,Recuperação tem precedência determinística e não escolhe fonte por timestamp arbitrário.,SL-S02-02,R02; R04; R05; R11; R13; R32; R37,Não iniciado,P0,Crítico,Obrigatória no escopo da versão,Autor,,,reports/S02/SL-S02-03.md,,,PENDENTE,
15,SL-S02-04,v0.0.1,S02,Vault / contratos,Próprio,Contrato,Especificar perfil Markdown,"Listar blocos suportados e representação de frontmatter, IDs, tabelas e citações.",docs/adr/005-markdown-profile.md,"Cada bloco possui round-trip previsto; recurso não representável é preservado ou recusado, não achatado.",SL-S02-03,R02; R04; R05; R11; R13; R32; R37,Não iniciado,P0,Crítico,Obrigatória no escopo da versão,Autor + agente de IA,,,reports/S02/SL-S02-04.md,,,PENDENTE,
16,SL-S02-05,v0.0.1,S02,Vault / contratos,Próprio,Contrato,Especificar topologia,"Registrar posições, dimensões, grupos, conexões, rótulos e referências de conteúdo.",schemas/board-v0.json,Ciclos e arestas entre grupos são representáveis sem duplicar conteúdo.,SL-S02-04,R02; R04; R05; R11; R13; R32; R37,Não iniciado,P0,Crítico,Obrigatória no escopo da versão,Autor + agente de IA,,,reports/S02/SL-S02-05.md,,,PENDENTE,
17,SL-S02-06,v0.0.1,S02,Vault / contratos,Próprio,Contrato,Especificar revisões e eventos,"Definir base_revision, operação, autor, origem IA e marcador de confirmação.",schemas/event-v0.json,Evento não confirmado é distinguível de estado salvo; replay e conflitos têm regras explícitas.,SL-S02-05,R02; R04; R05; R11; R13; R32; R37,Não iniciado,P0,Crítico,Obrigatória no escopo da versão,Autor + agente de IA,,,reports/S02/SL-S02-06.md,,,PENDENTE,
18,SL-S02-07,v0.0.1,S02,Vault / contratos,Próprio,Contrato,Especificar evidência,"Combinar source_id, revisão, trecho, localizador, hash e bloco de destino.",schemas/evidence-v0.json,Referência distingue texto citado de comentário e não se torna inválida por renomeação.,SL-S02-06,R02; R04; R05; R11; R13; R32; R37,Não iniciado,P0,Crítico,Obrigatória no escopo da versão,Autor + agente de IA,,,reports/S02/SL-S02-07.md,,,PENDENTE,
19,SL-S02-08,v0.0.1,S02,Vault / contratos,Próprio,Contrato,Especificar metadados de IA,"Separar resumo gerado/editado, tags sugeridas/aceitas e identificação do pipeline.",schemas/enrichment-v0.json,Reprocessamento não sobrescreve correção humana; cobertura parcial pode ser declarada.,SL-S02-07,R02; R04; R05; R11; R13; R32; R37,Não iniciado,P0,Crítico,Obrigatória no escopo da versão,Autor + agente de IA,,,reports/S02/SL-S02-08.md,,,PENDENTE,
20,SL-S02-09,v0.0.1,S02,Vault / contratos,Próprio,Teste,Construir fixtures válidas e inválidas,"Criar um Vault mínimo, um completo e casos com campos desconhecidos.",tests/fixtures/schema/,"Validadores aceitam extensões permitidas e rejeitam IDs duplicados, tipos errados e referências impossíveis.",SL-S02-08,R02; R04; R05; R11; R13; R32; R37,Não iniciado,P0,Crítico,Obrigatória no escopo da versão,Autor + agente de IA,,,reports/S02/SL-S02-09.md,,,PENDENTE,
21,SL-S02-10,v0.0.1,S02,Vault / contratos,Próprio,Decisão,Definir evolução de schema,"Documentar migração, versão desconhecida, abertura somente leitura e exportação.",docs/contracts/schema-evolution.md,Um app antigo nunca regrava silenciosamente um formato novo que não compreende.,SL-S02-09,R02; R04; R05; R11; R13; R32; R37,Não iniciado,P0,Crítico,Obrigatória no escopo da versão,Autor,,,reports/S02/SL-S02-10.md,,,PENDENTE,
22,SL-S02-GATE,v0.0.1,S02,Vault / contratos,Aceite humano,Gate,"Aceitar S02 — Definir formatos, identidade e autoridade","Revisar as dez tarefas, executar a demonstração do sprint, confrontar critérios e registrar decisão go/no-go.",reports/S02/acceptance.md,Fixtures independentes dos motores representam uma mesa e uma Peça completas. Todas as dependências aceitas; evidências vinculadas a revisão/ambiente; nenhum blocker de integridade/segurança.,SL-S02-01; SL-S02-02; SL-S02-03; SL-S02-04; SL-S02-05; SL-S02-06; SL-S02-07; SL-S02-08; SL-S02-09; SL-S02-10,R02; R04; R05; R11; R13; R32; R37,Não iniciado,P0,Crítico,Obrigatória para fechar a versão aprovada,Autor,,,reports/S02/acceptance.md,,,PENDENTE,
23,SL-S03-01,v0.0.1,S03,Todos os motores / licenças,Desconstrução,Upstream,Inventariar repositórios,"Registrar URL, licença observada, linguagens, releases e componentes transitivos críticos.",upstream/catalog.yaml,"BlockSuite, PageIndex, Docling, Jev, Qdrant, HelixDB, Scrapling, SearxNG e LocalAI estão cobertos.",SL-S01-GATE; SL-S02-GATE,R03; R30; R33; R34,Não iniciado,P0,Crítico,Obrigatória no escopo da versão,Autor + agente de IA,,,reports/S03/SL-S03-01.md,,,PENDENTE,
24,SL-S03-02,v0.0.1,S03,Todos os motores / licenças,Desconstrução,Upstream,Criar manifesto de origem,"Definir campos commit/tag, hashes, patches, avisos e comando de build.",upstream/manifest.schema.json,Nenhum componente empacotado pode usar latest ou branch móvel sem resolução para uma revisão.,SL-S03-01,R03; R30; R33; R34,Não iniciado,P0,Crítico,Obrigatória no escopo da versão,Autor + agente de IA,,,reports/S03/SL-S03-02.md,,,PENDENTE,
25,SL-S03-03,v0.0.1,S03,Todos os motores / licenças,Desconstrução,Licença,Examinar BlockSuite por árvore,Distinguir standalone de AFFiNE e fechar o inventário dos arquivos candidatos.,docs/legal/blocksuite-scope.md,Licença não é inferida apenas pelo nome do projeto ou por um único package.json.,SL-S03-02,R03; R30; R33; R34,Não iniciado,P0,Crítico,Obrigatória no escopo da versão,Autor,,,reports/S03/SL-S03-03.md,,,PENDENTE,
26,SL-S03-04,v0.0.1,S03,Todos os motores / licenças,Desconstrução,Licença,Examinar SearxNG e modelos,"Separar código AGPL, integração por API e termos dos pesos/backends.",docs/legal/component-obligations.md,"Fonte correspondente, avisos e redistribuição estão mapeados por artefato.",SL-S03-03,R03; R30; R33; R34,Não iniciado,P0,Crítico,Obrigatória no escopo da versão,Autor,,,reports/S03/SL-S03-04.md,,,PENDENTE,
27,SL-S03-05,v0.0.1,S03,Todos os motores / licenças,Desconstrução,Decisão,Ratificar licença própria,Resolver ADR-003; explicar operação não comercial versus direitos open source de terceiros.,docs/adr/003-license.md,Licença aprovada sem cláusula non-commercial incompatível disfarçada de open source.,SL-S03-04,R03; R30; R33; R34,Não iniciado,P0,Crítico,Obrigatória no escopo da versão,Autor,,,reports/S03/SL-S03-05.md,,,PENDENTE,
28,SL-S03-06,v0.0.1,S03,Todos os motores / licenças,Desconstrução,Upstream,Delimitar reutilização,"Marcar bibliotecas, adapters, forks mínimos e serviços; excluir UIs completas e stores concorrentes.",docs/architecture/reuse-map.md,Cada motor tem lista de incluir/excluir e interfaces Sandland responsáveis pela autoridade.,SL-S03-05,R03; R30; R33; R34,Não iniciado,P0,Crítico,Obrigatória no escopo da versão,Autor + agente de IA,,,reports/S03/SL-S03-06.md,,,PENDENTE,
29,SL-S03-07,v0.0.1,S03,Todos os motores / licenças,Desconstrução,Upstream,Definir política de patches,Criar série pequena e reprodutível; separar correções genéricas de customizações.,upstream/PATCH_POLICY.md,Um fork pode ser rebaseado e sua diferença para upstream pode ser enumerada.,SL-S03-06,R03; R30; R33; R34,Não iniciado,P0,Crítico,Obrigatória no escopo da versão,Autor + agente de IA,,,reports/S03/SL-S03-07.md,,,PENDENTE,
30,SL-S03-08,v0.0.1,S03,Todos os motores / licenças,Desconstrução,Governança,Preparar avisos e SBOM,"Criar estrutura de LICENSES, NOTICE e inventário de dependências.",compliance/,Não há licença de terceiros substituída pela licença própria sem base legal.,SL-S03-07,R03; R30; R33; R34,Não iniciado,P0,Crítico,Obrigatória no escopo da versão,Autor,,,reports/S03/SL-S03-08.md,,,PENDENTE,
31,SL-S03-09,v0.0.1,S03,Todos os motores / licenças,Desconstrução,Governança,Definir ciclo de atualização,"Fixar auditoria, testes diferenciais, rollback e prioridade para vulnerabilidades.",docs/maintenance/upstream.md,Atualização sem evidência não chega automaticamente ao usuário ou altera modelos instalados.,SL-S03-08,R03; R30; R33; R34,Não iniciado,P0,Crítico,Obrigatória no escopo da versão,Autor,,,reports/S03/SL-S03-09.md,,,PENDENTE,
32,SL-S03-10,v0.0.1,S03,Todos os motores / licenças,Desconstrução,Decisão,Definir limites de spikes,"Para cada prova, listar pergunta, corpus, evidência mínima e decisão de continuar/replanejar.",docs/spikes/register.md,Relatório inconclusivo não vira integração aprovada; Qdrant e Helix têm protocolo comparável.,SL-S03-09,R03; R30; R33; R34,Não iniciado,P0,Crítico,Obrigatória no escopo da versão,Autor,,,reports/S03/SL-S03-10.md,,,PENDENTE,
33,SL-S03-GATE,v0.0.1,S03,Todos os motores / licenças,Aceite humano,Gate,Aceitar S03 — Inventariar upstreams e definir recortes,"Revisar as dez tarefas, executar a demonstração do sprint, confrontar critérios e registrar decisão go/no-go.",reports/S03/acceptance.md,"Cada motor tem origem rastreável, fronteira proposta e decisão de manter/extrair/adaptar. Todas as dependências aceitas; evidências vinculadas a revisão/ambiente; nenhum blocker de integridade/segurança.",SL-S03-01; SL-S03-02; SL-S03-03; SL-S03-04; SL-S03-05; SL-S03-06; SL-S03-07; SL-S03-08; SL-S03-09; SL-S03-10,R03; R30; R33; R34,Não iniciado,P0,Crítico,Obrigatória para fechar a versão aprovada,Autor,,,reports/S03/acceptance.md,,,PENDENTE,
34,SL-S04-01,v0.0.2,S04,Ferramentas / governança,Próprio,Implementação,Criar estrutura do monorepo,"Separar app desktop, crates, adapters, workers, schemas, fixtures e docs.",repository-layout.md,Dependências apontam para contratos e não para UI/estado privado de outro motor.,SL-S03-GATE,R03; R30; R33; R34,Não iniciado,P0,Crítico,Obrigatória no escopo da versão,Autor + agente de IA,,,reports/S04/SL-S04-01.md,,,PENDENTE,
35,SL-S04-02,v0.0.2,S04,Ferramentas / governança,Próprio,Implementação,Fixar toolchains,"Pin Rust, JS e runtimes necessários para desenvolvimento, sem instaladores globais implícitos.",toolchains.lock,Ambiente limpo reproduz versões; mudanças de versão são diff explícito.,SL-S04-01,R03; R30; R33; R34,Não iniciado,P0,Crítico,Obrigatória no escopo da versão,Autor + agente de IA,,,reports/S04/SL-S04-02.md,,,PENDENTE,
36,SL-S04-03,v0.0.2,S04,Ferramentas / governança,Próprio,Implementação,Configurar formatadores e lint,Definir regras por linguagem e exclusões de fontes vendorizadas.,tooling/lint/,Comando único reporta erros sem reformatar ou apagar avisos de arquivos upstream.,SL-S04-02,R03; R30; R33; R34,Não iniciado,P0,Crítico,Obrigatória no escopo da versão,Autor + agente de IA,,,reports/S04/SL-S04-03.md,,,PENDENTE,
37,SL-S04-04,v0.0.2,S04,Ferramentas / governança,Próprio,Implementação,Criar comandos de projeto,"Padronizar bootstrap, check, test, fixtures e pacote de evidências.",tooling/tasks/,"Comandos têm help, retorno de erro confiável e não dependem do histórico do shell.",SL-S04-03,R03; R30; R33; R34,Não iniciado,P0,Crítico,Obrigatória no escopo da versão,Autor + agente de IA,,,reports/S04/SL-S04-04.md,,,PENDENTE,
38,SL-S04-05,v0.0.2,S04,Ferramentas / governança,Próprio,Governança,Criar política de branches,Uma frente mutável principal; PRs pequenos com IDs de tarefa e rollback.,CONTRIBUTING.md,Dois agentes não alteram contratos compartilhados em paralelo sem acordo explícito.,SL-S04-04,R03; R30; R33; R34,Não iniciado,P0,Crítico,Obrigatória no escopo da versão,Autor,,,reports/S04/SL-S04-05.md,,,PENDENTE,
39,SL-S04-06,v0.0.2,S04,Ferramentas / governança,Próprio,Governança,Escrever instruções de agentes,"Delimitar arquivos, segredos, rede, testes obrigatórios e critérios de parada.",AGENTS.md,Agente não pode declarar testes executados sem logs nem aprovar a própria entrega.,SL-S04-05,R03; R30; R33; R34,Não iniciado,P0,Crítico,Obrigatória no escopo da versão,Autor,,,reports/S04/SL-S04-06.md,,,PENDENTE,
40,SL-S04-07,v0.0.2,S04,Ferramentas / governança,Próprio,Governança,Criar template de tarefa,"Incluir contrato, fixture, não escopo, aceite e evidências.",.github/ISSUE_TEMPLATE/task.yml,Tarefa pode ser entregue a novo agente sem depender de memória informal da conversa.,SL-S04-06,R03; R30; R33; R34,Não iniciado,P0,Crítico,Obrigatória no escopo da versão,Autor,,,reports/S04/SL-S04-07.md,,,PENDENTE,
41,SL-S04-08,v0.0.2,S04,Ferramentas / governança,Próprio,Governança,Criar template de PR,"Exigir origem de código, mudanças de schema, segurança, testes e artefatos.",.github/pull_request_template.md,PR sem evidências ou com teste pulado tem bloqueio explícito.,SL-S04-07,R03; R30; R33; R34,Não iniciado,P0,Crítico,Obrigatória no escopo da versão,Autor,,,reports/S04/SL-S04-08.md,,,PENDENTE,
42,SL-S04-09,v0.0.2,S04,Ferramentas / governança,Próprio,Implementação,Separar configuração e segredos,Fornecer arquivos de exemplo sem credenciais e política de logs.,config/examples/,Scanner detecta segredos plantados em fixture e não coleta dados reais do desenvolvedor.,SL-S04-08,R03; R30; R33; R34,Não iniciado,P0,Crítico,Obrigatória no escopo da versão,Autor + agente de IA,,,reports/S04/SL-S04-09.md,,,PENDENTE,
43,SL-S04-10,v0.0.2,S04,Ferramentas / governança,Próprio,Teste,Executar ensaio do fluxo,"Fazer alteração descartável em fixture, revisão adversarial e reversão.",reports/workflow-dry-run.md,"Histórico evidencia proposta, teste, revisão humana e rollback, sem merge automático por agente.",SL-S04-09,R03; R30; R33; R34,Não iniciado,P0,Crítico,Obrigatória no escopo da versão,Autor + agente de IA,,,reports/S04/SL-S04-10.md,,,PENDENTE,
44,SL-S04-GATE,v0.0.2,S04,Ferramentas / governança,Aceite humano,Gate,Aceitar S04 — Montar repositório e fluxo solo com IA,"Revisar as dez tarefas, executar a demonstração do sprint, confrontar critérios e registrar decisão go/no-go.",reports/S04/acceptance.md,Um agente implementa uma tarefa isolada e o autor consegue revisar o patch e seus testes. Todas as dependências aceitas; evidências vinculadas a revisão/ambiente; nenhum blocker de integridade/segurança.,SL-S04-01; SL-S04-02; SL-S04-03; SL-S04-04; SL-S04-05; SL-S04-06; SL-S04-07; SL-S04-08; SL-S04-09; SL-S04-10,R03; R30; R33; R34,Não iniciado,P0,Crítico,Obrigatória para fechar a versão aprovada,Autor,,,reports/S04/acceptance.md,,,PENDENTE,
45,SL-S05-01,v0.0.2,S05,Qualidade / desempenho,Próprio,Implementação,Montar CI de contratos,"Rodar schemas, lint e testes determinísticos sem chaves de serviços.",.github/workflows/check.yml,PR com schema inválido falha; CI básica passa sem acesso a Jev/BYOK.,SL-S04-GATE,R01; R09; R12; R15; R20; R34,Não iniciado,P1,Alto,Obrigatória no escopo da versão,Autor + agente de IA,,,reports/S05/SL-S05-01.md,,,PENDENTE,
46,SL-S05-02,v0.0.2,S05,Qualidade / desempenho,Próprio,Implementação,Criar matriz de builds,Incluir os cinco alvos quando suportado pelo ambiente; distinguir build e teste nativo.,ci/target-matrix.yaml,Painel não mostra target compilado como target funcionalmente homologado.,SL-S05-01,R01; R09; R12; R15; R20; R34,Não iniciado,P1,Alto,Obrigatória no escopo da versão,Autor + agente de IA,,,reports/S05/SL-S05-02.md,,,PENDENTE,
47,SL-S05-03,v0.0.2,S05,Qualidade / desempenho,Próprio,Teste,Montar corpus documental,"Reunir PDFs textuais/escaneados, DOCX, HTML, Markdown e transcrições com direitos de uso.",tests/corpus/manifest.json,"Cada item possui hash, idioma, formato e licença/origem; nenhum dado privado entra no repositório.",SL-S05-02,R01; R09; R12; R15; R20; R34,Não iniciado,P1,Alto,Obrigatória no escopo da versão,Autor + agente de IA,,,reports/S05/SL-S05-03.md,,,PENDENTE,
48,SL-S05-04,v0.0.2,S05,Qualidade / desempenho,Próprio,Teste,Montar corpus de busca,"Rotular perguntas, respostas esperadas, ausência de resposta e fontes em português.",tests/eval/retrieval-v1.jsonl,Conjunto de avaliação é separado dos exemplos usados para ajustar prompts e thresholds.,SL-S05-03,R01; R09; R12; R15; R20; R34,Não iniciado,P1,Alto,Obrigatória no escopo da versão,Autor + agente de IA,,,reports/S05/SL-S05-04.md,,,PENDENTE,
49,SL-S05-05,v0.0.2,S05,Qualidade / desempenho,Próprio,Teste,Criar corpus hostil,"Incluir traversal, HTML ativo, injeção de prompt, arquivos truncados e URLs internas.",tests/security/fixtures/,Cada fixture é inerte fora de harness controlado e tem comportamento negado esperado.,SL-S05-04,R01; R09; R12; R15; R20; R34,Não iniciado,P1,Alto,Obrigatória no escopo da versão,Autor + agente de IA,,,reports/S05/SL-S05-05.md,,,PENDENTE,
50,SL-S05-06,v0.0.2,S05,Qualidade / desempenho,Próprio,Decisão,Fixar métricas de memória,"Definir RAM/RSS/PSS/VRAM, processos incluídos e diferenças por SO.",docs/adr/007-resource-profiles.md,Meta de 350 MB não é validada medindo apenas o processo Rust.,SL-S05-05,R01; R09; R12; R15; R20; R34,Não iniciado,P0,Alto,Obrigatória no escopo da versão,Autor,,,reports/S05/SL-S05-06.md,,,PENDENTE,
51,SL-S05-07,v0.0.2,S05,Qualidade / desempenho,Próprio,Implementação,Criar harness de desempenho,"Medir startup interativo, ack IPC, latência de busca e frame times.",tooling/bench/,"Dados brutos incluem hardware, versão, dataset, warm/cold e repetição; não apenas médias soltas.",SL-S05-06,R01; R09; R12; R15; R20; R34,Não iniciado,P1,Alto,Obrigatória no escopo da versão,Autor + agente de IA,,,reports/S05/SL-S05-07.md,,,PENDENTE,
52,SL-S05-08,v0.0.2,S05,Qualidade / desempenho,Próprio,Teste,Gerar cenas sintéticas,"Criar boards de 100 e 1.000 nós com textos, imagens, grupos e conexões.",tests/fixtures/boards/,Cenas são determinísticas e não representam só caixas vazias favoráveis ao benchmark.,SL-S05-07,R01; R09; R12; R15; R20; R34,Não iniciado,P1,Alto,Obrigatória no escopo da versão,Autor + agente de IA,,,reports/S05/SL-S05-08.md,,,PENDENTE,
53,SL-S05-09,v0.0.2,S05,Qualidade / desempenho,Próprio,Implementação,Padronizar evidências,"Definir JSON de resultados e caminho por tarefa, hash de commit e ambiente.",schemas/evidence-report.json,"Relatório distingue executado, falhou, bloqueado e não executado; campo de aprovação é humano.",SL-S05-08,R01; R09; R12; R15; R20; R34,Não iniciado,P1,Alto,Obrigatória no escopo da versão,Autor + agente de IA,,,reports/S05/SL-S05-09.md,,,PENDENTE,
54,SL-S05-10,v0.0.2,S05,Qualidade / desempenho,Próprio,Teste,Validar a própria bancada,"Injetar regressão de tempo, erro de schema e ausência de runner.",reports/ci-self-test.md,"Cada situação gera falha ou estado bloqueado, nunca resultado verde fictício.",SL-S05-09,R01; R09; R12; R15; R20; R34,Não iniciado,P1,Alto,Obrigatória no escopo da versão,Autor + agente de IA,,,reports/S05/SL-S05-10.md,,,PENDENTE,
55,SL-S05-GATE,v0.0.2,S05,Qualidade / desempenho,Aceite humano,Gate,"Aceitar S05 — Construir CI, corpus e protocolo de medição","Revisar as dez tarefas, executar a demonstração do sprint, confrontar critérios e registrar decisão go/no-go.",reports/S05/acceptance.md,Falha introduzida em contrato bloqueia pipeline e um benchmark gera dados reproduzíveis. Todas as dependências aceitas; evidências vinculadas a revisão/ambiente; nenhum blocker de integridade/segurança.,SL-S05-01; SL-S05-02; SL-S05-03; SL-S05-04; SL-S05-05; SL-S05-06; SL-S05-07; SL-S05-08; SL-S05-09; SL-S05-10,R01; R09; R12; R15; R20; R34,Não iniciado,P0,Alto,Obrigatória para fechar a versão aprovada,Autor,,,reports/S05/acceptance.md,,,PENDENTE,
56,SL-S06-01,v0.0.2,S06,Tauri / apresentação,Integração,Implementação,Inicializar Tauri v2,Montar frontend mínimo e Core; manter motores pesados fora do startup.,apps/desktop/,"Shell abre sem modelos, browsers, servidores de pesquisa ou bibliotecas Python carregados.",SL-S04-GATE; SL-S05-GATE,R01; R03; R07; R08; R31; R34,Não iniciado,P0,Crítico,Obrigatória no escopo da versão,Autor + agente de IA,,,reports/S06/SL-S06-01.md,,,PENDENTE,
57,SL-S06-02,v0.0.2,S06,Tauri / apresentação,Integração,Implementação,Definir contratos IPC,"Versionar request/response, erros, IDs e cancelamento; gerar tipos onde possível.",schemas/ipc-v0.json,Frontend não chama comandos arbitrários ou APIs nativas por nomes não autorizados.,SL-S06-01,R01; R03; R07; R08; R31; R34,Não iniciado,P0,Crítico,Obrigatória no escopo da versão,Autor + agente de IA,,,reports/S06/SL-S06-02.md,,,PENDENTE,
58,SL-S06-03,v0.0.2,S06,Tauri / apresentação,Integração,Implementação,Configurar capabilities,Expor apenas comandos do app e aplicar CSP restritiva à apresentação.,apps/desktop/capabilities/,"Script de conteúdo não obtém acesso automático a filesystem, shell ou segredos.",SL-S06-02,R01; R03; R07; R08; R31; R34,Não iniciado,P0,Crítico,Obrigatória no escopo da versão,Autor + agente de IA,,,reports/S06/SL-S06-03.md,,,PENDENTE,
59,SL-S06-04,v0.0.2,S06,Tauri / apresentação,Integração,Implementação,Montar navegação de fases,"Criar estados Ingest, Mesa, Peça e ajustes sem duplicar dados por tela.",apps/desktop/src/shell/,Alternar fase não perde estado nem exige conta ou serviço remoto.,SL-S06-03,R01; R03; R07; R08; R31; R34,Não iniciado,P0,Crítico,Obrigatória no escopo da versão,Autor + agente de IA,,,reports/S06/SL-S06-04.md,,,PENDENTE,
60,SL-S06-05,v0.0.2,S06,Tauri / apresentação,Integração,Implementação,Implementar seleção de Vault,Usar diálogo nativo e raiz dinâmica; adiar leitura ao serviço autorizado.,crates/app-core/src/vault_selection.rs,Paths com espaços/Unicode funcionam e nenhuma raiz de usuário está hardcoded.,SL-S06-04,R01; R03; R07; R08; R31; R34,Não iniciado,P0,Crítico,Obrigatória no escopo da versão,Autor + agente de IA,,,reports/S06/SL-S06-05.md,,,PENDENTE,
61,SL-S06-06,v0.0.2,S06,Tauri / apresentação,Integração,Implementação,Criar estados de tarefa,"Padronizar vazio, carregando, falhou, bloqueado, offline e concluído.",apps/desktop/src/components/status/,Falha recuperável mostra ação útil e não fica em spinner infinito.,SL-S06-05,R01; R03; R07; R08; R31; R34,Não iniciado,P0,Crítico,Obrigatória no escopo da versão,Autor + agente de IA,,,reports/S06/SL-S06-06.md,,,PENDENTE,
62,SL-S06-07,v0.0.2,S06,Tauri / apresentação,Integração,Implementação,Preparar acessibilidade básica,"Dar nomes, foco e atalhos às regiões principais.",apps/desktop/src/accessibility/,Percurso essencial por teclado funciona sem mouse; foco não desaparece ao trocar de fase.,SL-S06-06,R01; R03; R07; R08; R31; R34,Não iniciado,P0,Crítico,Obrigatória no escopo da versão,Autor + agente de IA,,,reports/S06/SL-S06-07.md,,,PENDENTE,
63,SL-S06-08,v0.0.2,S06,Tauri / apresentação,Integração,Implementação,Integrar logs locais saneados,Emitir IDs e tempos sem incluir texto do Vault por padrão.,crates/diagnostics/,"Fixture sensível não aparece em log, erro serializado ou console da UI.",SL-S06-07,R01; R03; R07; R08; R31; R34,Não iniciado,P0,Crítico,Obrigatória no escopo da versão,Autor + agente de IA,,,reports/S06/SL-S06-08.md,,,PENDENTE,
64,SL-S06-09,v0.0.2,S06,Tauri / apresentação,Integração,Teste,Fazer smoke nos alvos disponíveis,"Abrir/fechar, selecionar pasta e testar IPC em ambientes reais.",reports/shell-targets/,"Ambiente não disponível é marcado bloqueado, com tarefa de acesso antes da homologação.",SL-S06-08,R01; R03; R07; R08; R31; R34,Não iniciado,P0,Crítico,Obrigatória no escopo da versão,Autor + agente de IA,,,reports/S06/SL-S06-09.md,,,PENDENTE,
65,SL-S06-10,v0.0.2,S06,Tauri / apresentação,Integração,Teste,Medir baseline vazio,Registrar árvore de processos e startup sem funcionalidades opcionais.,reports/baseline-shell.json,Baseline reproduzível permite atribuir consumo incremental a motores futuros.,SL-S06-09,R01; R03; R07; R08; R31; R34,Não iniciado,P0,Crítico,Obrigatória no escopo da versão,Autor + agente de IA,,,reports/S06/SL-S06-10.md,,,PENDENTE,
66,SL-S06-GATE,v0.0.2,S06,Tauri / apresentação,Aceite humano,Gate,Aceitar S06 — Criar shell desktop e contratos IPC,"Revisar as dez tarefas, executar a demonstração do sprint, confrontar critérios e registrar decisão go/no-go.",reports/S06/acceptance.md,"Instalar build de desenvolvimento, navegar e selecionar um diretório sem rede. Todas as dependências aceitas; evidências vinculadas a revisão/ambiente; nenhum blocker de integridade/segurança.",SL-S06-01; SL-S06-02; SL-S06-03; SL-S06-04; SL-S06-05; SL-S06-06; SL-S06-07; SL-S06-08; SL-S06-09; SL-S06-10,R01; R03; R07; R08; R31; R34,Não iniciado,P0,Crítico,Obrigatória para fechar a versão aprovada,Autor,,,reports/S06/acceptance.md,,,PENDENTE,
67,SL-S07-01,v0.1.0,S07,VaultStore / CAS,Próprio,Implementação,Criar lifecycle do Vault,"Abrir, criar, validar versão e recusar raiz inválida sem modificar seus arquivos.",crates/vault/src/lifecycle.rs,Pasta existente incompatível não é sobrescrita; erro aponta a causa.,SL-S02-GATE; SL-S06-GATE,R02; R04; R05; R07,Não iniciado,P0,Crítico,Obrigatória no escopo da versão,Autor + agente de IA,,,reports/S07/SL-S07-01.md,,,PENDENTE,
68,SL-S07-02,v0.1.0,S07,VaultStore / CAS,Próprio,Implementação,Implementar identidade,"Gerar IDs, detectar duplicatas e separar ID de localização atual.",crates/domain/src/identity.rs,Renomear não muda ID; cópia com ID repetido gera conflito tratável.,SL-S07-01,R02; R04; R05; R07,Não iniciado,P0,Crítico,Obrigatória no escopo da versão,Autor + agente de IA,,,reports/S07/SL-S07-02.md,,,PENDENTE,
69,SL-S07-03,v0.1.0,S07,VaultStore / CAS,Próprio,Implementação,Ler/escrever frontmatter,Preservar campos desconhecidos e tipos permitidos no perfil aprovado.,crates/vault/src/markdown.rs,Round-trip de fixtures não apaga extensões nem converte datas/strings inadvertidamente.,SL-S07-02,R02; R04; R05; R07,Não iniciado,P0,Crítico,Obrigatória no escopo da versão,Autor + agente de IA,,,reports/S07/SL-S07-03.md,,,PENDENTE,
70,SL-S07-04,v0.1.0,S07,VaultStore / CAS,Próprio,Implementação,Implementar CAS,"Calcular hash por streaming, detectar duplicatas e publicar arquivo completo.",crates/vault/src/assets.rs,Dois imports iguais compartilham bytes; interrupção não cria asset final parcial.,SL-S07-03,R02; R04; R05; R07,Não iniciado,P0,Crítico,Obrigatória no escopo da versão,Autor + agente de IA,,,reports/S07/SL-S07-04.md,,,PENDENTE,
71,SL-S07-05,v0.1.0,S07,VaultStore / CAS,Próprio,Implementação,Mapear referências de assets,Referenciar hash/tipo sem caminhos absolutos dependentes da máquina.,crates/domain/src/asset_ref.rs,Vault copiado para outra raiz continua resolvendo anexos.,SL-S07-04,R02; R04; R05; R07,Não iniciado,P0,Crítico,Obrigatória no escopo da versão,Autor + agente de IA,,,reports/S07/SL-S07-05.md,,,PENDENTE,
72,SL-S07-06,v0.1.0,S07,VaultStore / CAS,Próprio,Implementação,Criar workspace/célula,"Persistir manifest, board vazio e célula Markdown por contratos.",crates/vault/src/workspaces.rs,Criação incompleta é detectada e reparável sem gerar workspace invisível perdido.,SL-S07-05,R02; R04; R05; R07,Não iniciado,P0,Crítico,Obrigatória no escopo da versão,Autor + agente de IA,,,reports/S07/SL-S07-06.md,,,PENDENTE,
73,SL-S07-07,v0.1.0,S07,VaultStore / CAS,Próprio,Implementação,Implementar inventário por varredura,Ler arquivos canônicos sem exigir banco existente.,crates/vault/src/scan.rs,Inventário inicial retorna os mesmos IDs após remover índices derivados.,SL-S07-06,R02; R04; R05; R07,Não iniciado,P0,Crítico,Obrigatória no escopo da versão,Autor + agente de IA,,,reports/S07/SL-S07-07.md,,,PENDENTE,
74,SL-S07-08,v0.1.0,S07,VaultStore / CAS,Próprio,Implementação,Definir descarte e recuperação,Criar lixeira/tombstones sem destruir imediatamente a fonte de rollback.,crates/vault/src/deletion.rs,Excluir uma referência não apaga asset ainda usado por outra célula ou revisão.,SL-S07-07,R02; R04; R05; R07,Não iniciado,P0,Crítico,Obrigatória no escopo da versão,Autor + agente de IA,,,reports/S07/SL-S07-08.md,,,PENDENTE,
75,SL-S07-09,v0.1.0,S07,VaultStore / CAS,Próprio,Teste,Testar portabilidade de paths,"Cobrir Unicode, case sensitivity, nomes reservados e diretórios longos.",tests/vault/path-compat/,Casos não suportados são recusados com explicação em vez de truncados silenciosamente.,SL-S07-08,R02; R04; R05; R07,Não iniciado,P0,Crítico,Obrigatória no escopo da versão,Autor + agente de IA,,,reports/S07/SL-S07-09.md,,,PENDENTE,
76,SL-S07-10,v0.1.0,S07,VaultStore / CAS,Próprio,Teste,Criar ferramenta de inspeção,Listar invariantes e problemas em modo somente leitura.,tooling/vault-inspect/,"Ferramenta lê o Vault sem iniciar UI, modelos ou serviços externos.",SL-S07-09,R02; R04; R05; R07,Não iniciado,P0,Crítico,Obrigatória no escopo da versão,Autor + agente de IA,,,reports/S07/SL-S07-10.md,,,PENDENTE,
77,SL-S07-GATE,v0.1.0,S07,VaultStore / CAS,Aceite humano,Gate,"Aceitar S07 — Implementar Vault, identidade e assets","Revisar as dez tarefas, executar a demonstração do sprint, confrontar critérios e registrar decisão go/no-go.",reports/S07/acceptance.md,"Criar Vault, salvar nota/asset, fechar e listar os mesmos IDs ao reabrir. Todas as dependências aceitas; evidências vinculadas a revisão/ambiente; nenhum blocker de integridade/segurança.",SL-S07-01; SL-S07-02; SL-S07-03; SL-S07-04; SL-S07-05; SL-S07-06; SL-S07-07; SL-S07-08; SL-S07-09; SL-S07-10,R02; R04; R05; R07,Não iniciado,P0,Crítico,Obrigatória para fechar a versão aprovada,Autor,,,reports/S07/acceptance.md,,,PENDENTE,
78,SL-S08-01,v0.1.0,S08,Journal / RevisionStore,Próprio,Contrato,Especificar máquina de estados de commit,"Definir preparação, confirmação, publicação e replay idempotente.",docs/contracts/file-commit.md,Ordem de flush/rename e estado reconhecido após cada falha estão definidos por SO.,SL-S07-GATE,R02; R05; R13; R37,Não iniciado,P0,Crítico,Obrigatória no escopo da versão,Autor + agente de IA,,,reports/S08/SL-S08-01.md,,,PENDENTE,
79,SL-S08-02,v0.1.0,S08,Journal / RevisionStore,Próprio,Implementação,Criar escritor único,Serializar mutações por Vault e validar expected_revision.,crates/vault/src/writer.rs,Duas edições concorrentes não substituem uma à outra sem conflito explícito.,SL-S08-01,R02; R05; R13; R37,Não iniciado,P0,Crítico,Obrigatória no escopo da versão,Autor + agente de IA,,,reports/S08/SL-S08-02.md,,,PENDENTE,
80,SL-S08-03,v0.1.0,S08,Journal / RevisionStore,Próprio,Implementação,Persistir objetos de revisão,Armazenar snapshots/deltas necessários antes de anunciar commit.,crates/history/src/objects.rs,Toda revisão confirmada possui objetos íntegros para reconstrução.,SL-S08-02,R02; R05; R13; R37,Não iniciado,P0,Crítico,Obrigatória no escopo da versão,Autor + agente de IA,,,reports/S08/SL-S08-03.md,,,PENDENTE,
81,SL-S08-04,v0.1.0,S08,Journal / RevisionStore,Próprio,Implementação,Implementar journal,"Registrar eventos, integridade de registros e tratamento de cauda truncada.",crates/history/src/journal.rs,Registro parcial não invalida commits anteriores e não é executado como completo.,SL-S08-03,R02; R05; R13; R37,Não iniciado,P0,Crítico,Obrigatória no escopo da versão,Autor + agente de IA,,,reports/S08/SL-S08-04.md,,,PENDENTE,
82,SL-S08-05,v0.1.0,S08,Journal / RevisionStore,Próprio,Implementação,Publicar arquivos atômicos,"Usar temporários, flush e troca apropriada; documentar garantias reais de cada SO.",crates/vault/src/atomic_write.rs,Leitor observa versão anterior ou nova completa; falhas de disco são propagadas.,SL-S08-04,R02; R05; R13; R37,Não iniciado,P0,Crítico,Obrigatória no escopo da versão,Autor + agente de IA,,,reports/S08/SL-S08-05.md,,,PENDENTE,
83,SL-S08-06,v0.1.0,S08,Journal / RevisionStore,Próprio,Implementação,Implementar replay,Repetir operações confirmadas sem criar cópias ou efeitos extras.,crates/history/src/replay.rs,Executar replay duas vezes produz o mesmo estado e contagem de entidades.,SL-S08-05,R02; R05; R13; R37,Não iniciado,P0,Crítico,Obrigatória no escopo da versão,Autor + agente de IA,,,reports/S08/SL-S08-06.md,,,PENDENTE,
84,SL-S08-07,v0.1.0,S08,Journal / RevisionStore,Próprio,Implementação,Criar undo semântico,"Reverter edição, tag ou operação de board por nova operação registrada.",crates/history/src/undo.rs,Undo preserva proveniência e não apaga a existência do evento original.,SL-S08-06,R02; R05; R13; R37,Não iniciado,P0,Crítico,Obrigatória no escopo da versão,Autor + agente de IA,,,reports/S08/SL-S08-07.md,,,PENDENTE,
85,SL-S08-08,v0.1.0,S08,Journal / RevisionStore,Próprio,Implementação,Encadear eventos,"Definir serialização canônica, hashes e verificação do histórico.",crates/history/src/integrity.rs,Alteração detectada relativamente ao checkpoint confiável; limite de reescrita total documentado.,SL-S08-07,R02; R05; R13; R37,Não iniciado,P0,Crítico,Obrigatória no escopo da versão,Autor + agente de IA,,,reports/S08/SL-S08-08.md,,,PENDENTE,
86,SL-S08-09,v0.1.0,S08,Journal / RevisionStore,Próprio,Teste,Injetar falhas de I/O,"Simular disco cheio, permissão, flush/rename interrompidos e erro de objeto ausente.",tests/history/fault-injection/,App não informa salvo para commit não durável nem remove a única cópia válida.,SL-S08-08,R02; R05; R13; R37,Não iniciado,P0,Crítico,Obrigatória no escopo da versão,Autor + agente de IA,,,reports/S08/SL-S08-09.md,,,PENDENTE,
87,SL-S08-10,v0.1.0,S08,Journal / RevisionStore,Próprio,Teste,Medir janela de perda,Instrumentar timestamps de edição/commit e executar encerramentos controlados.,reports/durability-window.json,Janela de 500 ms é medida; teste de processo não é apresentado como teste de queda de energia.,SL-S08-09,R02; R05; R13; R37,Não iniciado,P0,Crítico,Obrigatória no escopo da versão,Autor + agente de IA,,,reports/S08/SL-S08-10.md,,,PENDENTE,
88,SL-S08-GATE,v0.1.0,S08,Journal / RevisionStore,Aceite humano,Gate,Aceitar S08 — Implementar transações de arquivos e histórico,"Revisar as dez tarefas, executar a demonstração do sprint, confrontar critérios e registrar decisão go/no-go.",reports/S08/acceptance.md,Interromper cada etapa de uma edição e recuperar o último estado confirmado. Todas as dependências aceitas; evidências vinculadas a revisão/ambiente; nenhum blocker de integridade/segurança.,SL-S08-01; SL-S08-02; SL-S08-03; SL-S08-04; SL-S08-05; SL-S08-06; SL-S08-07; SL-S08-08; SL-S08-09; SL-S08-10,R02; R05; R13; R37,Não iniciado,P0,Crítico,Obrigatória para fechar a versão aprovada,Autor,,,reports/S08/acceptance.md,,,PENDENTE,
89,SL-S09-01,v0.1.0,S09,VaultGuard / ToolBroker,Próprio,Contrato,Definir capabilities de I/O,"Vincular ator, workspace, objetos permitidos, operação, expiração e revisão.",schemas/io-capability.json,Capacidade de leitura não autoriza escrita nem acesso a outro workspace.,SL-S07-GATE; SL-S08-GATE,R06; R08; R34,Não iniciado,P0,Crítico,Obrigatória no escopo da versão,Autor + agente de IA,,,reports/S09/SL-S09-01.md,,,PENDENTE,
90,SL-S09-02,v0.1.0,S09,VaultGuard / ToolBroker,Próprio,Implementação,Implementar resolução por IDs,Converter referências em objetos autorizados dentro do Core.,crates/security/src/object_broker.rs,Texto vindo do modelo não pode se tornar path arbitrário por concatenação.,SL-S09-01,R06; R08; R34,Não iniciado,P0,Crítico,Obrigatória no escopo da versão,Autor + agente de IA,,,reports/S09/SL-S09-02.md,,,PENDENTE,
91,SL-S09-03,v0.1.0,S09,VaultGuard / ToolBroker,Próprio,Implementação,Implementar abertura Linux,Usar diretório-base/handle e resolução restrita conforme kernel disponível.,crates/security/src/fs/linux.rs,Troca de symlink durante acesso não sai do escopo; recurso ausente tem política fail-closed.,SL-S09-02,R06; R08; R34,Não iniciado,P0,Crítico,Obrigatória no escopo da versão,Autor + agente de IA,,,reports/S09/SL-S09-03.md,,,PENDENTE,
92,SL-S09-04,v0.1.0,S09,VaultGuard / ToolBroker,Próprio,Implementação,Implementar abertura Windows,"Tratar handles, reparse points, junctions e canonicalização por mecanismo efetivo.",crates/security/src/fs/windows.rs,Junction trocada e path especial não contornam a autorização.,SL-S09-03,R06; R08; R34,Não iniciado,P0,Crítico,Obrigatória no escopo da versão,Autor + agente de IA,,,reports/S09/SL-S09-04.md,,,PENDENTE,
93,SL-S09-05,v0.1.0,S09,VaultGuard / ToolBroker,Próprio,Implementação,Implementar abertura macOS,Usar primitivas relativas/handles e política de links consistente com o contrato.,crates/security/src/fs/macos.rs,Testes nativos demonstram contenção; não se reutiliza apenas canonicalize seguido de open.,SL-S09-04,R06; R08; R34,Não iniciado,P0,Crítico,Obrigatória no escopo da versão,Autor + agente de IA,,,reports/S09/SL-S09-05.md,,,PENDENTE,
94,SL-S09-06,v0.1.0,S09,VaultGuard / ToolBroker,Próprio,Implementação,Limitar leitura e escrita,"Aplicar tamanho, tipo e destino permitido; evitar arquivos especiais inesperados.",crates/security/src/io_limits.rs,Arquivo/dispositivo excessivo ou tipo indevido é rejeitado antes de consumo sem limite.,SL-S09-05,R06; R08; R34,Não iniciado,P0,Crítico,Obrigatória no escopo da versão,Autor + agente de IA,,,reports/S09/SL-S09-06.md,,,PENDENTE,
95,SL-S09-07,v0.1.0,S09,VaultGuard / ToolBroker,Próprio,Implementação,Autorizar fontes compartilhadas,Separar assets/origens read-only de conteúdo privado de workspaces.,crates/security/src/source_scope.rs,Fonte aprovada pode ser lida sem conceder o diretório global inteiro.,SL-S09-06,R06; R08; R34,Não iniciado,P0,Crítico,Obrigatória no escopo da versão,Autor + agente de IA,,,reports/S09/SL-S09-07.md,,,PENDENTE,
96,SL-S09-08,v0.1.0,S09,VaultGuard / ToolBroker,Próprio,Teste,Criar corridas controladas,Trocar symlinks/diretórios em loop de teste durante leituras.,tests/security/toctou/,Harness registra nenhuma leitura de sentinela externa; falhas não são ignoradas.,SL-S09-07,R06; R08; R34,Não iniciado,P0,Crítico,Obrigatória no escopo da versão,Autor + agente de IA,,,reports/S09/SL-S09-08.md,,,PENDENTE,
97,SL-S09-09,v0.1.0,S09,VaultGuard / ToolBroker,Próprio,Teste,Cobrir nomes hostis e hard links,"Definir política explícita e testar absolutos, UNC, traversal e links.",tests/security/path-policy/,Política é aplicada e limitações de hard links/mounts constam do relatório.,SL-S09-08,R06; R08; R34,Não iniciado,P0,Crítico,Obrigatória no escopo da versão,Autor + agente de IA,,,reports/S09/SL-S09-09.md,,,PENDENTE,
98,SL-S09-10,v0.1.0,S09,VaultGuard / ToolBroker,Próprio,Teste,Auditar APIs de filesystem,Procurar acessos diretos fora dos módulos autorizados e criar regra de revisão.,reports/security/fs-authority.md,Fluxos de aplicação não têm bypass conhecido do broker para operações com dados não confiáveis.,SL-S09-09,R06; R08; R34,Não iniciado,P0,Crítico,Obrigatória no escopo da versão,Autor + agente de IA,,,reports/S09/SL-S09-10.md,,,PENDENTE,
99,SL-S09-GATE,v0.1.0,S09,VaultGuard / ToolBroker,Aceite humano,Gate,Aceitar S09 — Implementar broker de arquivos e defesa TOCTOU,"Revisar as dez tarefas, executar a demonstração do sprint, confrontar critérios e registrar decisão go/no-go.",reports/S09/acceptance.md,Solicitar um arquivo permitido e negar escapes durante resolução e concorrência. Todas as dependências aceitas; evidências vinculadas a revisão/ambiente; nenhum blocker de integridade/segurança.,SL-S09-01; SL-S09-02; SL-S09-03; SL-S09-04; SL-S09-05; SL-S09-06; SL-S09-07; SL-S09-08; SL-S09-09; SL-S09-10,R06; R08; R34,Não iniciado,P0,Crítico,Obrigatória para fechar a versão aprovada,Autor,,,reports/S09/acceptance.md,,,PENDENTE,
100,SL-S10-01,v0.1.0,S10,Watcher / projeções,Próprio,Implementação,Integrar watcher,"Debounce eventos, distinguir escrita própria e tratar sequência rename/delete/create.",crates/vault/src/watch.rs,Uma escrita do Core não gera loop infinito de reimportação.,SL-S08-GATE; SL-S09-GATE,R02; R04; R05; R21,Não iniciado,P0,Crítico,Obrigatória no escopo da versão,Autor + agente de IA,,,reports/S10/SL-S10-01.md,,,PENDENTE,
101,SL-S10-02,v0.1.0,S10,Watcher / projeções,Próprio,Implementação,Criar reconciliação por scan,Comparar hashes/revisões e descobrir mudanças perdidas pelo watcher.,crates/vault/src/reconcile.rs,Eventos descartados intencionalmente são recuperados pela varredura posterior.,SL-S10-01,R02; R04; R05; R21,Não iniciado,P0,Crítico,Obrigatória no escopo da versão,Autor + agente de IA,,,reports/S10/SL-S10-02.md,,,PENDENTE,
102,SL-S10-03,v0.1.0,S10,Watcher / projeções,Próprio,Implementação,Resolver renomeação por ID,Atualizar localização sem recriar nota e sem quebrar referências.,crates/vault/src/relocation.rs,Citações e ocorrências continuam apontando para a mesma identidade.,SL-S10-02,R02; R04; R05; R21,Não iniciado,P0,Crítico,Obrigatória no escopo da versão,Autor + agente de IA,,,reports/S10/SL-S10-03.md,,,PENDENTE,
103,SL-S10-04,v0.1.0,S10,Watcher / projeções,Próprio,Implementação,Detectar edição concorrente,"Comparar base, estado em edição e mudança externa.",crates/domain/src/conflict.rs,Nenhuma estratégia last-write-wins silenciosa destrói alteração autoral.,SL-S10-03,R02; R04; R05; R21,Não iniciado,P0,Crítico,Obrigatória no escopo da versão,Autor + agente de IA,,,reports/S10/SL-S10-04.md,,,PENDENTE,
104,SL-S10-05,v0.1.0,S10,Watcher / projeções,Próprio,Implementação,Criar UI de conflito,"Mostrar versões, salvar cópia e permitir resolução explícita.",apps/desktop/src/conflicts/,Cancelar resolução conserva as duas versões e não bloqueia todo o Vault.,SL-S10-04,R02; R04; R05; R21,Não iniciado,P0,Crítico,Obrigatória no escopo da versão,Autor + agente de IA,,,reports/S10/SL-S10-05.md,,,PENDENTE,
105,SL-S10-06,v0.1.0,S10,Watcher / projeções,Próprio,Implementação,Criar projeção SQLite,Indexar inventário/revisões para navegação sem torná-lo canônico.,crates/index/src/catalog.rs,Apagar DB e reconstruir produz inventário equivalente ao scan direto.,SL-S10-05,R02; R04; R05; R21,Não iniciado,P0,Crítico,Obrigatória no escopo da versão,Autor + agente de IA,,,reports/S10/SL-S10-06.md,,,PENDENTE,
106,SL-S10-07,v0.1.0,S10,Watcher / projeções,Próprio,Implementação,Registrar eventos de invalidação,"Emitir mudança de texto, metadado e topologia separadamente.",crates/domain/src/change_events.rs,Mudança de posição não é tratada como alteração do corpo textual.,SL-S10-06,R02; R04; R05; R21,Não iniciado,P0,Crítico,Obrigatória no escopo da versão,Autor + agente de IA,,,reports/S10/SL-S10-07.md,,,PENDENTE,
107,SL-S10-08,v0.1.0,S10,Watcher / projeções,Próprio,Implementação,Invalidar tombstones,Remover projeções de itens excluídos e impedir ressurreição por job atrasado.,crates/index/src/tombstones.rs,Resultado de revisão anterior não recria material excluído.,SL-S10-07,R02; R04; R05; R21,Não iniciado,P0,Crítico,Obrigatória no escopo da versão,Autor + agente de IA,,,reports/S10/SL-S10-08.md,,,PENDENTE,
108,SL-S10-09,v0.1.0,S10,Watcher / projeções,Próprio,Teste,Testar importação externa parcial,"Cobrir arquivo ainda sendo escrito, frontmatter inválido e lock externo.",tests/vault/external-edits/,App aguarda/reporta erro sem normalizar arquivo incompleto de modo destrutivo.,SL-S10-08,R02; R04; R05; R21,Não iniciado,P0,Crítico,Obrigatória no escopo da versão,Autor + agente de IA,,,reports/S10/SL-S10-09.md,,,PENDENTE,
109,SL-S10-10,v0.1.0,S10,Watcher / projeções,Próprio,Teste,Validar reconstrução repetida,Executar rebuild em Vault com referências e conflitos conhecidos.,reports/rebuild-catalog.json,Duas reconstruções têm as mesmas entidades e não alteram arquivos canônicos.,SL-S10-09,R02; R04; R05; R21,Não iniciado,P0,Crítico,Obrigatória no escopo da versão,Autor + agente de IA,,,reports/S10/SL-S10-10.md,,,PENDENTE,
110,SL-S10-GATE,v0.1.0,S10,Watcher / projeções,Aceite humano,Gate,Aceitar S10 — Reconciliar alterações externas e reconstruir índices,"Revisar as dez tarefas, executar a demonstração do sprint, confrontar critérios e registrar decisão go/no-go.",reports/S10/acceptance.md,"Editar/renomear fora do app, perder um evento de watcher e reconciliar sem perda. Todas as dependências aceitas; evidências vinculadas a revisão/ambiente; nenhum blocker de integridade/segurança.",SL-S10-01; SL-S10-02; SL-S10-03; SL-S10-04; SL-S10-05; SL-S10-06; SL-S10-07; SL-S10-08; SL-S10-09; SL-S10-10,R02; R04; R05; R21,Não iniciado,P0,Crítico,Obrigatória para fechar a versão aprovada,Autor,,,reports/S10/acceptance.md,,,PENDENTE,
111,SL-S11-01,v0.1.0,S11,Vault / integração,Próprio,Implementação,Criar comando validate,"Inspecionar schemas, referências, objetos e journal sem efetuar reparo automático.",tooling/vault-cli/validate,"Relatório distingue erro canônico, cache inválido e aviso recuperável.",SL-S07-GATE; SL-S08-GATE; SL-S09-GATE; SL-S10-GATE,R02; R05; R06; R07; R29; R34,Não iniciado,P0,Crítico,Obrigatória no escopo da versão,Autor + agente de IA,,,reports/S11/SL-S11-01.md,,,PENDENTE,
112,SL-S11-02,v0.1.0,S11,Vault / integração,Próprio,Implementação,Criar comando rebuild,Recriar projeções a partir de snapshot coerente e trocar índice ao concluir.,tooling/vault-cli/rebuild,Interrupção conserva o índice anterior ou retorna modo degradado; não altera autoria.,SL-S11-01,R02; R05; R06; R07; R29; R34,Não iniciado,P0,Crítico,Obrigatória no escopo da versão,Autor + agente de IA,,,reports/S11/SL-S11-02.md,,,PENDENTE,
113,SL-S11-03,v0.1.0,S11,Vault / integração,Próprio,Implementação,Criar recuperação assistida,Listar revisões recuperáveis e pedir confirmação antes de publicar reparo.,tooling/vault-cli/recover,Preview corresponde ao resultado e existe ponto de retorno.,SL-S11-02,R02; R05; R06; R07; R29; R34,Não iniciado,P0,Crítico,Obrigatória no escopo da versão,Autor + agente de IA,,,reports/S11/SL-S11-03.md,,,PENDENTE,
114,SL-S11-04,v0.1.0,S11,Vault / integração,Próprio,Implementação,Criar exportação canônica,"Exportar manifest, textos, topologia, assets e histórico conforme perfil.",tooling/vault-cli/export,Vault exportado valida numa raiz diferente sem dados da máquina original.,SL-S11-03,R02; R05; R06; R07; R29; R34,Não iniciado,P0,Crítico,Obrigatória no escopo da versão,Autor + agente de IA,,,reports/S11/SL-S11-04.md,,,PENDENTE,
115,SL-S11-05,v0.1.0,S11,Vault / integração,Próprio,Teste,Executar matriz de crashes,Interromper commits em todos os pontos instrumentados e comparar resultados.,reports/v0.1/crash-matrix.json,Nenhum estado confirmado fica irrecuperável nas falhas modeladas.,SL-S11-04,R02; R05; R06; R07; R29; R34,Não iniciado,P0,Crítico,Obrigatória no escopo da versão,Autor + agente de IA,,,reports/S11/SL-S11-05.md,,,PENDENTE,
116,SL-S11-06,v0.1.0,S11,Vault / integração,Próprio,Teste,Executar ensaio de energia/disco,Documentar setup seguro e limitações; usar ambiente descartável apropriado.,reports/v0.1/power-failure.md,Não há afirmação de durabilidade física baseada apenas em matar processo.,SL-S11-05,R02; R05; R06; R07; R29; R34,Não iniciado,P0,Crítico,Obrigatória no escopo da versão,Autor + agente de IA,,,reports/S11/SL-S11-06.md,,,PENDENTE,
117,SL-S11-07,v0.1.0,S11,Vault / integração,Próprio,Teste,Apagar todos os caches,Remover SQL/MPK/projeções previstas e executar a recuperação completa.,reports/v0.1/cache-destruction.json,"Conteúdo, referências e histórico autoral são preservados byte a byte ou semanticamente conforme contrato.",SL-S11-06,R02; R05; R06; R07; R29; R34,Não iniciado,P0,Crítico,Obrigatória no escopo da versão,Autor + agente de IA,,,reports/S11/SL-S11-07.md,,,PENDENTE,
118,SL-S11-08,v0.1.0,S11,Vault / integração,Próprio,Documentação,Escrever manual do formato,"Explicar diretórios, autoridade, recovery e edição externa.",docs/vault/format-v0.md,Outro implementador consegue localizar dados sem abrir o app.,SL-S11-07,R02; R05; R06; R07; R29; R34,Não iniciado,P0,Crítico,Obrigatória no escopo da versão,Autor + agente de IA,,,reports/S11/SL-S11-08.md,,,PENDENTE,
119,SL-S11-09,v0.1.0,S11,Vault / integração,Próprio,Licença,Empacotar alpha técnica,"Anexar manifests, avisos, fontes e limitações dos alvos efetivamente testados.",release/v0.1.0/,Pacote não afirma conter editor/canvas/IA prontos nem homologação ausente.,SL-S11-08,R02; R05; R06; R07; R29; R34,Não iniciado,P0,Crítico,Obrigatória no escopo da versão,Autor,,,reports/S11/SL-S11-09.md,,,PENDENTE,
120,SL-S11-10,v0.1.0,S11,Vault / integração,Próprio,Teste,Gravar demonstração de aceite,Repetir jornada do sprint em instalação de desenvolvimento limpa.,reports/v0.1/acceptance.md,"Autor aprova com logs, hashes e pendências; problemas de integridade bloqueiam a tag.",SL-S11-09,R02; R05; R06; R07; R29; R34,Não iniciado,P0,Crítico,Obrigatória no escopo da versão,Autor + agente de IA,,,reports/S11/SL-S11-10.md,,,PENDENTE,
121,SL-S11-GATE,v0.1.0,S11,Vault / integração,Aceite humano,Gate,Aceitar S11 — Concluir v0.1: recuperação e diagnóstico do Vault,"Revisar as dez tarefas, executar a demonstração do sprint, confrontar critérios e registrar decisão go/no-go.",reports/S11/acceptance.md,"Criar, modificar, corromper um cache, reconstruir e exportar um Vault local. Todas as dependências aceitas; evidências vinculadas a revisão/ambiente; nenhum blocker de integridade/segurança.",SL-S11-01; SL-S11-02; SL-S11-03; SL-S11-04; SL-S11-05; SL-S11-06; SL-S11-07; SL-S11-08; SL-S11-09; SL-S11-10,R02; R05; R06; R07; R29; R34,Não iniciado,P0,Crítico,Obrigatória para fechar a versão aprovada,Autor,,,reports/S11/acceptance.md,,,PENDENTE,
122,SL-S12-01,v0.2.0,S12,BlockSuite / upstream,Desconstrução,Upstream,Revalidar origem e revisão,Escolher release/commit e árvore standalone/AFFiNE após auditar o recorte.,upstream/blocksuite/manifest.json,Revisão imutável e licenças por arquivo registradas; nenhuma decisão depende de canary flutuante.,SL-S03-GATE; SL-S04-GATE; SL-S06-GATE; SL-S11-GATE,R03; R10; R30; R33; R34,Não iniciado,P0,Crítico,Obrigatória no escopo da versão,Autor + agente de IA,,,reports/S12/SL-S12-01.md,,,PENDENTE,
123,SL-S12-02,v0.2.0,S12,BlockSuite / upstream,Desconstrução,Upstream,Reproduzir exemplo upstream,Executar editor mínimo com fixtures antes de modificar código.,reports/blocksuite/upstream-baseline.md,"Ambiente, comandos e comportamento original registrados; falha de origem não é atribuída ao adapter.",SL-S12-01,R03; R10; R30; R33; R34,Não iniciado,P0,Crítico,Obrigatória no escopo da versão,Autor + agente de IA,,,reports/S12/SL-S12-02.md,,,PENDENTE,
124,SL-S12-03,v0.2.0,S12,BlockSuite / upstream,Desconstrução,Upstream,Mapear grafo mínimo,"Rastrear store, std, rich-text, modelos, blocos e dependências workspace.",upstream/blocksuite/dependency-graph.json,Todas as dependências de runtime têm origem; copiar três diretórios não é presumido suficiente.,SL-S12-02,R03; R10; R30; R33; R34,Não iniciado,P0,Crítico,Obrigatória no escopo da versão,Autor + agente de IA,,,reports/S12/SL-S12-03.md,,,PENDENTE,
125,SL-S12-04,v0.2.0,S12,BlockSuite / upstream,Desconstrução,Upstream,Classificar componentes,"Separar edição, sync, gfx, copilot, cloud e componentes dependentes da aplicação.",docs/upstream/blocksuite-boundaries.md,Funcionalidades excluídas não reentram por import agregador não auditado.,SL-S12-03,R03; R10; R30; R33; R34,Não iniciado,P0,Crítico,Obrigatória no escopo da versão,Autor + agente de IA,,,reports/S12/SL-S12-04.md,,,PENDENTE,
126,SL-S12-05,v0.2.0,S12,BlockSuite / upstream,Desconstrução,Implementação,Criar pacote facade,"Expor criação/destruição, snapshot, comandos e eventos necessários ao Sandland.",adapters/blocksuite/,App não importa internals espalhados por toda a UI.,SL-S12-04,R03; R10; R30; R33; R34,Não iniciado,P0,Crítico,Obrigatória no escopo da versão,Autor + agente de IA,,,reports/S12/SL-S12-05.md,,,PENDENTE,
127,SL-S12-06,v0.2.0,S12,BlockSuite / upstream,Desconstrução,Implementação,Fechar resolução de pacotes,"Resolver workspace deps, assets e registro de custom elements sem duplicar Yjs.",adapters/blocksuite/build/,Build fora da árvore AFFiNE é reproduzível e não contém imports não resolvidos.,SL-S12-05,R03; R10; R30; R33; R34,Não iniciado,P0,Crítico,Obrigatória no escopo da versão,Autor + agente de IA,,,reports/S12/SL-S12-06.md,,,PENDENTE,
128,SL-S12-07,v0.2.0,S12,BlockSuite / upstream,Desconstrução,Implementação,Definir patch set mínimo,Isolar mudanças indispensáveis e manter comparação contra upstream.,upstream/blocksuite/patches/,Cada patch tem motivação/teste; removê-lo revela apenas a diferença documentada.,SL-S12-06,R03; R10; R30; R33; R34,Não iniciado,P0,Crítico,Obrigatória no escopo da versão,Autor + agente de IA,,,reports/S12/SL-S12-07.md,,,PENDENTE,
129,SL-S12-08,v0.2.0,S12,BlockSuite / upstream,Desconstrução,Teste,Testar ciclo mount/unmount,Montar/desmontar editores repetidamente e verificar observers/listeners.,tests/editor/lifecycle/,Editor destruído não recebe eventos nem mantém documentos órfãos conhecidos.,SL-S12-07,R03; R10; R30; R33; R34,Não iniciado,P0,Crítico,Obrigatória no escopo da versão,Autor + agente de IA,,,reports/S12/SL-S12-08.md,,,PENDENTE,
130,SL-S12-09,v0.2.0,S12,BlockSuite / upstream,Desconstrução,Decisão,Aprovar ADR editorial,"Fixar versão, recorte, risco, estratégia de atualização e fronteira com PixiJS.",docs/adr/008-editor-engine.md,Autor ratifica recorte; segundo canvas completo não é incorporado.,SL-S12-08,R03; R10; R30; R33; R34,Não iniciado,P0,Crítico,Obrigatória no escopo da versão,Autor,,,reports/S12/SL-S12-09.md,,,PENDENTE,
131,SL-S12-10,v0.2.0,S12,BlockSuite / upstream,Desconstrução,Teste,Medir pacote isolado,"Registrar bundle, memória e dependências carregadas sem app completo.",reports/blocksuite/isolation.json,Relatório permite atribuir overhead ao editor e não declara meta de produto já satisfeita.,SL-S12-09,R03; R10; R30; R33; R34,Não iniciado,P0,Crítico,Obrigatória no escopo da versão,Autor + agente de IA,,,reports/S12/SL-S12-10.md,,,PENDENTE,
132,SL-S12-GATE,v0.2.0,S12,BlockSuite / upstream,Aceite humano,Gate,Aceitar S12 — Extrair o recorte editorial do BlockSuite,"Revisar as dez tarefas, executar a demonstração do sprint, confrontar critérios e registrar decisão go/no-go.",reports/S12/acceptance.md,Editor mínimo funciona fora do monorepo de origem e sua origem/licença é rastreável. Todas as dependências aceitas; evidências vinculadas a revisão/ambiente; nenhum blocker de integridade/segurança.,SL-S12-01; SL-S12-02; SL-S12-03; SL-S12-04; SL-S12-05; SL-S12-06; SL-S12-07; SL-S12-08; SL-S12-09; SL-S12-10,R03; R10; R30; R33; R34,Não iniciado,P0,Crítico,Obrigatória para fechar a versão aprovada,Autor,,,reports/S12/acceptance.md,,,PENDENTE,
133,SL-S13-01,v0.2.0,S13,EditorBridge / formato,Adaptação,Contrato,Mapear blocos suportados,Associar cada tipo aprovado a modelos/views e representação Markdown.,adapters/blocksuite/block-map.json,Todo bloco habilitado possui entrada/saída; tipo experimental não aparece como persistível sem codec.,SL-S02-GATE; SL-S12-GATE,R02; R04; R10; R13; R32,Não iniciado,P0,Alto,Obrigatória no escopo da versão,Autor + agente de IA,,,reports/S13/SL-S13-01.md,,,PENDENTE,
134,SL-S13-02,v0.2.0,S13,EditorBridge / formato,Adaptação,Implementação,Importar texto estrutural,"Converter títulos, parágrafos, listas e blocos de código preservando conteúdo.",adapters/blocksuite/import/basic.ts,"Fixtures com listas aninhadas, código e caracteres especiais mantêm significado.",SL-S13-01,R02; R04; R10; R13; R32,Não iniciado,P1,Alto,Obrigatória no escopo da versão,Autor + agente de IA,,,reports/S13/SL-S13-02.md,,,PENDENTE,
135,SL-S13-03,v0.2.0,S13,EditorBridge / formato,Adaptação,Implementação,Importar estruturas ricas,"Tratar tabelas, citações, links e mídias no perfil suportado.",adapters/blocksuite/import/rich.ts,Elementos não suportados são preservados/opacos ou recusados explicitamente.,SL-S13-02,R02; R04; R10; R13; R32,Não iniciado,P1,Alto,Obrigatória no escopo da versão,Autor + agente de IA,,,reports/S13/SL-S13-03.md,,,PENDENTE,
136,SL-S13-04,v0.2.0,S13,EditorBridge / formato,Adaptação,Implementação,Exportar Markdown,Serializar a estrutura em ordem determinística sem depender da seleção visual.,adapters/blocksuite/export/markdown.ts,Exportação de documento completo não omite conteúdo fora da viewport.,SL-S13-03,R02; R04; R10; R13; R32,Não iniciado,P1,Alto,Obrigatória no escopo da versão,Autor + agente de IA,,,reports/S13/SL-S13-04.md,,,PENDENTE,
137,SL-S13-05,v0.2.0,S13,EditorBridge / formato,Adaptação,Implementação,Preservar frontmatter,Manter campos conhecidos/desconhecidos separados do estado de edição.,adapters/blocksuite/frontmatter.ts,Abrir/salvar não remove propriedades de ferramentas externas nem muda tipos indevidamente.,SL-S13-04,R02; R04; R10; R13; R32,Não iniciado,P1,Alto,Obrigatória no escopo da versão,Autor + agente de IA,,,reports/S13/SL-S13-05.md,,,PENDENTE,
138,SL-S13-06,v0.2.0,S13,EditorBridge / formato,Adaptação,Implementação,Preservar identidade de blocos,Associar IDs ao formato aprovado e reconciliar alterações externas.,adapters/blocksuite/identity.ts,Referência permanece estável em edição simples; mudança ambígua gera estado de reancoragem.,SL-S13-05,R02; R04; R10; R13; R32,Não iniciado,P1,Alto,Obrigatória no escopo da versão,Autor + agente de IA,,,reports/S13/SL-S13-06.md,,,PENDENTE,
139,SL-S13-07,v0.2.0,S13,EditorBridge / formato,Adaptação,Implementação,Resolver assets por referência,Trocar paths absolutos por IDs/hash e broker de leitura.,adapters/blocksuite/assets.ts,Conteúdo colado não injeta leitura de arquivo fora do Vault.,SL-S13-06,R02; R04; R10; R13; R32,Não iniciado,P1,Alto,Obrigatória no escopo da versão,Autor + agente de IA,,,reports/S13/SL-S13-07.md,,,PENDENTE,
140,SL-S13-08,v0.2.0,S13,EditorBridge / formato,Adaptação,Implementação,Preservar conteúdo desconhecido,Implementar nó opaco/estado read-only para extensão não compreendida.,adapters/blocksuite/unknown-block.ts,Documento novo aberto em versão antiga não perde extensão ao salvar conteúdo conhecido.,SL-S13-07,R02; R04; R10; R13; R32,Não iniciado,P1,Alto,Obrigatória no escopo da versão,Autor + agente de IA,,,reports/S13/SL-S13-08.md,,,PENDENTE,
141,SL-S13-09,v0.2.0,S13,EditorBridge / formato,Adaptação,Teste,Executar golden round-trip,"Comparar entrada, snapshot intermediário e saída com critérios sintáticos/semânticos definidos.",tests/editor/roundtrip/,"Formatação permitida pode normalizar, mas textos, IDs e referências não desaparecem.",SL-S13-08,R02; R04; R10; R13; R32,Não iniciado,P1,Alto,Obrigatória no escopo da versão,Autor + agente de IA,,,reports/S13/SL-S13-09.md,,,PENDENTE,
142,SL-S13-10,v0.2.0,S13,EditorBridge / formato,Adaptação,Teste,Fuzzar import/export,Gerar Markdown/frontmatter truncados e combinações de blocos.,tests/editor/codec-fuzz/,Erro é recuperável e não produz publicação parcial ou loop sem limite.,SL-S13-09,R02; R04; R10; R13; R32,Não iniciado,P1,Alto,Obrigatória no escopo da versão,Autor + agente de IA,,,reports/S13/SL-S13-10.md,,,PENDENTE,
143,SL-S13-GATE,v0.2.0,S13,EditorBridge / formato,Aceite humano,Gate,Aceitar S13 — Implementar ponte Markdown ↔ BlockSuite,"Revisar as dez tarefas, executar a demonstração do sprint, confrontar critérios e registrar decisão go/no-go.",reports/S13/acceptance.md,"Abrir Markdown externo, editar no BlockSuite e preservar a semântica e metadados. Todas as dependências aceitas; evidências vinculadas a revisão/ambiente; nenhum blocker de integridade/segurança.",SL-S13-01; SL-S13-02; SL-S13-03; SL-S13-04; SL-S13-05; SL-S13-06; SL-S13-07; SL-S13-08; SL-S13-09; SL-S13-10,R02; R04; R10; R13; R32,Não iniciado,P0,Alto,Obrigatória para fechar a versão aprovada,Autor,,,reports/S13/acceptance.md,,,PENDENTE,
144,SL-S14-01,v0.2.0,S14,BlockSuite / domínio,Integração,Implementação,Adaptar eventos de edição,Transformar mudanças do editor em operações com base_revision.,adapters/blocksuite/change-adapter.ts,Duas sessões desatualizadas não publicam sobre a mesma revisão sem conflito.,SL-S08-GATE; SL-S10-GATE; SL-S13-GATE,R04; R05; R10; R31,Não iniciado,P0,Crítico,Obrigatória no escopo da versão,Autor + agente de IA,,,reports/S14/SL-S14-01.md,,,PENDENTE,
145,SL-S14-02,v0.2.0,S14,BlockSuite / domínio,Integração,Implementação,Implementar fila de autosave,Agregar mudanças sem bloquear renderização e enviar ao escritor único.,apps/desktop/src/editor/save-queue.ts,Digitação permanece responsiva e erro de disco não é exibido como salvo.,SL-S14-01,R04; R05; R10; R31,Não iniciado,P0,Crítico,Obrigatória no escopo da versão,Autor + agente de IA,,,reports/S14/SL-S14-02.md,,,PENDENTE,
146,SL-S14-03,v0.2.0,S14,BlockSuite / domínio,Integração,Implementação,Exibir estados de persistência,"Diferenciar editando, pendente, confirmado, conflito e falha.",apps/desktop/src/editor/save-status.ts,Fechar com dados não confirmados alerta e conserva material recuperável.,SL-S14-02,R04; R05; R10; R31,Não iniciado,P0,Crítico,Obrigatória no escopo da versão,Autor + agente de IA,,,reports/S14/SL-S14-03.md,,,PENDENTE,
147,SL-S14-04,v0.2.0,S14,BlockSuite / domínio,Integração,Implementação,Integrar undo/redo,Delimitar histórico de edição em sessão e eventos semânticos duráveis.,crates/editor-domain/src/history.rs,Undo não atravessa silenciosamente uma alteração externa ou apaga proveniência.,SL-S14-03,R04; R05; R10; R31,Não iniciado,P0,Crítico,Obrigatória no escopo da versão,Autor + agente de IA,,,reports/S14/SL-S14-04.md,,,PENDENTE,
148,SL-S14-05,v0.2.0,S14,BlockSuite / domínio,Integração,Implementação,Integrar comandos e atalhos,"Mapear seleção, inserção, formatação e navegação ao shell.",apps/desktop/src/editor/commands.ts,Atalho de editor não dispara simultaneamente comando de canvas ou aplicação.,SL-S14-04,R04; R05; R10; R31,Não iniciado,P0,Crítico,Obrigatória no escopo da versão,Autor + agente de IA,,,reports/S14/SL-S14-05.md,,,PENDENTE,
149,SL-S14-06,v0.2.0,S14,BlockSuite / domínio,Integração,Implementação,Controlar clipboard,Importar texto/HTML/assets por pipeline seguro e apresentar resultado previsível.,apps/desktop/src/editor/clipboard.ts,Colagem de HTML não executa script e referências locais não autorizadas são negadas.,SL-S14-05,R04; R05; R10; R31,Não iniciado,P0,Crítico,Obrigatória no escopo da versão,Autor + agente de IA,,,reports/S14/SL-S14-06.md,,,PENDENTE,
150,SL-S14-07,v0.2.0,S14,BlockSuite / domínio,Integração,Implementação,Retomar rascunho após falha,Reconstruir documento a partir de revisão/checkpoint autorizado.,apps/desktop/src/editor/recovery.ts,Reabertura não depende de IndexedDB/Yjs como única fonte do conteúdo salvo.,SL-S14-06,R04; R05; R10; R31,Não iniciado,P0,Crítico,Obrigatória no escopo da versão,Autor + agente de IA,,,reports/S14/SL-S14-07.md,,,PENDENTE,
151,SL-S14-08,v0.2.0,S14,BlockSuite / domínio,Integração,Implementação,Tratar documento read-only,Exibir fontes imutáveis e sugerir criar nota/recorte para editar.,apps/desktop/src/editor/readonly.ts,Formatação/clipboard não conseguem modificar fonte marcada somente leitura pelo domínio.,SL-S14-07,R04; R05; R10; R31,Não iniciado,P0,Crítico,Obrigatória no escopo da versão,Autor + agente de IA,,,reports/S14/SL-S14-08.md,,,PENDENTE,
152,SL-S14-09,v0.2.0,S14,BlockSuite / domínio,Integração,Teste,Exercitar IME e seleção,"Cobrir composição de acentos, teclados diferentes e seleção extensa.",tests/editor/input/,Autosave e rerender não interrompem composição nem deslocam caret indevidamente.,SL-S14-08,R04; R05; R10; R31,Não iniciado,P0,Crítico,Obrigatória no escopo da versão,Autor + agente de IA,,,reports/S14/SL-S14-09.md,,,PENDENTE,
153,SL-S14-10,v0.2.0,S14,BlockSuite / domínio,Integração,Teste,Validar conflitos ponta a ponta,Editar o mesmo arquivo fora do app durante digitação.,reports/editor/concurrency.md,Usuário resolve o conflito e ambas as versões podem ser recuperadas.,SL-S14-09,R04; R05; R10; R31,Não iniciado,P0,Crítico,Obrigatória no escopo da versão,Autor + agente de IA,,,reports/S14/SL-S14-10.md,,,PENDENTE,
154,SL-S14-GATE,v0.2.0,S14,BlockSuite / domínio,Aceite humano,Gate,"Aceitar S14 — Integrar comandos, salvamento e undo editorial","Revisar as dez tarefas, executar a demonstração do sprint, confrontar critérios e registrar decisão go/no-go.",reports/S14/acceptance.md,"Editar, desfazer, conflitar com editor externo e recuperar sem cópia oculta no Yjs. Todas as dependências aceitas; evidências vinculadas a revisão/ambiente; nenhum blocker de integridade/segurança.",SL-S14-01; SL-S14-02; SL-S14-03; SL-S14-04; SL-S14-05; SL-S14-06; SL-S14-07; SL-S14-08; SL-S14-09; SL-S14-10,R04; R05; R10; R31,Não iniciado,P0,Crítico,Obrigatória para fechar a versão aprovada,Autor,,,reports/S14/acceptance.md,,,PENDENTE,
155,SL-S15-01,v0.2.0,S15,Editor / Tauri,Integração,Implementação,Criar lista e navegação de notas,"Usar inventário local e identidade, sem indexação semântica obrigatória.",apps/desktop/src/notes/,Renomeação preserva seleção e documento aberto.,SL-S14-GATE,R07; R09; R10; R31; R34,Não iniciado,P1,Alto,Obrigatória no escopo da versão,Autor + agente de IA,,,reports/S15/SL-S15-01.md,,,PENDENTE,
156,SL-S15-02,v0.2.0,S15,Editor / Tauri,Integração,Implementação,Criar ações de documento,"Novo, duplicar, mover, lixeira e restaurar usando o Core.",crates/editor-domain/src/doc_actions.rs,Duplicata possui nova identidade e restauração não sobrepõe outro arquivo existente.,SL-S15-01,R07; R09; R10; R31; R34,Não iniciado,P1,Alto,Obrigatória no escopo da versão,Autor + agente de IA,,,reports/S15/SL-S15-02.md,,,PENDENTE,
157,SL-S15-03,v0.2.0,S15,Editor / Tauri,Integração,Implementação,Implementar busca simples por título,Consultar inventário sem antecipar o backend vetorial.,apps/desktop/src/notes/title-search.ts,Funciona com modelos ausentes e não envia texto a serviço externo.,SL-S15-02,R07; R09; R10; R31; R34,Não iniciado,P1,Alto,Obrigatória no escopo da versão,Autor + agente de IA,,,reports/S15/SL-S15-03.md,,,PENDENTE,
158,SL-S15-04,v0.2.0,S15,Editor / Tauri,Integração,Implementação,Construir leitura segura,Renderizar links/assets e bloquear conteúdo ativo não pertencente ao app.,apps/desktop/src/reader/,Abrir nota hostil não acessa IPC privilegiado nem recursos remotos por padrão.,SL-S15-03,R07; R09; R10; R31; R34,Não iniciado,P1,Alto,Obrigatória no escopo da versão,Autor + agente de IA,,,reports/S15/SL-S15-04.md,,,PENDENTE,
159,SL-S15-05,v0.2.0,S15,Editor / Tauri,Integração,Implementação,Polir foco e teclado,"Definir sequência entre lista, editor, toolbar e estados de erro.",apps/desktop/src/notes/focus.ts,Jornada criar→editar→salvar→reabrir pode ser feita com teclado.,SL-S15-04,R07; R09; R10; R31; R34,Não iniciado,P1,Alto,Obrigatória no escopo da versão,Autor + agente de IA,,,reports/S15/SL-S15-05.md,,,PENDENTE,
160,SL-S15-06,v0.2.0,S15,Editor / Tauri,Integração,Teste,Comparar renderização entre WebViews,Executar corpus visual e de input nos alvos disponíveis.,tests/editor/webview-matrix/,Divergência tem issue e capacidade limitada; ausência de teste não é tratada como aprovação.,SL-S15-05,R07; R09; R10; R31; R34,Não iniciado,P1,Alto,Obrigatória no escopo da versão,Autor + agente de IA,,,reports/S15/SL-S15-06.md,,,PENDENTE,
161,SL-S15-07,v0.2.0,S15,Editor / Tauri,Integração,Teste,Medir sessões repetidas,Alternar documentos e destruir instâncias medindo memória residual.,reports/v0.2/editor-resources.json,Crescimento acumulativo fora do perfil aprovado bloqueia a release.,SL-S15-06,R07; R09; R10; R31; R34,Não iniciado,P1,Alto,Obrigatória no escopo da versão,Autor + agente de IA,,,reports/S15/SL-S15-07.md,,,PENDENTE,
162,SL-S15-08,v0.2.0,S15,Editor / Tauri,Integração,Teste,Validar autoria offline,"Bloquear rede, reiniciar e repetir edição/importação de Markdown.",reports/v0.2/offline.json,Zero egress inesperado e nenhuma dependência de autenticação remota.,SL-S15-07,R07; R09; R10; R31; R34,Não iniciado,P1,Alto,Obrigatória no escopo da versão,Autor + agente de IA,,,reports/S15/SL-S15-08.md,,,PENDENTE,
163,SL-S15-09,v0.2.0,S15,Editor / Tauri,Integração,Documentação,Publicar perfil suportado,"Listar blocos, atalhos, limites e comportamento de alterações externas.",docs/user/notes.md,Usuário sabe quando um bloco é opaco/read-only e como recuperar conteúdo.,SL-S15-08,R07; R09; R10; R31; R34,Não iniciado,P1,Alto,Obrigatória no escopo da versão,Autor + agente de IA,,,reports/S15/SL-S15-09.md,,,PENDENTE,
164,SL-S15-10,v0.2.0,S15,Editor / Tauri,Integração,Release,Preparar alpha de autoria,"Anexar corpus, origem BlockSuite, avisos e demonstração de reconstrução.",release/v0.2.0/,Caches do editor podem ser apagados sem perder notas confirmadas.,SL-S15-09,R07; R09; R10; R31; R34,Não iniciado,P1,Alto,Obrigatória no escopo da versão,Autor,,,reports/S15/SL-S15-10.md,,,PENDENTE,
165,SL-S15-GATE,v0.2.0,S15,Editor / Tauri,Aceite humano,Gate,Aceitar S15 — Entregar notas locais e homologar editor,"Revisar as dez tarefas, executar a demonstração do sprint, confrontar critérios e registrar decisão go/no-go.",reports/S15/acceptance.md,"Instalação limpa permite criar, editar, pesquisar por título e reabrir notas sem rede. Todas as dependências aceitas; evidências vinculadas a revisão/ambiente; nenhum blocker de integridade/segurança.",SL-S15-01; SL-S15-02; SL-S15-03; SL-S15-04; SL-S15-05; SL-S15-06; SL-S15-07; SL-S15-08; SL-S15-09; SL-S15-10,R07; R09; R10; R31; R34,Não iniciado,P0,Alto,Obrigatória para fechar a versão aprovada,Autor,,,reports/S15/acceptance.md,,,PENDENTE,
166,SL-S16-01,v0.3.0,S16,PixiJS / Whiteboard,Integração,Upstream,Fixar PixiJS e viewport,Escolher versões e APIs mínimas; registrar origem e controles de teardown.,upstream/pixi/manifest.json,Cena mínima reproduzível sem importar outro produto de whiteboard.,SL-S06-GATE; SL-S07-GATE; SL-S15-GATE,R11; R12; R31,Não iniciado,P1,Alto,Obrigatória no escopo da versão,Autor + agente de IA,,,reports/S16/SL-S16-01.md,,,PENDENTE,
167,SL-S16-02,v0.3.0,S16,PixiJS / Whiteboard,Integração,Implementação,Criar sistema de coordenadas,"Separar screen/world e documentar transformação, escala e precisão.",apps/desktop/src/board/coordinates.ts,Conversão ida/volta é testada em zooms extremos e escalas de tela.,SL-S16-01,R11; R12; R31,Não iniciado,P1,Alto,Obrigatória no escopo da versão,Autor + agente de IA,,,reports/S16/SL-S16-02.md,,,PENDENTE,
168,SL-S16-03,v0.3.0,S16,PixiJS / Whiteboard,Integração,Implementação,Criar câmera,"Pan, zoom ancorado ao cursor, fit e restauração de viewport.",apps/desktop/src/board/camera.ts,Zoom não altera posições canônicas dos nós.,SL-S16-02,R11; R12; R31,Não iniciado,P1,Alto,Obrigatória no escopo da versão,Autor + agente de IA,,,reports/S16/SL-S16-03.md,,,PENDENTE,
169,SL-S16-04,v0.3.0,S16,PixiJS / Whiteboard,Integração,Implementação,Renderizar cartões passivos,"Desenhar contorno, título, preview e placeholder de asset.",apps/desktop/src/board/card-renderer.ts,Cartão sem editor montado é legível e mantém identidade de domínio.,SL-S16-03,R11; R12; R31,Não iniciado,P1,Alto,Obrigatória no escopo da versão,Autor + agente de IA,,,reports/S16/SL-S16-04.md,,,PENDENTE,
170,SL-S16-05,v0.3.0,S16,PixiJS / Whiteboard,Integração,Implementação,Implementar seleção,"Clique, multiseleção, retângulo e limpar seleção com foco previsível.",apps/desktop/src/board/selection.ts,Seleção visual não modifica conteúdo e não inclui nós ocultos indevidos.,SL-S16-04,R11; R12; R31,Não iniciado,P1,Alto,Obrigatória no escopo da versão,Autor + agente de IA,,,reports/S16/SL-S16-05.md,,,PENDENTE,
171,SL-S16-06,v0.3.0,S16,PixiJS / Whiteboard,Integração,Implementação,Implementar drag/resize,Aplicar transformações temporárias e confirmar operação semântica ao terminar.,apps/desktop/src/board/manipulation.ts,Cancelar gesto restaura posição; não há commit por pixel movido.,SL-S16-05,R11; R12; R31,Não iniciado,P1,Alto,Obrigatória no escopo da versão,Autor + agente de IA,,,reports/S16/SL-S16-06.md,,,PENDENTE,
172,SL-S16-07,v0.3.0,S16,PixiJS / Whiteboard,Integração,Implementação,Implementar hit testing,"Separar alvos de cartão, conector, grupo e canvas.",apps/desktop/src/board/hit-test.ts,Zoom/escala não fazem clique em célula acionar widget vizinho.,SL-S16-06,R11; R12; R31,Não iniciado,P1,Alto,Obrigatória no escopo da versão,Autor + agente de IA,,,reports/S16/SL-S16-07.md,,,PENDENTE,
173,SL-S16-08,v0.3.0,S16,PixiJS / Whiteboard,Integração,Implementação,Criar previews limitados,Truncar apresentação sem truncar o conteúdo canônico.,apps/desktop/src/board/previews.ts,Texto oculto no preview continua presente e editável no documento.,SL-S16-07,R11; R12; R31,Não iniciado,P1,Alto,Obrigatória no escopo da versão,Autor + agente de IA,,,reports/S16/SL-S16-08.md,,,PENDENTE,
174,SL-S16-09,v0.3.0,S16,PixiJS / Whiteboard,Integração,Teste,Testar cena determinística,Reproduzir gestos e capturas em corpus de posições e tamanhos.,tests/board/scene-basic/,"Mesma sequência de comandos produz mesma topologia, sem depender de frame rate.",SL-S16-08,R11; R12; R31,Não iniciado,P1,Alto,Obrigatória no escopo da versão,Autor + agente de IA,,,reports/S16/SL-S16-09.md,,,PENDENTE,
175,SL-S16-10,v0.3.0,S16,PixiJS / Whiteboard,Integração,Teste,Medir frame time inicial,Registrar baseline com cenas sintéticas e identificar gargalos antes do LOD.,reports/board/scene-baseline.json,Resultado inclui hardware e payload; 60 FPS não é alegado por observação subjetiva.,SL-S16-09,R11; R12; R31,Não iniciado,P1,Alto,Obrigatória no escopo da versão,Autor + agente de IA,,,reports/S16/SL-S16-10.md,,,PENDENTE,
176,SL-S16-GATE,v0.3.0,S16,PixiJS / Whiteboard,Aceite humano,Gate,Aceitar S16 — Construir cena PixiJS e interação básica,"Revisar as dez tarefas, executar a demonstração do sprint, confrontar critérios e registrar decisão go/no-go.",reports/S16/acceptance.md,Criar e navegar por cartões mantendo coordenadas consistentes em diferentes zooms. Todas as dependências aceitas; evidências vinculadas a revisão/ambiente; nenhum blocker de integridade/segurança.,SL-S16-01; SL-S16-02; SL-S16-03; SL-S16-04; SL-S16-05; SL-S16-06; SL-S16-07; SL-S16-08; SL-S16-09; SL-S16-10,R11; R12; R31,Não iniciado,P0,Alto,Obrigatória para fechar a versão aprovada,Autor,,,reports/S16/acceptance.md,,,PENDENTE,
177,SL-S17-01,v0.3.0,S17,BoardService / topologia,Próprio,Implementação,Criar comandos de board,Adicionar/remover ocorrência e alterar posição/tamanho por revisão.,crates/board/src/commands.rs,Operação visual só fica confirmada após persistência no domínio.,SL-S08-GATE; SL-S10-GATE; SL-S16-GATE,R02; R05; R11; R22,Não iniciado,P0,Crítico,Obrigatória no escopo da versão,Autor + agente de IA,,,reports/S17/SL-S17-01.md,,,PENDENTE,
178,SL-S17-02,v0.3.0,S17,BoardService / topologia,Próprio,Implementação,Separar conteúdo/ocorrência,Referenciar nota por ID e manter propriedades locais no cartão.,crates/board/src/occurrences.rs,"Duas ocorrências editam o mesmo conteúdo, mas não compartilham coordenadas.",SL-S17-01,R02; R05; R11; R22,Não iniciado,P0,Crítico,Obrigatória no escopo da versão,Autor + agente de IA,,,reports/S17/SL-S17-02.md,,,PENDENTE,
179,SL-S17-03,v0.3.0,S17,BoardService / topologia,Próprio,Implementação,Implementar grupos,"Criar membership explícito, rótulo e limites geométricos.",crates/board/src/groups.rs,Proximidade não cria relação semântica por conta própria.,SL-S17-02,R02; R05; R11; R22,Não iniciado,P0,Crítico,Obrigatória no escopo da versão,Autor + agente de IA,,,reports/S17/SL-S17-03.md,,,PENDENTE,
180,SL-S17-04,v0.3.0,S17,BoardService / topologia,Próprio,Implementação,Implementar arestas,"Persistir direção, rótulo, origem manual/IA e endpoints válidos.",crates/board/src/edges.rs,Relações apoia/contradiz são distintas; loops/ciclos permitidos têm representação consistente.,SL-S17-03,R02; R05; R11; R22,Não iniciado,P0,Crítico,Obrigatória no escopo da versão,Autor + agente de IA,,,reports/S17/SL-S17-04.md,,,PENDENTE,
181,SL-S17-05,v0.3.0,S17,BoardService / topologia,Próprio,Implementação,Validar referência órfã,"Definir comportamento para nó removido, conteúdo ausente e fonte excluída.",crates/board/src/validation.rs,"Estado inconsistente aparece para reparo, sem remoção silenciosa de autoria.",SL-S17-04,R02; R05; R11; R22,Não iniciado,P0,Crítico,Obrigatória no escopo da versão,Autor + agente de IA,,,reports/S17/SL-S17-05.md,,,PENDENTE,
182,SL-S17-06,v0.3.0,S17,BoardService / topologia,Próprio,Implementação,Serializar JSON estável,Ordenar coleções por regra explícita e evitar ruído desnecessário de diff.,crates/board/src/codec_json.rs,Regravação sem mudança não produz diff semântico nem altera IDs.,SL-S17-05,R02; R05; R11; R22,Não iniciado,P0,Crítico,Obrigatória no escopo da versão,Autor + agente de IA,,,reports/S17/SL-S17-06.md,,,PENDENTE,
183,SL-S17-07,v0.3.0,S17,BoardService / topologia,Próprio,Implementação,Gerar MPK derivado,Vincular cache ao hash/schema da topologia e reconstruir quando inválido.,crates/board/src/cache_mpk.rs,MPK mais recente por timestamp não vence JSON/journal autoritativo.,SL-S17-06,R02; R05; R11; R22,Não iniciado,P0,Crítico,Obrigatória no escopo da versão,Autor + agente de IA,,,reports/S17/SL-S17-07.md,,,PENDENTE,
184,SL-S17-08,v0.3.0,S17,BoardService / topologia,Próprio,Implementação,Criar undo de operações espaciais,Agrupar drag/resize e manter alterações de relações reversíveis.,crates/board/src/undo.rs,Desfazer movimento não reverte indevidamente edição textual posterior.,SL-S17-07,R02; R05; R11; R22,Não iniciado,P0,Crítico,Obrigatória no escopo da versão,Autor + agente de IA,,,reports/S17/SL-S17-08.md,,,PENDENTE,
185,SL-S17-09,v0.3.0,S17,BoardService / topologia,Próprio,Teste,Testar topologias complexas,"Cobrir ciclos, referências cruzadas, grupos e múltiplas ocorrências.",tests/board/topology/,Nenhuma transformação para árvore apaga arestas canônicas.,SL-S17-08,R02; R05; R11; R22,Não iniciado,P0,Crítico,Obrigatória no escopo da versão,Autor + agente de IA,,,reports/S17/SL-S17-09.md,,,PENDENTE,
186,SL-S17-10,v0.3.0,S17,BoardService / topologia,Próprio,Teste,Executar reconstrução do board,Remover caches e reabrir após edições externas controladas.,reports/board/rebuild.json,"Geometria, grupos e relações são equivalentes ao estado confirmado.",SL-S17-09,R02; R05; R11; R22,Não iniciado,P0,Crítico,Obrigatória no escopo da versão,Autor + agente de IA,,,reports/S17/SL-S17-10.md,,,PENDENTE,
187,SL-S17-GATE,v0.3.0,S17,BoardService / topologia,Aceite humano,Gate,"Aceitar S17 — Persistir topologia, grupos e relações","Revisar as dez tarefas, executar a demonstração do sprint, confrontar critérios e registrar decisão go/no-go.",reports/S17/acceptance.md,"Criar ciclo de relações, agrupar, fechar, apagar MPK e reconstruir a mesma mesa. Todas as dependências aceitas; evidências vinculadas a revisão/ambiente; nenhum blocker de integridade/segurança.",SL-S17-01; SL-S17-02; SL-S17-03; SL-S17-04; SL-S17-05; SL-S17-06; SL-S17-07; SL-S17-08; SL-S17-09; SL-S17-10,R02; R05; R11; R22,Não iniciado,P0,Crítico,Obrigatória para fechar a versão aprovada,Autor,,,reports/S17/acceptance.md,,,PENDENTE,
188,SL-S18-01,v0.3.0,S18,PixiJS + BlockSuite,Adaptação,Contrato,Definir política de edição ativa,"Fixar limite de editores, modo overlay/painel e interação com seleção de cartão.",docs/contracts/board-editor.md,Número de nós não implica o mesmo número de documentos DOM montados.,SL-S14-GATE; SL-S17-GATE,R04; R10; R11; R12; R31,Não iniciado,P0,Alto,Obrigatória no escopo da versão,Autor + agente de IA,,,reports/S18/SL-S18-01.md,,,PENDENTE,
189,SL-S18-02,v0.3.0,S18,PixiJS + BlockSuite,Adaptação,Implementação,Posicionar overlay,Traduzir coordenadas world→screen e aplicar clipping/dimensões apropriadas.,apps/desktop/src/board/editor-overlay.ts,"Pan, zoom e resize de janela mantêm editor alinhado ao cartão selecionado.",SL-S18-01,R04; R10; R11; R12; R31,Não iniciado,P1,Alto,Obrigatória no escopo da versão,Autor + agente de IA,,,reports/S18/SL-S18-02.md,,,PENDENTE,
190,SL-S18-03,v0.3.0,S18,PixiJS + BlockSuite,Adaptação,Implementação,Gerenciar foco,Transferir foco entre canvas e editor sem conflitos de comandos.,apps/desktop/src/board/focus-controller.ts,Escape encerra edição conforme regra e não descarta alterações não salvas.,SL-S18-02,R04; R10; R11; R12; R31,Não iniciado,P1,Alto,Obrigatória no escopo da versão,Autor + agente de IA,,,reports/S18/SL-S18-03.md,,,PENDENTE,
191,SL-S18-04,v0.3.0,S18,PixiJS + BlockSuite,Adaptação,Implementação,Integrar caret/seleção,Manter seleção textual durante atualização de preview e mudanças de layout.,apps/desktop/src/board/text-selection.ts,Rerender do board não reposiciona caret a cada tecla.,SL-S18-03,R04; R10; R11; R12; R31,Não iniciado,P1,Alto,Obrigatória no escopo da versão,Autor + agente de IA,,,reports/S18/SL-S18-04.md,,,PENDENTE,
192,SL-S18-05,v0.3.0,S18,PixiJS + BlockSuite,Adaptação,Implementação,Tratar IME no overlay,Coordenar composição com autosave e término da edição.,apps/desktop/src/board/ime.ts,Acentos e composição não confirmada não são cortados por drag ou blur.,SL-S18-04,R04; R10; R11; R12; R31,Não iniciado,P1,Alto,Obrigatória no escopo da versão,Autor + agente de IA,,,reports/S18/SL-S18-05.md,,,PENDENTE,
193,SL-S18-06,v0.3.0,S18,PixiJS + BlockSuite,Adaptação,Implementação,Atualizar preview por revisão,Renderizar snapshot do conteúdo após mudança sem reabrir todos os editores.,apps/desktop/src/board/preview-cache.ts,Mover cartão não invalida cache textual; editar texto invalida o preview correto.,SL-S18-05,R04; R10; R11; R12; R31,Não iniciado,P1,Alto,Obrigatória no escopo da versão,Autor + agente de IA,,,reports/S18/SL-S18-06.md,,,PENDENTE,
194,SL-S18-07,v0.3.0,S18,PixiJS + BlockSuite,Adaptação,Implementação,Limitar montagem por visibilidade,Destruir instâncias passivas e preservar somente estado necessário.,apps/desktop/src/board/editor-pool.ts,Sessões repetidas não acumulam editores/observers ocultos.,SL-S18-06,R04; R10; R11; R12; R31,Não iniciado,P1,Alto,Obrigatória no escopo da versão,Autor + agente de IA,,,reports/S18/SL-S18-07.md,,,PENDENTE,
195,SL-S18-08,v0.3.0,S18,PixiJS + BlockSuite,Adaptação,Implementação,Criar modo de acessibilidade,Oferecer navegação em lista/estrutura correspondente à mesa.,apps/desktop/src/board/accessible-view.ts,Conteúdo e relações essenciais são acessíveis sem depender exclusivamente do WebGL.,SL-S18-07,R04; R10; R11; R12; R31,Não iniciado,P1,Alto,Obrigatória no escopo da versão,Autor + agente de IA,,,reports/S18/SL-S18-08.md,,,PENDENTE,
196,SL-S18-09,v0.3.0,S18,PixiJS + BlockSuite,Adaptação,Teste,Executar matriz de input visual,"Testar zoom, DPI, janelas e seleção atravessando mudanças de viewport.",tests/board/editor-overlay/,Nenhuma perda de texto/seleção crítica nos cenários homologados.,SL-S18-08,R04; R10; R11; R12; R31,Não iniciado,P1,Alto,Obrigatória no escopo da versão,Autor + agente de IA,,,reports/S18/SL-S18-09.md,,,PENDENTE,
197,SL-S18-10,v0.3.0,S18,PixiJS + BlockSuite,Adaptação,Teste,Medir limite ativo,"Abrir grande board, alternar edição e contar instâncias/memória.",reports/board/editor-pool.json,Limite aprovado é respeitado e consumo não cresce linearmente por editores inativos.,SL-S18-09,R04; R10; R11; R12; R31,Não iniciado,P1,Alto,Obrigatória no escopo da versão,Autor + agente de IA,,,reports/S18/SL-S18-10.md,,,PENDENTE,
198,SL-S18-GATE,v0.3.0,S18,PixiJS + BlockSuite,Aceite humano,Gate,Aceitar S18 — Integrar overlay BlockSuite à Mesa,"Revisar as dez tarefas, executar a demonstração do sprint, confrontar critérios e registrar decisão go/no-go.",reports/S18/acceptance.md,Editar uma célula em diferentes zooms e voltar à cena sem perder caret ou conteúdo. Todas as dependências aceitas; evidências vinculadas a revisão/ambiente; nenhum blocker de integridade/segurança.,SL-S18-01; SL-S18-02; SL-S18-03; SL-S18-04; SL-S18-05; SL-S18-06; SL-S18-07; SL-S18-08; SL-S18-09; SL-S18-10,R04; R10; R11; R12; R31,Não iniciado,P0,Alto,Obrigatória para fechar a versão aprovada,Autor,,,reports/S18/acceptance.md,,,PENDENTE,
199,SL-S19-01,v0.3.0,S19,Whiteboard / performance,Próprio,Implementação,Criar galeria de workspaces,"Abrir, criar, renomear e arquivar pílulas por identidade.",apps/desktop/src/workspaces/,Trocar workspace salva/expõe pendências e não mistura seleção/conteúdo entre boards.,SL-S16-GATE; SL-S17-GATE; SL-S18-GATE,R01; R09; R11; R12; R31,Não iniciado,P1,Alto,Obrigatória no escopo da versão,Autor + agente de IA,,,reports/S19/SL-S19-01.md,,,PENDENTE,
200,SL-S19-02,v0.3.0,S19,Whiteboard / performance,Próprio,Implementação,Implementar culling,Excluir da renderização elementos fora da câmera preservando dados do domínio.,apps/desktop/src/board/culling.ts,Nó invisível continua persistido e retorna corretamente ao viewport.,SL-S19-01,R01; R09; R11; R12; R31,Não iniciado,P1,Alto,Obrigatória no escopo da versão,Autor + agente de IA,,,reports/S19/SL-S19-02.md,,,PENDENTE,
201,SL-S19-03,v0.3.0,S19,Whiteboard / performance,Próprio,Implementação,Implementar níveis de detalhe,"Usar previews, títulos e proxies conforme zoom e orçamento.",apps/desktop/src/board/lod.ts,"Mudança de LOD não altera conteúdo, tamanho persistido ou alvo de interação.",SL-S19-02,R01; R09; R11; R12; R31,Não iniciado,P1,Alto,Obrigatória no escopo da versão,Autor + agente de IA,,,reports/S19/SL-S19-03.md,,,PENDENTE,
202,SL-S19-04,v0.3.0,S19,Whiteboard / performance,Próprio,Implementação,Controlar assets/texturas,Carregar imagens por demanda e liberar recursos gráficos não usados.,apps/desktop/src/board/texture-cache.ts,Alternar boards pesados não mantém todas as texturas residentes.,SL-S19-03,R01; R09; R11; R12; R31,Não iniciado,P1,Alto,Obrigatória no escopo da versão,Autor + agente de IA,,,reports/S19/SL-S19-04.md,,,PENDENTE,
203,SL-S19-05,v0.3.0,S19,Whiteboard / performance,Próprio,Implementação,Otimizar relações,Atualizar somente conectores afetados e aplicar estratégia para arestas fora da tela.,apps/desktop/src/board/edge-renderer.ts,Mover um nó não recalcula toda a cena sem necessidade demonstrada.,SL-S19-04,R01; R09; R11; R12; R31,Não iniciado,P1,Alto,Obrigatória no escopo da versão,Autor + agente de IA,,,reports/S19/SL-S19-05.md,,,PENDENTE,
204,SL-S19-06,v0.3.0,S19,Whiteboard / performance,Próprio,Implementação,Criar operações em lote,"Duplicar ocorrências, alinhar e agrupar com uma operação reversível.",crates/board/src/batch.rs,Cancelar/falhar não deixa lote parcialmente aplicado sem recuperação.,SL-S19-05,R01; R09; R11; R12; R31,Não iniciado,P1,Alto,Obrigatória no escopo da versão,Autor + agente de IA,,,reports/S19/SL-S19-06.md,,,PENDENTE,
205,SL-S19-07,v0.3.0,S19,Whiteboard / performance,Próprio,Implementação,Salvar viewport como preferência,Separar navegação pessoal da topologia autoral quando apropriado.,crates/board/src/view_state.rs,Pan sem mudança de conhecimento não gera ruído indevido no histórico autoral.,SL-S19-06,R01; R09; R11; R12; R31,Não iniciado,P1,Alto,Obrigatória no escopo da versão,Autor + agente de IA,,,reports/S19/SL-S19-07.md,,,PENDENTE,
206,SL-S19-08,v0.3.0,S19,Whiteboard / performance,Próprio,Teste,Medir cenas representativas,"Rodar benchmark de 100/1.000 nós, imagens e arestas densas.",reports/v0.3/frame-times.json,"Perfil documenta p95/frame time, recursos e limitações; regressões bloqueiam a tag.",SL-S19-07,R01; R09; R11; R12; R31,Não iniciado,P1,Alto,Obrigatória no escopo da versão,Autor + agente de IA,,,reports/S19/SL-S19-08.md,,,PENDENTE,
207,SL-S19-09,v0.3.0,S19,Whiteboard / performance,Próprio,Teste,Validar isolamento de workspace,Abrir vários boards e tentar resolver referências fora do escopo permitido.,tests/board/workspace-scope/,UI e broker respeitam política mesmo com cache de board anterior ainda existente.,SL-S19-08,R01; R09; R11; R12; R31,Não iniciado,P1,Alto,Obrigatória no escopo da versão,Autor + agente de IA,,,reports/S19/SL-S19-09.md,,,PENDENTE,
208,SL-S19-10,v0.3.0,S19,Whiteboard / performance,Próprio,Release,Publicar alpha da Mesa,"Gravar demo, limites, guia de teclado e relatório de reconstrução.",release/v0.3.0/,"Produto permite exploração espacial sem modelos, rede ou conta.",SL-S19-09,R01; R09; R11; R12; R31,Não iniciado,P1,Alto,Obrigatória no escopo da versão,Autor,,,reports/S19/SL-S19-10.md,,,PENDENTE,
209,SL-S19-GATE,v0.3.0,S19,Whiteboard / performance,Aceite humano,Gate,"Aceitar S19 — Concluir navegação, LOD e workspaces","Revisar as dez tarefas, executar a demonstração do sprint, confrontar critérios e registrar decisão go/no-go.",reports/S19/acceptance.md,Navegar entre boards de 100/1.000 nós e reconstruir a cena após reinício. Todas as dependências aceitas; evidências vinculadas a revisão/ambiente; nenhum blocker de integridade/segurança.,SL-S19-01; SL-S19-02; SL-S19-03; SL-S19-04; SL-S19-05; SL-S19-06; SL-S19-07; SL-S19-08; SL-S19-09; SL-S19-10,R01; R09; R11; R12; R31,Não iniciado,P0,Alto,Obrigatória para fechar a versão aprovada,Autor,,,reports/S19/acceptance.md,,,PENDENTE,
210,SL-S20-01,v0.4.0,S20,BlockSuite / Peça,Integração,Contrato,Definir entidade Peça,"Fixar identidade, revisões, vínculo com workspace e estado editorial.",schemas/piece-v0.json,Peça não é apenas uma célula com flag; pode ser exportada/reaberta independentemente do layout.,SL-S15-GATE; SL-S19-GATE,R04; R10; R13; R31,Não iniciado,P0,Alto,Obrigatória no escopo da versão,Autor + agente de IA,,,reports/S20/SL-S20-01.md,,,PENDENTE,
211,SL-S20-02,v0.4.0,S20,BlockSuite / Peça,Integração,Implementação,Criar lifecycle da Peça,"Novo, abrir, renomear, arquivar e restaurar pelo Core.",crates/piece/src/lifecycle.rs,Paths e nomes não alteram identidade nem colidem silenciosamente.,SL-S20-01,R04; R10; R13; R31,Não iniciado,P1,Alto,Obrigatória no escopo da versão,Autor + agente de IA,,,reports/S20/SL-S20-02.md,,,PENDENTE,
212,SL-S20-03,v0.4.0,S20,BlockSuite / Peça,Integração,Implementação,Montar editor editorial,Reutilizar facade BlockSuite com perfil e comandos apropriados à redação.,apps/desktop/src/piece/editor.ts,Não se cria outro motor de texto com codec divergente do usado nas notas.,SL-S20-02,R04; R10; R13; R31,Não iniciado,P1,Alto,Obrigatória no escopo da versão,Autor + agente de IA,,,reports/S20/SL-S20-03.md,,,PENDENTE,
213,SL-S20-04,v0.4.0,S20,BlockSuite / Peça,Integração,Implementação,Criar painel dockado,Abrir/retrair/redimensionar respeitando largura e foco do canvas.,apps/desktop/src/piece/dock.ts,Redimensionar não altera conteúdo nem dispara eventos espaciais de cartões.,SL-S20-03,R04; R10; R13; R31,Não iniciado,P1,Alto,Obrigatória no escopo da versão,Autor + agente de IA,,,reports/S20/SL-S20-04.md,,,PENDENTE,
214,SL-S20-05,v0.4.0,S20,BlockSuite / Peça,Integração,Implementação,Criar outline e navegação,Derivar headings da Peça e navegar por blocos estáveis.,apps/desktop/src/piece/outline.ts,Reordenar headings atualiza navegação sem quebrar IDs de citações preservados.,SL-S20-04,R04; R10; R13; R31,Não iniciado,P1,Alto,Obrigatória no escopo da versão,Autor + agente de IA,,,reports/S20/SL-S20-05.md,,,PENDENTE,
215,SL-S20-06,v0.4.0,S20,BlockSuite / Peça,Integração,Implementação,Integrar autosave editorial,Usar fila do Core e estado claro de publicação durável.,apps/desktop/src/piece/save.ts,Fechar painel não destrói edição pendente; conflito externo usa o mesmo protocolo.,SL-S20-05,R04; R10; R13; R31,Não iniciado,P1,Alto,Obrigatória no escopo da versão,Autor + agente de IA,,,reports/S20/SL-S20-06.md,,,PENDENTE,
216,SL-S20-07,v0.4.0,S20,BlockSuite / Peça,Integração,Implementação,Criar estados de produção,"Rascunho/finalizado ou estados aprovados, sem impor workflow excessivo.",crates/piece/src/editorial_state.rs,Estado é metadado canônico e não depende do índice de busca.,SL-S20-06,R04; R10; R13; R31,Não iniciado,P1,Alto,Obrigatória no escopo da versão,Autor + agente de IA,,,reports/S20/SL-S20-07.md,,,PENDENTE,
217,SL-S20-08,v0.4.0,S20,BlockSuite / Peça,Integração,Implementação,Preparar área de copiloto,"Criar região de propostas desativada sem modelo, sem bloquear editor.",apps/desktop/src/piece/copilot-shell.ts,Ausência de IA mantém funcionalidade editorial completa.,SL-S20-07,R04; R10; R13; R31,Não iniciado,P1,Alto,Obrigatória no escopo da versão,Autor + agente de IA,,,reports/S20/SL-S20-08.md,,,PENDENTE,
218,SL-S20-09,v0.4.0,S20,BlockSuite / Peça,Integração,Teste,Testar documentos longos,"Abrir Peças com listas, tabelas e citações além da viewport.",tests/piece/long-documents/,Salvamento/exportação inclui todo o documento e não só blocos montados.,SL-S20-08,R04; R10; R13; R31,Não iniciado,P1,Alto,Obrigatória no escopo da versão,Autor + agente de IA,,,reports/S20/SL-S20-09.md,,,PENDENTE,
219,SL-S20-10,v0.4.0,S20,BlockSuite / Peça,Integração,Teste,Validar edição simultânea de contextos,Alternar foco Mesa/Peça e inspecionar revisões.,reports/piece/focus-and-save.md,Comando de uma área não modifica documento da outra.,SL-S20-09,R04; R10; R13; R31,Não iniciado,P1,Alto,Obrigatória no escopo da versão,Autor + agente de IA,,,reports/S20/SL-S20-10.md,,,PENDENTE,
220,SL-S20-GATE,v0.4.0,S20,BlockSuite / Peça,Aceite humano,Gate,Aceitar S20 — Construir editor da Peça e layout editorial,"Revisar as dez tarefas, executar a demonstração do sprint, confrontar critérios e registrar decisão go/no-go.",reports/S20/acceptance.md,Abrir Peça vinculada ao workspace e editar enquanto consulta células. Todas as dependências aceitas; evidências vinculadas a revisão/ambiente; nenhum blocker de integridade/segurança.,SL-S20-01; SL-S20-02; SL-S20-03; SL-S20-04; SL-S20-05; SL-S20-06; SL-S20-07; SL-S20-08; SL-S20-09; SL-S20-10,R04; R10; R13; R31,Não iniciado,P0,Alto,Obrigatória para fechar a versão aprovada,Autor,,,reports/S20/acceptance.md,,,PENDENTE,
221,SL-S21-01,v0.4.0,S21,ProvenanceStore / Peça,Próprio,Contrato,Definir evento de inserção,"Registrar célula/revisão, fragmento, evidência e bloco de destino.",schemas/cell-forked-into-piece.json,Referência não se resume a ID+data e pode apontar ao texto efetivamente inserido.,SL-S17-GATE; SL-S20-GATE,R02; R05; R13; R37,Não iniciado,P0,Crítico,Obrigatória no escopo da versão,Autor + agente de IA,,,reports/S21/SL-S21-01.md,,,PENDENTE,
222,SL-S21-02,v0.4.0,S21,ProvenanceStore / Peça,Próprio,Implementação,Capturar snapshot da seleção,Resolver conteúdo na revisão exata antes de clonar.,crates/provenance/src/snapshot.rs,Edição concorrente da célula não altera o fragmento entre preview e confirmação.,SL-S21-01,R02; R05; R13; R37,Não iniciado,P0,Crítico,Obrigatória no escopo da versão,Autor + agente de IA,,,reports/S21/SL-S21-02.md,,,PENDENTE,
223,SL-S21-03,v0.4.0,S21,ProvenanceStore / Peça,Próprio,Implementação,Clonar blocos com nova identidade,Gerar IDs de destino e manter origem separada.,crates/piece/src/fork_insert.rs,Editar Peça não escreve de volta na célula e vice-versa.,SL-S21-02,R02; R05; R13; R37,Não iniciado,P0,Crítico,Obrigatória no escopo da versão,Autor + agente de IA,,,reports/S21/SL-S21-03.md,,,PENDENTE,
224,SL-S21-04,v0.4.0,S21,ProvenanceStore / Peça,Próprio,Implementação,Persistir texto citado e hash,Conservar trecho e localizador correspondente no formato aprovado.,crates/provenance/src/quote.rs,Texto citado pode ser verificado mesmo depois de renomear arquivo original.,SL-S21-03,R02; R05; R13; R37,Não iniciado,P0,Crítico,Obrigatória no escopo da versão,Autor + agente de IA,,,reports/S21/SL-S21-04.md,,,PENDENTE,
225,SL-S21-05,v0.4.0,S21,ProvenanceStore / Peça,Próprio,Implementação,Encadear fonte primária,Propagar referências de recorte até material/asset original quando existentes.,crates/provenance/src/chain.rs,Célula derivada não é apresentada como fonte primária independente.,SL-S21-04,R02; R05; R13; R37,Não iniciado,P0,Crítico,Obrigatória no escopo da versão,Autor + agente de IA,,,reports/S21/SL-S21-05.md,,,PENDENTE,
226,SL-S21-06,v0.4.0,S21,ProvenanceStore / Peça,Próprio,Implementação,Renderizar citações clicáveis,"Navegar ao trecho/revisão, com estado para fonte ausente.",apps/desktop/src/piece/citations.ts,Clique não abre path externo sem autorização nem substitui silenciosamente revisão antiga.,SL-S21-05,R02; R05; R13; R37,Não iniciado,P0,Crítico,Obrigatória no escopo da versão,Autor + agente de IA,,,reports/S21/SL-S21-06.md,,,PENDENTE,
227,SL-S21-07,v0.4.0,S21,ProvenanceStore / Peça,Próprio,Implementação,Tratar atualização da fonte,"Mostrar divergência e oferecer comparação, sem atualização automática da Peça.",apps/desktop/src/piece/source-diff.ts,Mudança posterior da fonte não modifica a citação histórica.,SL-S21-06,R02; R05; R13; R37,Não iniciado,P0,Crítico,Obrigatória no escopo da versão,Autor + agente de IA,,,reports/S21/SL-S21-07.md,,,PENDENTE,
228,SL-S21-08,v0.4.0,S21,ProvenanceStore / Peça,Próprio,Implementação,Reverter inserção,Desfazer blocos e vínculos do mesmo evento preservando histórico.,crates/piece/src/undo_insert.rs,Undo não remove citações/assets ainda usados por outro trecho.,SL-S21-07,R02; R05; R13; R37,Não iniciado,P0,Crítico,Obrigatória no escopo da versão,Autor + agente de IA,,,reports/S21/SL-S21-08.md,,,PENDENTE,
229,SL-S21-09,v0.4.0,S21,ProvenanceStore / Peça,Próprio,Teste,Testar cadeias e duplicações,Inserir mesma célula várias vezes e citar recortes aninhados.,tests/provenance/fork/,Cada ocorrência possui destino próprio e origem inequívoca.,SL-S21-08,R02; R05; R13; R37,Não iniciado,P0,Crítico,Obrigatória no escopo da versão,Autor + agente de IA,,,reports/S21/SL-S21-09.md,,,PENDENTE,
230,SL-S21-10,v0.4.0,S21,ProvenanceStore / Peça,Próprio,Teste,Verificar referências após reconstrução,Apagar DB e caches editoriais e resolver todas as citações.,reports/provenance/rebuild.json,Cadeia é reconstruível exclusivamente dos arquivos e objetos canônicos.,SL-S21-09,R02; R05; R13; R37,Não iniciado,P0,Crítico,Obrigatória no escopo da versão,Autor + agente de IA,,,reports/S21/SL-S21-10.md,,,PENDENTE,
231,SL-S21-GATE,v0.4.0,S21,ProvenanceStore / Peça,Aceite humano,Gate,Aceitar S21 — Implementar fork-on-insert e cadeia de evidências,"Revisar as dez tarefas, executar a demonstração do sprint, confrontar critérios e registrar decisão go/no-go.",reports/S21/acceptance.md,"Arrastar célula, editar a fonte e comprovar que a Peça conserva o trecho inserido. Todas as dependências aceitas; evidências vinculadas a revisão/ambiente; nenhum blocker de integridade/segurança.",SL-S21-01; SL-S21-02; SL-S21-03; SL-S21-04; SL-S21-05; SL-S21-06; SL-S21-07; SL-S21-08; SL-S21-09; SL-S21-10,R02; R05; R13; R37,Não iniciado,P0,Crítico,Obrigatória para fechar a versão aprovada,Autor,,,reports/S21/acceptance.md,,,PENDENTE,
232,SL-S22-01,v0.4.0,S22,Peça / autoria completa,Próprio,Implementação,Criar navegação entre Peças,Listar por workspace e manter contexto de consulta à Mesa.,apps/desktop/src/piece/library.ts,Uma Peça não some quando seu painel é fechado ou o board é arquivado.,SL-S20-GATE; SL-S21-GATE,R02; R05; R07; R13; R29; R31,Não iniciado,P0,Crítico,Obrigatória no escopo da versão,Autor + agente de IA,,,reports/S22/SL-S22-01.md,,,PENDENTE,
233,SL-S22-02,v0.4.0,S22,Peça / autoria completa,Próprio,Implementação,Exibir histórico semântico,"Mostrar edições, inserções e autoria automática/humana.",apps/desktop/src/history/,Cada entrada resolve revisão válida e não depende exclusivamente de audit_log.db.,SL-S22-01,R02; R05; R07; R13; R29; R31,Não iniciado,P0,Crítico,Obrigatória no escopo da versão,Autor + agente de IA,,,reports/S22/SL-S22-02.md,,,PENDENTE,
234,SL-S22-03,v0.4.0,S22,Peça / autoria completa,Próprio,Implementação,Comparar revisões editoriais,Mostrar mudanças de texto/metadados e permitir restauração como nova revisão.,apps/desktop/src/piece/revision-diff.ts,Restaurar não apaga a linha temporal nem referências necessárias.,SL-S22-02,R02; R05; R07; R13; R29; R31,Não iniciado,P0,Crítico,Obrigatória no escopo da versão,Autor + agente de IA,,,reports/S22/SL-S22-03.md,,,PENDENTE,
235,SL-S22-04,v0.4.0,S22,Peça / autoria completa,Próprio,Implementação,Exportar Markdown portátil,Resolver caminhos relativos e incluir referências/manifest conforme perfil.,crates/export/src/markdown.rs,Arquivo exportado abre em editor comum e preserva texto/citações suportados.,SL-S22-03,R02; R05; R07; R13; R29; R31,Não iniciado,P0,Crítico,Obrigatória no escopo da versão,Autor + agente de IA,,,reports/S22/SL-S22-04.md,,,PENDENTE,
236,SL-S22-05,v0.4.0,S22,Peça / autoria completa,Próprio,Implementação,Exportar pacote de pesquisa,"Agrupar Peça, fontes autorizadas e mapa de proveniência opcional.",crates/export/src/research_bundle.rs,Export respeita escopo e não inclui todo o Vault por conveniência.,SL-S22-04,R02; R05; R07; R13; R29; R31,Não iniciado,P0,Crítico,Obrigatória no escopo da versão,Autor + agente de IA,,,reports/S22/SL-S22-05.md,,,PENDENTE,
237,SL-S22-06,v0.4.0,S22,Peça / autoria completa,Próprio,Implementação,Criar snapshot de backup local,Gerar cópia consistente com manifest e hashes sem rotina remota.,crates/backup/src/snapshot.rs,Snapshot valida após alterações posteriores no Vault ativo.,SL-S22-05,R02; R05; R07; R13; R29; R31,Não iniciado,P0,Crítico,Obrigatória no escopo da versão,Autor + agente de IA,,,reports/S22/SL-S22-06.md,,,PENDENTE,
238,SL-S22-07,v0.4.0,S22,Peça / autoria completa,Próprio,Implementação,Criar restauração de ensaio,Restaurar em diretório novo com confirmação e validação.,crates/backup/src/restore.rs,Nenhum arquivo existente é sobrescrito silenciosamente.,SL-S22-06,R02; R05; R07; R13; R29; R31,Não iniciado,P0,Crítico,Obrigatória no escopo da versão,Autor + agente de IA,,,reports/S22/SL-S22-07.md,,,PENDENTE,
239,SL-S22-08,v0.4.0,S22,Peça / autoria completa,Próprio,Teste,Validar ciclo integral offline,"Capturar nota manual, organizar, inserir na Peça, revisar e exportar com rede bloqueada.",reports/v0.4/offline-journey.md,Todos os passos essenciais funcionam sem credenciais/modelos.,SL-S22-07,R02; R05; R07; R13; R29; R31,Não iniciado,P0,Crítico,Obrigatória no escopo da versão,Autor + agente de IA,,,reports/S22/SL-S22-08.md,,,PENDENTE,
240,SL-S22-09,v0.4.0,S22,Peça / autoria completa,Próprio,Teste,Executar recuperação de autoria,"Interromper durante inserção e restauração, depois reconstruir caches.",tests/piece/recovery/,"Operação fica anterior ou recuperável, nunca com texto e citação divergentes sem detecção.",SL-S22-08,R02; R05; R07; R13; R29; R31,Não iniciado,P0,Crítico,Obrigatória no escopo da versão,Autor + agente de IA,,,reports/S22/SL-S22-09.md,,,PENDENTE,
241,SL-S22-10,v0.4.0,S22,Peça / autoria completa,Próprio,Release,Publicar alpha funcional local,Documentar limitações e preparar pacote com evidências.,release/v0.4.0/,Mantenedor consegue usar o app para trabalho real sem habilitar funcionalidades ainda não seguras.,SL-S22-09,R02; R05; R07; R13; R29; R31,Não iniciado,P0,Crítico,Obrigatória no escopo da versão,Autor,,,reports/S22/SL-S22-10.md,,,PENDENTE,
242,SL-S22-GATE,v0.4.0,S22,Peça / autoria completa,Aceite humano,Gate,"Aceitar S22 — Entregar produção local, histórico e exportação","Revisar as dez tarefas, executar a demonstração do sprint, confrontar critérios e registrar decisão go/no-go.",reports/S22/acceptance.md,"Produzir ensaio local, recuperar uma revisão e exportar texto com fontes. Todas as dependências aceitas; evidências vinculadas a revisão/ambiente; nenhum blocker de integridade/segurança.",SL-S22-01; SL-S22-02; SL-S22-03; SL-S22-04; SL-S22-05; SL-S22-06; SL-S22-07; SL-S22-08; SL-S22-09; SL-S22-10,R02; R05; R07; R13; R29; R31,Não iniciado,P0,Crítico,Obrigatória para fechar a versão aprovada,Autor,,,reports/S22/acceptance.md,,,PENDENTE,
243,SL-S23-01,v0.5.0,S23,JobScheduler / WorkerHost,Próprio,Decisão,Aprovar protocolo e isolamento,Resolver ADR-009; selecionar pipes/sockets/API local e escopo por tarefa.,docs/adr/009-workers.md,Processo auxiliar não compartilha implicitamente todos os direitos do Core.,SL-S09-GATE; SL-S11-GATE; SL-S22-GATE,R03; R05; R06; R08; R09,Não iniciado,P0,Crítico,Obrigatória no escopo da versão,Autor,,,reports/S23/SL-S23-01.md,,,PENDENTE,
244,SL-S23-02,v0.5.0,S23,JobScheduler / WorkerHost,Próprio,Contrato,Definir envelope de job,"Incluir IDs, revisão, input_refs, capacidade, orçamento, deadline e cancelamento.",schemas/job-v0.json,Job de revisão antiga é distinguível; payload inválido não inicia worker.,SL-S23-01,R03; R05; R06; R08; R09,Não iniciado,P0,Crítico,Obrigatória no escopo da versão,Autor + agente de IA,,,reports/S23/SL-S23-02.md,,,PENDENTE,
245,SL-S23-03,v0.5.0,S23,JobScheduler / WorkerHost,Próprio,Implementação,Implementar fila e estados,"Planejar pendente, em execução, retry, cancelado, bloqueado e concluído.",crates/jobs/src/state.rs,Reinício não duplica efeitos nem perde captura associada ao job.,SL-S23-02,R03; R05; R06; R08; R09,Não iniciado,P0,Crítico,Obrigatória no escopo da versão,Autor + agente de IA,,,reports/S23/SL-S23-03.md,,,PENDENTE,
246,SL-S23-04,v0.5.0,S23,JobScheduler / WorkerHost,Próprio,Implementação,Criar transporte local,"Fazer handshake, versão, limites de mensagem e identificação do processo.",crates/workers/src/transport.rs,Worker incompatível é recusado antes de receber dados.,SL-S23-03,R03; R05; R06; R08; R09,Não iniciado,P0,Crítico,Obrigatória no escopo da versão,Autor + agente de IA,,,reports/S23/SL-S23-04.md,,,PENDENTE,
247,SL-S23-05,v0.5.0,S23,JobScheduler / WorkerHost,Próprio,Implementação,Provisionar entradas restritas,Entregar handles/cópias snapshot e diretório temporário exclusivo.,crates/workers/src/inputs.rs,Worker não ganha o path do Vault inteiro como atalho.,SL-S23-04,R03; R05; R06; R08; R09,Não iniciado,P0,Crítico,Obrigatória no escopo da versão,Autor + agente de IA,,,reports/S23/SL-S23-05.md,,,PENDENTE,
248,SL-S23-06,v0.5.0,S23,JobScheduler / WorkerHost,Próprio,Implementação,Validar resultados,"Checar esquema, hashes, revisão e destino antes de aceitar proposta.",crates/workers/src/results.rs,Resultado atrasado/malformado não publica conteúdo sobre revisão nova.,SL-S23-05,R03; R05; R06; R08; R09,Não iniciado,P0,Crítico,Obrigatória no escopo da versão,Autor + agente de IA,,,reports/S23/SL-S23-06.md,,,PENDENTE,
249,SL-S23-07,v0.5.0,S23,JobScheduler / WorkerHost,Próprio,Implementação,Implementar cancelamento,"Encerrar tarefa, limpar temporários e controlar descendentes.",crates/workers/src/cancel.rs,Cancelamento não apaga originais nem deixa processo órfão conhecido.,SL-S23-06,R03; R05; R06; R08; R09,Não iniciado,P0,Crítico,Obrigatória no escopo da versão,Autor + agente de IA,,,reports/S23/SL-S23-07.md,,,PENDENTE,
250,SL-S23-08,v0.5.0,S23,JobScheduler / WorkerHost,Próprio,Implementação,Implementar quotas,Aplicar limites de CPU/memória/bytes/tempo por perfil e registrar consumo.,crates/workers/src/budget.rs,Worker que excede perfil falha de modo recuperável com causa identificada.,SL-S23-07,R03; R05; R06; R08; R09,Não iniciado,P0,Crítico,Obrigatória no escopo da versão,Autor + agente de IA,,,reports/S23/SL-S23-08.md,,,PENDENTE,
251,SL-S23-09,v0.5.0,S23,JobScheduler / WorkerHost,Próprio,Implementação,Criar backoff/idempotência,"Repetir apenas erros recuperáveis, com limite e chave de tarefa.",crates/jobs/src/retry.rs,"Retry não duplica documentos, cobrança autorizada ou eventos autorais.",SL-S23-08,R03; R05; R06; R08; R09,Não iniciado,P0,Crítico,Obrigatória no escopo da versão,Autor + agente de IA,,,reports/S23/SL-S23-09.md,,,PENDENTE,
252,SL-S23-10,v0.5.0,S23,JobScheduler / WorkerHost,Próprio,Teste,Simular worker hostil,"Tentar path extra, resposta excessiva, processo filho e resposta fora de ordem.",tests/workers/protocol/,Harness demonstra rejeição e nenhuma mutação canônica não autorizada.,SL-S23-09,R03; R05; R06; R08; R09,Não iniciado,P0,Crítico,Obrigatória no escopo da versão,Autor + agente de IA,,,reports/S23/SL-S23-10.md,,,PENDENTE,
253,SL-S23-GATE,v0.5.0,S23,JobScheduler / WorkerHost,Aceite humano,Gate,Aceitar S23 — Construir protocolo e supervisor de workers,"Revisar as dez tarefas, executar a demonstração do sprint, confrontar critérios e registrar decisão go/no-go.",reports/S23/acceptance.md,"Worker de teste recebe snapshot autorizado, falha/reinicia e devolve proposta validada. Todas as dependências aceitas; evidências vinculadas a revisão/ambiente; nenhum blocker de integridade/segurança.",SL-S23-01; SL-S23-02; SL-S23-03; SL-S23-04; SL-S23-05; SL-S23-06; SL-S23-07; SL-S23-08; SL-S23-09; SL-S23-10,R03; R05; R06; R08; R09,Não iniciado,P0,Crítico,Obrigatória para fechar a versão aprovada,Autor,,,reports/S23/acceptance.md,,,PENDENTE,
254,SL-S24-01,v0.5.0,S24,SandboxManager / Linux,Próprio,Implementação,Detectar recursos do kernel,"Verificar Landlock/ABI, seccomp e primitives necessárias antes de lançar job.",crates/sandbox/src/linux/probe.rs,Ausência de recurso obrigatório bloqueia a tarefa com explicação.,SL-S23-GATE,R01; R06; R08; R09,Não iniciado,P0,Crítico,Obrigatória no escopo da versão,Autor + agente de IA,,,reports/S24/SL-S24-01.md,,,PENDENTE,
255,SL-S24-02,v0.5.0,S24,SandboxManager / Linux,Próprio,Implementação,Definir perfis mínimos,"Separar parser, inferência CPU/GPU e aquisição web.",sandbox/linux/profiles/,Um perfil com rede não é reaproveitado implicitamente para leitura de documentos privados.,SL-S24-01,R01; R06; R08; R09,Não iniciado,P0,Crítico,Obrigatória no escopo da versão,Autor + agente de IA,,,reports/S24/SL-S24-02.md,,,PENDENTE,
256,SL-S24-03,v0.5.0,S24,SandboxManager / Linux,Próprio,Implementação,Aplicar restrição filesystem,Conceder leitura de entradas/modelos/libs e escrita apenas temporária.,crates/sandbox/src/linux/fs.rs,Diretório de outro workspace permanece inacessível mesmo com path conhecido.,SL-S24-02,R01; R06; R08; R09,Não iniciado,P0,Crítico,Obrigatória no escopo da versão,Autor + agente de IA,,,reports/S24/SL-S24-03.md,,,PENDENTE,
257,SL-S24-04,v0.5.0,S24,SandboxManager / Linux,Próprio,Implementação,Aplicar política de syscalls,Reduzir superfície conforme perfil sem tratar Landlock como substituto de seccomp.,crates/sandbox/src/linux/syscalls.rs,Testes negativos de execução/processos e positivos das funções homologadas passam.,SL-S24-03,R01; R06; R08; R09,Não iniciado,P0,Crítico,Obrigatória no escopo da versão,Autor + agente de IA,,,reports/S24/SL-S24-04.md,,,PENDENTE,
258,SL-S24-05,v0.5.0,S24,SandboxManager / Linux,Próprio,Implementação,Conter rede,Bloquear saída onde exigido e definir fronteira de broker para casos autorizados.,crates/sandbox/src/linux/network.rs,Worker local não pode contornar EgressPolicy usando sua própria biblioteca HTTP.,SL-S24-04,R01; R06; R08; R09,Não iniciado,P0,Crítico,Obrigatória no escopo da versão,Autor + agente de IA,,,reports/S24/SL-S24-05.md,,,PENDENTE,
259,SL-S24-06,v0.5.0,S24,SandboxManager / Linux,Próprio,Implementação,Controlar árvore de processos,"Registrar descendentes, limites e encerramento em falha.",crates/sandbox/src/linux/process_tree.rs,Matar tarefa também encerra filhos autorizados e não concede criação ilimitada.,SL-S24-05,R01; R06; R08; R09,Não iniciado,P0,Crítico,Obrigatória no escopo da versão,Autor + agente de IA,,,reports/S24/SL-S24-06.md,,,PENDENTE,
260,SL-S24-07,v0.5.0,S24,SandboxManager / Linux,Próprio,Implementação,Tratar GPU explicitamente,Documentar devices/driver necessários e negar acessos não necessários.,sandbox/linux/gpu-capabilities.yaml,Perfil CPU funciona sem GPU; perfil GPU não recebe filesystem geral por conveniência.,SL-S24-06,R01; R06; R08; R09,Não iniciado,P0,Crítico,Obrigatória no escopo da versão,Autor + agente de IA,,,reports/S24/SL-S24-07.md,,,PENDENTE,
261,SL-S24-08,v0.5.0,S24,SandboxManager / Linux,Próprio,Teste,Exercitar escapes de filesystem,"Cobrir links, mounts disponíveis, descriptors herdados e temporários compartilhados.",tests/sandbox/linux/fs/,Sentinelas externas não são lidas/escritas; limitações são declaradas e bloqueadoras quando aplicável.,SL-S24-07,R01; R06; R08; R09,Não iniciado,P0,Crítico,Obrigatória no escopo da versão,Autor + agente de IA,,,reports/S24/SL-S24-08.md,,,PENDENTE,
262,SL-S24-09,v0.5.0,S24,SandboxManager / Linux,Próprio,Teste,Exercitar rede/filhos,Usar serviços de teste locais e processo descendente tentando sair do perfil.,tests/sandbox/linux/process-network/,Proibições também valem para descendentes e não só para o PID inicial.,SL-S24-08,R01; R06; R08; R09,Não iniciado,P0,Crítico,Obrigatória no escopo da versão,Autor + agente de IA,,,reports/S24/SL-S24-09.md,,,PENDENTE,
263,SL-S24-10,v0.5.0,S24,SandboxManager / Linux,Próprio,Documentação,Publicar matriz Linux,"Registrar kernel/arquitetura, capacidades e comportamentos desabilitados.",reports/sandbox/linux-matrix.md,Não se alega proteção idêntica em kernels não testados.,SL-S24-09,R01; R06; R08; R09,Não iniciado,P0,Crítico,Obrigatória no escopo da versão,Autor + agente de IA,,,reports/S24/SL-S24-10.md,,,PENDENTE,
264,SL-S24-GATE,v0.5.0,S24,SandboxManager / Linux,Aceite humano,Gate,Aceitar S24 — Implementar perfis de sandbox Linux,"Revisar as dez tarefas, executar a demonstração do sprint, confrontar critérios e registrar decisão go/no-go.",reports/S24/acceptance.md,Worker sem rede não lê sentinela fora do escopo nem cria conexão externa. Todas as dependências aceitas; evidências vinculadas a revisão/ambiente; nenhum blocker de integridade/segurança.,SL-S24-01; SL-S24-02; SL-S24-03; SL-S24-04; SL-S24-05; SL-S24-06; SL-S24-07; SL-S24-08; SL-S24-09; SL-S24-10,R01; R06; R08; R09,Não iniciado,P0,Crítico,Obrigatória para fechar a versão aprovada,Autor,,,reports/S24/acceptance.md,,,PENDENTE,
265,SL-S25-01,v0.5.0,S25,SandboxManager / macOS,Próprio,Spike,Escolher mecanismo suportável,"Avaliar App Sandbox/helpers/XPC, assinatura e distribuição; registrar limites.",docs/security/macos-sandbox-design.md,Decisão não apresenta sandbox-exec deprecated como solução garantida de longo prazo.,SL-S23-GATE,R01; R06; R08; R09; R30,Não iniciado,P0,Crítico,Obrigatória no escopo da versão,Autor + agente de IA,,,reports/S25/SL-S25-01.md,,,PENDENTE,
266,SL-S25-02,v0.5.0,S25,SandboxManager / macOS,Próprio,Implementação,Criar helper restrito,Separar runtime confiável da comunicação com processos de parsing/inferência.,platform/macos/helper/,Helper não herda toda a API Tauri nem credenciais do processo principal.,SL-S25-01,R01; R06; R08; R09; R30,Não iniciado,P0,Crítico,Obrigatória no escopo da versão,Autor + agente de IA,,,reports/S25/SL-S25-02.md,,,PENDENTE,
267,SL-S25-03,v0.5.0,S25,SandboxManager / macOS,Próprio,Implementação,Definir entitlements,"Conceder somente arquivos, comunicação e recursos necessários por perfil.",platform/macos/entitlements/,Diferenças parser/inferência/web são visíveis e revisadas.,SL-S25-02,R01; R06; R08; R09; R30,Não iniciado,P0,Crítico,Obrigatória no escopo da versão,Autor + agente de IA,,,reports/S25/SL-S25-03.md,,,PENDENTE,
268,SL-S25-04,v0.5.0,S25,SandboxManager / macOS,Próprio,Implementação,Transferir entradas por capability,Resolver documentos selecionados e fontes aprovadas por broker.,crates/sandbox/src/macos/inputs.rs,Escopo do workspace não vira acesso geral ao diretório pessoal.,SL-S25-03,R01; R06; R08; R09; R30,Não iniciado,P0,Crítico,Obrigatória no escopo da versão,Autor + agente de IA,,,reports/S25/SL-S25-04.md,,,PENDENTE,
269,SL-S25-05,v0.5.0,S25,SandboxManager / macOS,Próprio,Implementação,Restringir saídas temporárias,Criar diretórios por tarefa e validar resultados no Core.,crates/sandbox/src/macos/output.rs,Worker não publica diretamente nos arquivos Markdown canônicos.,SL-S25-04,R01; R06; R08; R09; R30,Não iniciado,P0,Crítico,Obrigatória no escopo da versão,Autor + agente de IA,,,reports/S25/SL-S25-05.md,,,PENDENTE,
270,SL-S25-06,v0.5.0,S25,SandboxManager / macOS,Próprio,Implementação,Controlar rede/IPC,Separar conexão necessária ao runtime local de saída externa.,platform/macos/policies/,Modelo local não possui capacidade de egress externo não autorizada.,SL-S25-05,R01; R06; R08; R09; R30,Não iniciado,P0,Crítico,Obrigatória no escopo da versão,Autor + agente de IA,,,reports/S25/SL-S25-06.md,,,PENDENTE,
271,SL-S25-07,v0.5.0,S25,SandboxManager / macOS,Próprio,Implementação,Integrar ciclo de vida,Cancelar helpers e backends com cleanup e accounting.,crates/sandbox/src/macos/lifecycle.rs,Encerramento da tarefa não deixa runtime invisível consumindo recursos.,SL-S25-06,R01; R06; R08; R09; R30,Não iniciado,P0,Crítico,Obrigatória no escopo da versão,Autor + agente de IA,,,reports/S25/SL-S25-07.md,,,PENDENTE,
272,SL-S25-08,v0.5.0,S25,SandboxManager / macOS,Próprio,Teste,Executar adversarial nativo,"Testar leitura/gravação externa, redes e propagação a filhos.",tests/sandbox/macos/,"Aprovação requer resultado em macOS real/ambiente válido, não apenas compilação cross-target.",SL-S25-07,R01; R06; R08; R09; R30,Não iniciado,P0,Crítico,Obrigatória no escopo da versão,Autor + agente de IA,,,reports/S25/SL-S25-08.md,,,PENDENTE,
273,SL-S25-09,v0.5.0,S25,SandboxManager / macOS,Próprio,Teste,Validar empacotamento de helper,Testar assinatura/permissões e máquina sem ferramentas de desenvolvimento.,reports/sandbox/macos-package.md,Pacote inicia com privilégios documentados e não exige desativar proteção do sistema silenciosamente.,SL-S25-08,R01; R06; R08; R09; R30,Não iniciado,P0,Crítico,Obrigatória no escopo da versão,Autor + agente de IA,,,reports/S25/SL-S25-09.md,,,PENDENTE,
274,SL-S25-10,v0.5.0,S25,SandboxManager / macOS,Próprio,Decisão,Registrar suporte e bloqueios,Distinguir capacidades homologadas por arquitetura e perfil.,reports/sandbox/macos-matrix.md,Função não confinada permanece desabilitada até solução ou revisão explícita de requisito.,SL-S25-09,R01; R06; R08; R09; R30,Não iniciado,P0,Crítico,Obrigatória no escopo da versão,Autor,,,reports/S25/SL-S25-10.md,,,PENDENTE,
275,SL-S25-GATE,v0.5.0,S25,SandboxManager / macOS,Aceite humano,Gate,Aceitar S25 — Implementar perfis de sandbox macOS,"Revisar as dez tarefas, executar a demonstração do sprint, confrontar critérios e registrar decisão go/no-go.",reports/S25/acceptance.md,Processo auxiliar autorizado lê a entrada e falha ao acessar outro workspace ou rede proibida. Todas as dependências aceitas; evidências vinculadas a revisão/ambiente; nenhum blocker de integridade/segurança.,SL-S25-01; SL-S25-02; SL-S25-03; SL-S25-04; SL-S25-05; SL-S25-06; SL-S25-07; SL-S25-08; SL-S25-09; SL-S25-10,R01; R06; R08; R09; R30,Não iniciado,P0,Crítico,Obrigatória para fechar a versão aprovada,Autor,,,reports/S25/acceptance.md,,,PENDENTE,
276,SL-S26-01,v0.5.0,S26,SandboxManager / Windows,Próprio,Spike,Definir fronteira Windows,"Avaliar AppContainer, tokens, ACLs e broker para motores selecionados.",docs/security/windows-sandbox-design.md,Job Objects não são apresentados como única barreira de arquivos/rede.,SL-S23-GATE,R01; R06; R08; R09; R30,Não iniciado,P0,Crítico,Obrigatória no escopo da versão,Autor + agente de IA,,,reports/S26/SL-S26-01.md,,,PENDENTE,
277,SL-S26-02,v0.5.0,S26,SandboxManager / Windows,Próprio,Implementação,Criar identidade restrita,Configurar contexto de segurança por worker sem herdar permissões gerais do usuário.,crates/sandbox/src/windows/identity.rs,Remover admin não é considerado suficiente; acesso efetivo é testado.,SL-S26-01,R01; R06; R08; R09; R30,Não iniciado,P0,Crítico,Obrigatória no escopo da versão,Autor + agente de IA,,,reports/S26/SL-S26-02.md,,,PENDENTE,
278,SL-S26-03,v0.5.0,S26,SandboxManager / Windows,Próprio,Implementação,Conceder entradas explicitamente,Aplicar ACL/capability/handles necessários aos snapshots e modelos.,crates/sandbox/src/windows/inputs.rs,Outro workspace e segredos do app continuam negados.,SL-S26-02,R01; R06; R08; R09; R30,Não iniciado,P0,Crítico,Obrigatória no escopo da versão,Autor + agente de IA,,,reports/S26/SL-S26-03.md,,,PENDENTE,
279,SL-S26-04,v0.5.0,S26,SandboxManager / Windows,Próprio,Implementação,Conter filesystem,"Tratar reparse points, paths especiais e temporários dentro do perfil.",crates/sandbox/src/windows/fs.rs,Reparse point preparado não redireciona escrita para fora do destino autorizado.,SL-S26-03,R01; R06; R08; R09; R30,Não iniciado,P0,Crítico,Obrigatória no escopo da versão,Autor + agente de IA,,,reports/S26/SL-S26-04.md,,,PENDENTE,
280,SL-S26-05,v0.5.0,S26,SandboxManager / Windows,Próprio,Implementação,Conter rede,"Definir proibições/capacidades efetivas, inclusive comunicação local necessária.",crates/sandbox/src/windows/network.rs,Worker offline não acessa serviço externo; não há dependência oculta de privilégio admin para cada job.,SL-S26-04,R01; R06; R08; R09; R30,Não iniciado,P0,Crítico,Obrigatória no escopo da versão,Autor + agente de IA,,,reports/S26/SL-S26-05.md,,,PENDENTE,
281,SL-S26-06,v0.5.0,S26,SandboxManager / Windows,Próprio,Implementação,Usar Job Objects para lifecycle,Limitar recursos e agrupar descendentes sem impedir indiscriminadamente browser/backends legítimos.,crates/sandbox/src/windows/jobs.rs,Perfil browser admite somente árvore esperada; cancelamento encerra todos os processos do job.,SL-S26-05,R01; R06; R08; R09; R30,Não iniciado,P0,Crítico,Obrigatória no escopo da versão,Autor + agente de IA,,,reports/S26/SL-S26-06.md,,,PENDENTE,
282,SL-S26-07,v0.5.0,S26,SandboxManager / Windows,Próprio,Implementação,Controlar DLLs e executáveis,Resolver binários em diretório gerenciado e verificar origem.,crates/sandbox/src/windows/loader.rs,PATH e diretório de trabalho hostis não substituem biblioteca/backend autorizado.,SL-S26-06,R01; R06; R08; R09; R30,Não iniciado,P0,Crítico,Obrigatória no escopo da versão,Autor + agente de IA,,,reports/S26/SL-S26-07.md,,,PENDENTE,
283,SL-S26-08,v0.5.0,S26,SandboxManager / Windows,Próprio,Teste,Executar corpus adversarial,"Cobrir rede, privilégios, arquivos, junctions e criação de processos.",tests/sandbox/windows/,"Evidência demonstra negação real em Windows, não apenas retorno esperado de mock.",SL-S26-07,R01; R06; R08; R09; R30,Não iniciado,P0,Crítico,Obrigatória no escopo da versão,Autor + agente de IA,,,reports/S26/SL-S26-08.md,,,PENDENTE,
284,SL-S26-09,v0.5.0,S26,SandboxManager / Windows,Próprio,Teste,Testar instalação sem admin,"Instalar perfil suportado, executar job e desinstalar sem resíduos privilegiados.",reports/sandbox/windows-install.md,Requisitos de privilégio são explícitos e funções inseguras falham fechadas.,SL-S26-08,R01; R06; R08; R09; R30,Não iniciado,P0,Crítico,Obrigatória no escopo da versão,Autor + agente de IA,,,reports/S26/SL-S26-09.md,,,PENDENTE,
285,SL-S26-10,v0.5.0,S26,SandboxManager / Windows,Próprio,Decisão,Consolidar matriz multiplataforma,Comparar garantias Linux/macOS/Windows e registrar capacidades desabilitadas.,reports/sandbox/capability-matrix.json,Jobs futuros só são habilitados onde o perfil necessário foi aprovado.,SL-S26-09,R01; R06; R08; R09; R30,Não iniciado,P0,Crítico,Obrigatória no escopo da versão,Autor,,,reports/S26/SL-S26-10.md,,,PENDENTE,
286,SL-S26-GATE,v0.5.0,S26,SandboxManager / Windows,Aceite humano,Gate,Aceitar S26 — Implementar perfis de sandbox Windows,"Revisar as dez tarefas, executar a demonstração do sprint, confrontar critérios e registrar decisão go/no-go.",reports/S26/acceptance.md,Worker controlado não acessa paths/rede fora do permitido e toda sua árvore encerra. Todas as dependências aceitas; evidências vinculadas a revisão/ambiente; nenhum blocker de integridade/segurança.,SL-S26-01; SL-S26-02; SL-S26-03; SL-S26-04; SL-S26-05; SL-S26-06; SL-S26-07; SL-S26-08; SL-S26-09; SL-S26-10,R01; R06; R08; R09; R30,Não iniciado,P0,Crítico,Obrigatória para fechar a versão aprovada,Autor,,,reports/S26/acceptance.md,,,PENDENTE,
287,SL-S27-01,v0.5.0,S27,Docling / ExtractProvider,Desconstrução,Upstream,Fixar revisão Docling,"Registrar versão, deps, modelos necessários e licenças de cada artefato.",upstream/docling/manifest.json,Nenhum peso é baixado automaticamente sem passar pelo catálogo aprovado.,SL-S23-GATE; SL-S24-GATE; SL-S25-GATE; SL-S26-GATE,R14; R15; R30; R33; R34,Não iniciado,P0,Crítico,Obrigatória no escopo da versão,Autor + agente de IA,,,reports/S27/SL-S27-01.md,,,PENDENTE,
288,SL-S27-02,v0.5.0,S27,Docling / ExtractProvider,Desconstrução,Upstream,Reproduzir baseline de parsing,Converter fixtures textuais upstream antes de criar o adapter.,reports/docling/baseline.md,"Resultado original, versões e limitações estão registrados para comparação diferencial.",SL-S27-01,R14; R15; R30; R33; R34,Não iniciado,P0,Crítico,Obrigatória no escopo da versão,Autor + agente de IA,,,reports/S27/SL-S27-02.md,,,PENDENTE,
289,SL-S27-03,v0.5.0,S27,Docling / ExtractProvider,Desconstrução,Upstream,Recortar pipelines,Selecionar parsing textual/tabelas; deixar OCR/VLM e servidor opcional fora do caminho leve.,workers/docling/pipeline-profile.yaml,Importação simples não carrega todo o catálogo de modelos ou serviços.,SL-S27-02,R14; R15; R30; R33; R34,Não iniciado,P0,Crítico,Obrigatória no escopo da versão,Autor + agente de IA,,,reports/S27/SL-S27-03.md,,,PENDENTE,
290,SL-S27-04,v0.5.0,S27,Docling / ExtractProvider,Desconstrução,Contrato,Definir NormalizedDocument,"Mapear blocos, hierarquia, páginas, tabelas, assets e diagnósticos.",schemas/normalized-document-v0.json,Contrato representa extração parcial e localizadores sem fingir cobertura completa.,SL-S27-03,R14; R15; R30; R33; R34,Não iniciado,P0,Crítico,Obrigatória no escopo da versão,Autor + agente de IA,,,reports/S27/SL-S27-04.md,,,PENDENTE,
291,SL-S27-05,v0.5.0,S27,Docling / ExtractProvider,Desconstrução,Implementação,Criar adapter Docling,"Converter estruturas da revisão fixada ao contrato, sem imports internos espalhados.",workers/docling/adapter.py,Mudança de versão upstream é confinada ao adapter e detectada por testes.,SL-S27-04,R14; R15; R30; R33; R34,Não iniciado,P0,Crítico,Obrigatória no escopo da versão,Autor + agente de IA,,,reports/S27/SL-S27-05.md,,,PENDENTE,
292,SL-S27-06,v0.5.0,S27,Docling / ExtractProvider,Desconstrução,Implementação,Preservar fonte e localizadores,Relacionar conteúdo extraído ao asset/hash/página/bloco.,workers/docling/provenance.py,Trecho exibido pode ser rastreado ao documento original da revisão correta.,SL-S27-05,R14; R15; R30; R33; R34,Não iniciado,P0,Crítico,Obrigatória no escopo da versão,Autor + agente de IA,,,reports/S27/SL-S27-06.md,,,PENDENTE,
293,SL-S27-07,v0.5.0,S27,Docling / ExtractProvider,Desconstrução,Implementação,Integrar worker ao scheduler,Receber entrada autorizada e devolver resultados por IPC.,workers/docling/entrypoint.py,Worker não escreve no Vault nem cria sua própria base canônica.,SL-S27-06,R14; R15; R30; R33; R34,Não iniciado,P0,Crítico,Obrigatória no escopo da versão,Autor + agente de IA,,,reports/S27/SL-S27-07.md,,,PENDENTE,
294,SL-S27-08,v0.5.0,S27,Docling / ExtractProvider,Desconstrução,Implementação,Tratar erros documentais,"Classificar formato não suportado, criptografado, corrompido e extração incompleta.",workers/docling/errors.py,Captura original permanece preservada e pode ser reprocessada.,SL-S27-07,R14; R15; R30; R33; R34,Não iniciado,P0,Crítico,Obrigatória no escopo da versão,Autor + agente de IA,,,reports/S27/SL-S27-08.md,,,PENDENTE,
295,SL-S27-09,v0.5.0,S27,Docling / ExtractProvider,Desconstrução,Teste,Comparar baseline e adapter,Verificar perdas de texto/estrutura e schema em corpus de avaliação.,tests/extract/docling-text/,Diferenças aceitas são documentadas; não há regressão silenciosa de tabelas/fontes.,SL-S27-08,R14; R15; R30; R33; R34,Não iniciado,P0,Crítico,Obrigatória no escopo da versão,Autor + agente de IA,,,reports/S27/SL-S27-09.md,,,PENDENTE,
296,SL-S27-10,v0.5.0,S27,Docling / ExtractProvider,Desconstrução,Teste,Medir processo leve,"Medir startup, pico, cancelamento e retorno ao estado sem worker.",reports/docling/text-resources.json,Orçamento do perfil é observado ou a integração é bloqueada/replanejada explicitamente.,SL-S27-09,R14; R15; R30; R33; R34,Não iniciado,P0,Crítico,Obrigatória no escopo da versão,Autor + agente de IA,,,reports/S27/SL-S27-10.md,,,PENDENTE,
297,SL-S27-GATE,v0.5.0,S27,Docling / ExtractProvider,Aceite humano,Gate,Aceitar S27 — Desconstruir Docling e integrar extração textual,"Revisar as dez tarefas, executar a demonstração do sprint, confrontar critérios e registrar decisão go/no-go.",reports/S27/acceptance.md,Importar PDF/DOCX de fixture e obter blocos com referências ao original. Todas as dependências aceitas; evidências vinculadas a revisão/ambiente; nenhum blocker de integridade/segurança.,SL-S27-01; SL-S27-02; SL-S27-03; SL-S27-04; SL-S27-05; SL-S27-06; SL-S27-07; SL-S27-08; SL-S27-09; SL-S27-10,R14; R15; R30; R33; R34,Não iniciado,P0,Crítico,Obrigatória para fechar a versão aprovada,Autor,,,reports/S27/acceptance.md,,,PENDENTE,
298,SL-S28-01,v0.5.0,S28,Docling / OCR,Adaptação,Decisão,Selecionar perfil OCR,"Comparar alternativas disponíveis na revisão fixada, idiomas, memória e licenças.",docs/models/ocr-profile.md,Perfil aprovado explicita hardware mínimo e não aumenta teto de RAM silenciosamente.,SL-S27-GATE,R09; R14; R15; R30,Não iniciado,P0,Crítico,Obrigatória no escopo da versão,Autor,,,reports/S28/SL-S28-01.md,,,PENDENTE,
299,SL-S28-02,v0.5.0,S28,Docling / OCR,Adaptação,Implementação,Provisionar artefatos OCR,Instalar por manifest/hash e permitir uso com rede bloqueada depois do provisionamento.,workers/docling/ocr-manifest.json,"Artefato faltante gera tarefa de instalação consentida, não download oculto durante parsing.",SL-S28-01,R09; R14; R15; R30,Não iniciado,P0,Crítico,Obrigatória no escopo da versão,Autor + agente de IA,,,reports/S28/SL-S28-02.md,,,PENDENTE,
300,SL-S28-03,v0.5.0,S28,Docling / OCR,Adaptação,Implementação,Detectar necessidade de OCR,"Distinguir camada textual suficiente, páginas imagem e extração suspeita.",workers/docling/ocr-routing.py,Documento textual comum evita custo OCR; classificação incorreta pode ser corrigida pelo usuário.,SL-S28-02,R09; R14; R15; R30,Não iniciado,P0,Crítico,Obrigatória no escopo da versão,Autor + agente de IA,,,reports/S28/SL-S28-03.md,,,PENDENTE,
301,SL-S28-04,v0.5.0,S28,Docling / OCR,Adaptação,Implementação,Processar com limites,Definir unidade/paginação e concorrência permitida pelo motor sem alterar semântica.,workers/docling/ocr-jobs.py,Documento grande não cresce sem limite até derrubar o Core.,SL-S28-03,R09; R14; R15; R30,Não iniciado,P0,Crítico,Obrigatória no escopo da versão,Autor + agente de IA,,,reports/S28/SL-S28-04.md,,,PENDENTE,
302,SL-S28-05,v0.5.0,S28,Docling / OCR,Adaptação,Implementação,Preservar coordenadas,Associar OCR e tabelas à página/asset original com status de precisão.,workers/docling/ocr-locators.py,Texto extraído não inventa coordenada ou evidência inexistente quando o backend não a fornece.,SL-S28-04,R09; R14; R15; R30,Não iniciado,P0,Crítico,Obrigatória no escopo da versão,Autor + agente de IA,,,reports/S28/SL-S28-05.md,,,PENDENTE,
303,SL-S28-06,v0.5.0,S28,Docling / OCR,Adaptação,Implementação,Registrar checkpoints,Retomar unidades concluídas quando a API/pipeline escolhido permitir.,crates/ingest/src/extraction_checkpoint.rs,Retry não duplica blocos e fallback de reprocessamento completo é explícito quando necessário.,SL-S28-05,R09; R14; R15; R30,Não iniciado,P0,Crítico,Obrigatória no escopo da versão,Autor + agente de IA,,,reports/S28/SL-S28-06.md,,,PENDENTE,
304,SL-S28-07,v0.5.0,S28,Docling / OCR,Adaptação,Implementação,Expor qualidade/limitações,"Marcar baixa legibilidade, leitura parcial e páginas não processadas.",apps/desktop/src/ingest/extraction-quality.ts,Resumo futuro consegue distinguir documento completo de conteúdo parcialmente extraído.,SL-S28-06,R09; R14; R15; R30,Não iniciado,P0,Crítico,Obrigatória no escopo da versão,Autor + agente de IA,,,reports/S28/SL-S28-07.md,,,PENDENTE,
305,SL-S28-08,v0.5.0,S28,Docling / OCR,Adaptação,Teste,Testar corpus visual difícil,"Cobrir colunas, rotação, tabelas, imagens e diferentes idiomas.",tests/extract/ocr/,Erros conhecidos são mensurados e não mascarados como compreensão visual perfeita.,SL-S28-07,R09; R14; R15; R30,Não iniciado,P0,Crítico,Obrigatória no escopo da versão,Autor + agente de IA,,,reports/S28/SL-S28-08.md,,,PENDENTE,
306,SL-S28-09,v0.5.0,S28,Docling / OCR,Adaptação,Teste,Testar limites e cancelamento,Simular timeout/OOM e interrupção após algumas páginas.,reports/docling/ocr-failure.json,"App preserva original, encerra worker e fornece reprocessamento controlado.",SL-S28-08,R09; R14; R15; R30,Não iniciado,P0,Crítico,Obrigatória no escopo da versão,Autor + agente de IA,,,reports/S28/SL-S28-09.md,,,PENDENTE,
307,SL-S28-10,v0.5.0,S28,Docling / OCR,Adaptação,Documentação,Publicar capacidades por perfil,"Relacionar formatos, idiomas, limites e recursos necessários.",docs/user/document-extraction.md,Usuário sabe quando OCR está indisponível ou requer pacote adicional.,SL-S28-09,R09; R14; R15; R30,Não iniciado,P0,Crítico,Obrigatória no escopo da versão,Autor + agente de IA,,,reports/S28/SL-S28-10.md,,,PENDENTE,
308,SL-S28-GATE,v0.5.0,S28,Docling / OCR,Aceite humano,Gate,Aceitar S28 — Adicionar OCR e robustez da extração,"Revisar as dez tarefas, executar a demonstração do sprint, confrontar critérios e registrar decisão go/no-go.",reports/S28/acceptance.md,"Importar PDF escaneado, cancelar, retomar e citar texto com localização. Todas as dependências aceitas; evidências vinculadas a revisão/ambiente; nenhum blocker de integridade/segurança.",SL-S28-01; SL-S28-02; SL-S28-03; SL-S28-04; SL-S28-05; SL-S28-06; SL-S28-07; SL-S28-08; SL-S28-09; SL-S28-10,R09; R14; R15; R30,Não iniciado,P0,Crítico,Obrigatória para fechar a versão aprovada,Autor,,,reports/S28/acceptance.md,,,PENDENTE,
309,SL-S29-01,v0.5.0,S29,Readability / Turndown,Desconstrução,Upstream,Fixar bibliotecas e baseline,Registrar versões/licenças e normalizar corpus de artigos antes de customizar.,upstream/web-normalizer/manifest.json,Saída upstream e erros conhecidos ficam disponíveis para comparação.,SL-S23-GATE; SL-S24-GATE; SL-S25-GATE; SL-S26-GATE,R08; R14; R17; R30,Não iniciado,P0,Crítico,Obrigatória no escopo da versão,Autor + agente de IA,,,reports/S29/SL-S29-01.md,,,PENDENTE,
310,SL-S29-02,v0.5.0,S29,Readability / Turndown,Desconstrução,Decisão,Escolher ambiente DOM isolado,Definir renderer/helper sem IPC privilegiado e sem recursos remotos automáticos.,docs/architecture/html-normalizer.md,Plano não presume DOM completo em Web Worker comum nem usa janela principal como parser hostil.,SL-S29-01,R08; R14; R17; R30,Não iniciado,P0,Crítico,Obrigatória no escopo da versão,Autor,,,reports/S29/SL-S29-02.md,,,PENDENTE,
311,SL-S29-03,v0.5.0,S29,Readability / Turndown,Desconstrução,Implementação,Construir entrada inerte,"Aplicar limites de tamanho, encoding e tratamento de URL base.",workers/html-normalizer/input.ts,"HTML malformado não escapa para navegação, scripts ou resolução arbitrária de arquivos.",SL-S29-02,R08; R14; R17; R30,Não iniciado,P0,Crítico,Obrigatória no escopo da versão,Autor + agente de IA,,,reports/S29/SL-S29-03.md,,,PENDENTE,
312,SL-S29-04,v0.5.0,S29,Readability / Turndown,Desconstrução,Implementação,Integrar Readability,Extrair conteúdo principal e metadata mantendo diagnóstico de falha.,workers/html-normalizer/readability.ts,Página não reconhecida não é substituída por texto vazio como se captura tivesse sucesso.,SL-S29-03,R08; R14; R17; R30,Não iniciado,P0,Crítico,Obrigatória no escopo da versão,Autor + agente de IA,,,reports/S29/SL-S29-04.md,,,PENDENTE,
313,SL-S29-05,v0.5.0,S29,Readability / Turndown,Desconstrução,Implementação,Integrar Turndown,"Aplicar regras aprovadas para títulos, listas, tabelas, código e links.",workers/html-normalizer/turndown.ts,Conversão preserva conteúdo do perfil e usa Markdown válido em fixtures.,SL-S29-04,R08; R14; R17; R30,Não iniciado,P0,Crítico,Obrigatória no escopo da versão,Autor + agente de IA,,,reports/S29/SL-S29-05.md,,,PENDENTE,
314,SL-S29-06,v0.5.0,S29,Readability / Turndown,Desconstrução,Implementação,Sanitizar resultado,Bloquear scripts/handlers/schemes perigosos antes da apresentação.,workers/html-normalizer/sanitize.ts,Readability não é tratado como sanitizador e payload XSS não executa.,SL-S29-05,R08; R14; R17; R30,Não iniciado,P0,Crítico,Obrigatória no escopo da versão,Autor + agente de IA,,,reports/S29/SL-S29-06.md,,,PENDENTE,
315,SL-S29-07,v0.5.0,S29,Readability / Turndown,Desconstrução,Implementação,Tratar assets externos,Devolver lista de recursos candidatos para aquisição separada/autorizada.,workers/html-normalizer/assets.ts,Parser não baixa imagens/trackers por conta própria.,SL-S29-06,R08; R14; R17; R30,Não iniciado,P0,Crítico,Obrigatória no escopo da versão,Autor + agente de IA,,,reports/S29/SL-S29-07.md,,,PENDENTE,
316,SL-S29-08,v0.5.0,S29,Readability / Turndown,Desconstrução,Implementação,Normalizar fonte,"Registrar URL de origem, URL final informada, data e hash do HTML recebido.",workers/html-normalizer/provenance.ts,Snapshot é distinguível de página live e tem cadeia de origem verificável.,SL-S29-07,R08; R14; R17; R30,Não iniciado,P0,Crítico,Obrigatória no escopo da versão,Autor + agente de IA,,,reports/S29/SL-S29-08.md,,,PENDENTE,
317,SL-S29-09,v0.5.0,S29,Readability / Turndown,Desconstrução,Teste,Executar corpus hostil,"Cobrir iframes, meta refresh, links locais, CSS remoto e conteúdo oculto.",tests/extract/html-security/,Zero chamadas de rede inesperadas e nenhum acesso à bridge Tauri.,SL-S29-08,R08; R14; R17; R30,Não iniciado,P0,Crítico,Obrigatória no escopo da versão,Autor + agente de IA,,,reports/S29/SL-S29-09.md,,,PENDENTE,
318,SL-S29-10,v0.5.0,S29,Readability / Turndown,Desconstrução,Teste,Comparar fidelidade e lifecycle,"Avaliar artigos, páginas não-artigo, idiomas e ciclos de criação/destruição.",reports/clipping/normalizer.md,Perdas e fallback são explícitos; renderer auxiliar não permanece órfão.,SL-S29-09,R08; R14; R17; R30,Não iniciado,P0,Crítico,Obrigatória no escopo da versão,Autor + agente de IA,,,reports/S29/SL-S29-10.md,,,PENDENTE,
319,SL-S29-GATE,v0.5.0,S29,Readability / Turndown,Aceite humano,Gate,Aceitar S29 — Integrar Readability/Turndown para clipping seguro,"Revisar as dez tarefas, executar a demonstração do sprint, confrontar critérios e registrar decisão go/no-go.",reports/S29/acceptance.md,Processar página de fixture com scripts/trackers sem executar scripts ou acessar rede. Todas as dependências aceitas; evidências vinculadas a revisão/ambiente; nenhum blocker de integridade/segurança.,SL-S29-01; SL-S29-02; SL-S29-03; SL-S29-04; SL-S29-05; SL-S29-06; SL-S29-07; SL-S29-08; SL-S29-09; SL-S29-10,R08; R14; R17; R30,Não iniciado,P0,Crítico,Obrigatória para fechar a versão aprovada,Autor,,,reports/S29/acceptance.md,,,PENDENTE,
320,SL-S30-01,v0.5.0,S30,IngestCoordinator / UI,Integração,Implementação,Criar entrada drag/drop e seleção,Aceitar arquivos e texto sem formulário taxonômico obrigatório.,apps/desktop/src/ingest/capture.ts,Item recebe ID/original persistido antes de qualquer modelo ser chamado.,SL-S27-GATE; SL-S28-GATE; SL-S29-GATE,R02; R14; R15; R17; R31,Não iniciado,P1,Alto,Obrigatória no escopo da versão,Autor + agente de IA,,,reports/S30/SL-S30-01.md,,,PENDENTE,
321,SL-S30-02,v0.5.0,S30,IngestCoordinator / UI,Integração,Implementação,Implementar deduplicação,Usar hash/fonte com política clara para nova captura versus referência existente.,crates/ingest/src/deduplicate.rs,Capturas legítimas em datas diferentes não são fundidas sem preservar sua origem.,SL-S30-01,R02; R14; R15; R17; R31,Não iniciado,P1,Alto,Obrigatória no escopo da versão,Autor + agente de IA,,,reports/S30/SL-S30-02.md,,,PENDENTE,
322,SL-S30-03,v0.5.0,S30,IngestCoordinator / UI,Integração,Implementação,Orquestrar roteamento,"Escolher parser por tipo verificado, não só por extensão do nome.",crates/ingest/src/router.rs,Tipo enganoso ou não suportado é recusado/registrado sem execução arbitrária.,SL-S30-02,R02; R14; R15; R17; R31,Não iniciado,P1,Alto,Obrigatória no escopo da versão,Autor + agente de IA,,,reports/S30/SL-S30-03.md,,,PENDENTE,
323,SL-S30-04,v0.5.0,S30,IngestCoordinator / UI,Integração,Implementação,Criar UI da fila,"Mostrar captura salva, extração pendente, parcial, falhou e reprocessar.",apps/desktop/src/ingest/jobs.ts,Falha de OCR não faz documento desaparecer do acervo.,SL-S30-03,R02; R14; R15; R17; R31,Não iniciado,P1,Alto,Obrigatória no escopo da versão,Autor + agente de IA,,,reports/S30/SL-S30-04.md,,,PENDENTE,
324,SL-S30-05,v0.5.0,S30,IngestCoordinator / UI,Integração,Implementação,Publicar extração pelo Core,Validar resultado e persistir versão de conteúdo/mapa de fontes.,crates/ingest/src/commit_extraction.rs,Worker atrasado não sobrescreve correção manual nem resultado de pipeline mais recente.,SL-S30-04,R02; R14; R15; R17; R31,Não iniciado,P1,Alto,Obrigatória no escopo da versão,Autor + agente de IA,,,reports/S30/SL-S30-05.md,,,PENDENTE,
325,SL-S30-06,v0.5.0,S30,IngestCoordinator / UI,Integração,Implementação,Criar leitor de material,"Exibir texto, origem, diagnóstico e navegação ao asset por broker.",apps/desktop/src/ingest/reader.ts,Conteúdo ativo é neutralizado e origem permanece disponível offline.,SL-S30-05,R02; R14; R15; R17; R31,Não iniciado,P1,Alto,Obrigatória no escopo da versão,Autor + agente de IA,,,reports/S30/SL-S30-06.md,,,PENDENTE,
326,SL-S30-07,v0.5.0,S30,IngestCoordinator / UI,Integração,Implementação,Criar recorte para célula,Promover seleção com fonte/revisão preservadas.,crates/ingest/src/promote.rs,Recorte novo não modifica fonte imutável e conecta-se à proveniência da Peça.,SL-S30-06,R02; R14; R15; R17; R31,Não iniciado,P1,Alto,Obrigatória no escopo da versão,Autor + agente de IA,,,reports/S30/SL-S30-07.md,,,PENDENTE,
327,SL-S30-08,v0.5.0,S30,IngestCoordinator / UI,Integração,Implementação,Gerenciar reprocessamento,"Separar nova extração, enriquecimento e alterações autorais aceitas.",crates/ingest/src/reprocess.rs,Reprocessar não apaga anotação/metadata editada pelo usuário.,SL-S30-07,R02; R14; R15; R17; R31,Não iniciado,P1,Alto,Obrigatória no escopo da versão,Autor + agente de IA,,,reports/S30/SL-S30-08.md,,,PENDENTE,
328,SL-S30-09,v0.5.0,S30,IngestCoordinator / UI,Integração,Teste,Executar ingestão em lote,"Misturar formatos, duplicatas, arquivos inválidos e cancelamentos.",reports/v0.5/batch-ingest.json,"Fila progride com falhas isoladas, sem deadlock nem corrupção global.",SL-S30-08,R02; R14; R15; R17; R31,Não iniciado,P1,Alto,Obrigatória no escopo da versão,Autor + agente de IA,,,reports/S30/SL-S30-09.md,,,PENDENTE,
329,SL-S30-10,v0.5.0,S30,IngestCoordinator / UI,Integração,Release,Publicar alpha de acervo,Incluir pacote de capacidades por plataforma e instruções sem IA.,release/v0.5.0/,"Usuário captura, lê e organiza materiais sem chave de API.",SL-S30-09,R02; R14; R15; R17; R31,Não iniciado,P1,Alto,Obrigatória no escopo da versão,Autor,,,reports/S30/SL-S30-10.md,,,PENDENTE,
330,SL-S30-GATE,v0.5.0,S30,IngestCoordinator / UI,Aceite humano,Gate,Aceitar S30 — Entregar Ingest sem fricção e leitura do acervo,"Revisar as dez tarefas, executar a demonstração do sprint, confrontar critérios e registrar decisão go/no-go.",reports/S30/acceptance.md,"Soltar documento, continuar trabalhando e promover um recorte após extração. Todas as dependências aceitas; evidências vinculadas a revisão/ambiente; nenhum blocker de integridade/segurança.",SL-S30-01; SL-S30-02; SL-S30-03; SL-S30-04; SL-S30-05; SL-S30-06; SL-S30-07; SL-S30-08; SL-S30-09; SL-S30-10,R02; R14; R15; R17; R31,Não iniciado,P0,Alto,Obrigatória para fechar a versão aprovada,Autor,,,reports/S30/acceptance.md,,,PENDENTE,
331,SL-S31-01,v0.6.0,S31,LocalAI / RuntimeProvider,Desconstrução,Upstream,Fixar LocalAI e backends candidatos,"Registrar código Go, imagens/binários, deps e interfaces usadas.",upstream/localai/manifest.json,Todos os artefatos têm origem e versão; API compatível não substitui inventário.,SL-S23-GATE; SL-S24-GATE; SL-S25-GATE; SL-S26-GATE; SL-S30-GATE,R03; R07; R08; R09; R27; R30,Não iniciado,P0,Crítico,Obrigatória no escopo da versão,Autor + agente de IA,,,reports/S31/SL-S31-01.md,,,PENDENTE,
332,SL-S31-02,v0.6.0,S31,LocalAI / RuntimeProvider,Desconstrução,Upstream,Reproduzir inferência mínima,Executar modelo de teste aprovado fora do app e registrar resultados.,reports/localai/baseline.md,Configuração upstream verificável existe antes de customizações.,SL-S31-01,R03; R07; R08; R09; R27; R30,Não iniciado,P0,Crítico,Obrigatória no escopo da versão,Autor + agente de IA,,,reports/S31/SL-S31-02.md,,,PENDENTE,
333,SL-S31-03,v0.6.0,S31,LocalAI / RuntimeProvider,Desconstrução,Upstream,Delimitar superfície,"Excluir do produto agentes, shell, memória/RAG e painel administrativo não necessários.",docs/upstream/localai-boundaries.md,Nenhuma ferramenta do modelo alcança API administrativa ou execução arbitrária.,SL-S31-02,R03; R07; R08; R09; R27; R30,Não iniciado,P0,Crítico,Obrigatória no escopo da versão,Autor + agente de IA,,,reports/S31/SL-S31-03.md,,,PENDENTE,
334,SL-S31-04,v0.6.0,S31,LocalAI / RuntimeProvider,Desconstrução,Decisão,Ratificar runtime,"Resolver ADR-010 incluindo distribuição, atualização e supervisão.",docs/adr/010-runtime.md,Instalação não exige Docker/Python/Go globais de forma implícita.,SL-S31-03,R03; R07; R08; R09; R27; R30,Não iniciado,P0,Crítico,Obrigatória no escopo da versão,Autor,,,reports/S31/SL-S31-04.md,,,PENDENTE,
335,SL-S31-05,v0.6.0,S31,LocalAI / RuntimeProvider,Desconstrução,Implementação,Criar RuntimeProvider,"Iniciar, verificar saúde, obter capacidades e encerrar runtime por protocolo.",adapters/localai/,Core não depende de detalhes privados do LocalAI fora do adapter.,SL-S31-04,R03; R07; R08; R09; R27; R30,Não iniciado,P0,Crítico,Obrigatória no escopo da versão,Autor + agente de IA,,,reports/S31/SL-S31-05.md,,,PENDENTE,
336,SL-S31-06,v0.6.0,S31,LocalAI / RuntimeProvider,Desconstrução,Implementação,Proteger API local,"Bind restrito, autenticação de sessão e acesso apenas via Core.",adapters/localai/security.rs,Página adquirida ou processo sem token não pode usar a API como ponte de execução.,SL-S31-05,R03; R07; R08; R09; R27; R30,Não iniciado,P0,Crítico,Obrigatória no escopo da versão,Autor + agente de IA,,,reports/S31/SL-S31-06.md,,,PENDENTE,
337,SL-S31-07,v0.6.0,S31,LocalAI / RuntimeProvider,Desconstrução,Implementação,Aplicar perfis,Gerar configuração somente para backends aprovados e controlar downloads.,adapters/localai/profiles.rs,Modelo solicitado pelo agente não instala backend desconhecido.,SL-S31-06,R03; R07; R08; R09; R27; R30,Não iniciado,P0,Crítico,Obrigatória no escopo da versão,Autor + agente de IA,,,reports/S31/SL-S31-07.md,,,PENDENTE,
338,SL-S31-08,v0.6.0,S31,LocalAI / RuntimeProvider,Desconstrução,Implementação,Integrar lifecycle,"Controlar descendentes, stdout/erros saneados e falha de startup.",crates/workers/src/localai_host.rs,Falha de modelo não derruba a UI nem deixa processo invisível.,SL-S31-07,R03; R07; R08; R09; R27; R30,Não iniciado,P0,Crítico,Obrigatória no escopo da versão,Autor + agente de IA,,,reports/S31/SL-S31-08.md,,,PENDENTE,
339,SL-S31-09,v0.6.0,S31,LocalAI / RuntimeProvider,Desconstrução,Teste,Testar runtime offline,Provisionar artefatos e bloquear rede durante execução.,tests/runtime/localai-offline/,"Geração local não depende de catálogo remoto, telemetria ou download tardio.",SL-S31-08,R03; R07; R08; R09; R27; R30,Não iniciado,P0,Crítico,Obrigatória no escopo da versão,Autor + agente de IA,,,reports/S31/SL-S31-09.md,,,PENDENTE,
340,SL-S31-10,v0.6.0,S31,LocalAI / RuntimeProvider,Desconstrução,Teste,Medir footprint sem/com modelo,Contabilizar runtime e backend filhos separadamente.,reports/localai/resources.json,"Relatório distingue overhead do servidor, pesos e contexto; sem alegação de teto não medido.",SL-S31-09,R03; R07; R08; R09; R27; R30,Não iniciado,P0,Crítico,Obrigatória no escopo da versão,Autor + agente de IA,,,reports/S31/SL-S31-10.md,,,PENDENTE,
341,SL-S31-GATE,v0.6.0,S31,LocalAI / RuntimeProvider,Aceite humano,Gate,Aceitar S31 — Recortar e gerenciar LocalAI,"Revisar as dez tarefas, executar a demonstração do sprint, confrontar critérios e registrar decisão go/no-go.",reports/S31/acceptance.md,"Iniciar runtime autorizado, chamar backend de teste e encerrar sua árvore inteira. Todas as dependências aceitas; evidências vinculadas a revisão/ambiente; nenhum blocker de integridade/segurança.",SL-S31-01; SL-S31-02; SL-S31-03; SL-S31-04; SL-S31-05; SL-S31-06; SL-S31-07; SL-S31-08; SL-S31-09; SL-S31-10,R03; R07; R08; R09; R27; R30,Não iniciado,P0,Crítico,Obrigatória para fechar a versão aprovada,Autor,,,reports/S31/acceptance.md,,,PENDENTE,
342,SL-S32-01,v0.6.0,S32,ModelGateway / catálogo,Próprio,Decisão,Selecionar candidatos por papel,"Avaliar resumo, embeddings, copiloto e transcrição em português e hardware-alvo.",docs/adr/011-models.md,Nome do modelo e quantização têm evidência; equivalente local a Jev não é presumido.,SL-S31-GATE,R07; R08; R09; R20; R27; R30,Não iniciado,P0,Crítico,Obrigatória no escopo da versão,Autor,,,reports/S32/SL-S32-01.md,,,PENDENTE,
343,SL-S32-02,v0.6.0,S32,ModelGateway / catálogo,Próprio,Implementação,Criar manifests de modelos,"Registrar hash completo, licença, origem, tokenizer, dimensão e capacidades.",models/manifests/,Placeholders/truncamentos são rejeitados pelo validador.,SL-S32-01,R07; R08; R09; R20; R27; R30,Não iniciado,P0,Crítico,Obrigatória no escopo da versão,Autor + agente de IA,,,reports/S32/SL-S32-02.md,,,PENDENTE,
344,SL-S32-03,v0.6.0,S32,ModelGateway / catálogo,Próprio,Implementação,Implementar instalação consentida,"Download retomável, verificação e publicação atômica de artefatos.",crates/models/src/install.rs,Arquivo parcial/corrompido não é carregado; modo offline aceita pacote pré-provisionado.,SL-S32-02,R07; R08; R09; R20; R27; R30,Não iniciado,P0,Crítico,Obrigatória no escopo da versão,Autor + agente de IA,,,reports/S32/SL-S32-03.md,,,PENDENTE,
345,SL-S32-04,v0.6.0,S32,ModelGateway / catálogo,Próprio,Implementação,Resolver diretórios por SO,Usar pastas apropriadas e cache compartilhado fora de cada Vault.,crates/models/src/paths.rs,Não há dependência de home/path hardcoded nem duplicação automática por workspace.,SL-S32-03,R07; R08; R09; R20; R27; R30,Não iniciado,P0,Crítico,Obrigatória no escopo da versão,Autor + agente de IA,,,reports/S32/SL-S32-04.md,,,PENDENTE,
346,SL-S32-05,v0.6.0,S32,ModelGateway / catálogo,Próprio,Contrato,Definir capabilities de modelo,"Distinguir generate, embed, tools, schema e transcribe sem assumir paridade.",schemas/model-capabilities.json,Chamada incompatível falha antes de enviar conteúdo ou instalar recursos.,SL-S32-04,R07; R08; R09; R20; R27; R30,Não iniciado,P0,Crítico,Obrigatória no escopo da versão,Autor + agente de IA,,,reports/S32/SL-S32-05.md,,,PENDENTE,
347,SL-S32-06,v0.6.0,S32,ModelGateway / catálogo,Próprio,Implementação,Criar GenerationProvider,"Normalizar streaming, erros, cancelamento e métricas sem apagar identidade do provedor.",crates/model-gateway/src/generate.rs,Cancelamento propaga e conteúdo parcial é distinguido de resposta concluída.,SL-S32-05,R07; R08; R09; R20; R27; R30,Não iniciado,P0,Crítico,Obrigatória no escopo da versão,Autor + agente de IA,,,reports/S32/SL-S32-06.md,,,PENDENTE,
348,SL-S32-07,v0.6.0,S32,ModelGateway / catálogo,Próprio,Implementação,Criar EmbeddingProvider,Fixar preprocessing/pooling/normalização e retornar manifesto junto ao vetor.,crates/model-gateway/src/embed.rs,Vetor de mesmo tamanho mas outro espaço não é aceito como compatível.,SL-S32-06,R07; R08; R09; R20; R27; R30,Não iniciado,P0,Crítico,Obrigatória no escopo da versão,Autor + agente de IA,,,reports/S32/SL-S32-07.md,,,PENDENTE,
349,SL-S32-08,v0.6.0,S32,ModelGateway / catálogo,Próprio,Implementação,Integrar descarregamento,Usar limites/watchdog do runtime e verificar tarefas ainda ativas.,crates/models/src/lifecycle.rs,"Ociosidade de cinco minutos libera recursos conforme perfil, sem cortar inferência em andamento.",SL-S32-07,R07; R08; R09; R20; R27; R30,Não iniciado,P0,Crítico,Obrigatória no escopo da versão,Autor + agente de IA,,,reports/S32/SL-S32-08.md,,,PENDENTE,
350,SL-S32-09,v0.6.0,S32,ModelGateway / catálogo,Próprio,Teste,Testar quotas e starvation,Concorrer embeddings/resumo com baixo orçamento e prioridades de UI.,tests/runtime/scheduling/,Fila limita modelos residentes e não provoca alternância patológica sem diagnóstico.,SL-S32-08,R07; R08; R09; R20; R27; R30,Não iniciado,P0,Crítico,Obrigatória no escopo da versão,Autor + agente de IA,,,reports/S32/SL-S32-09.md,,,PENDENTE,
351,SL-S32-10,v0.6.0,S32,ModelGateway / catálogo,Próprio,Teste,Homologar catálogo inicial,"Rodar qualidade, memória e falhas de cada perfil selecionado.",reports/models/qualification.json,"Modelo não aprovado fica indisponível/experimental, sem ser anunciado como padrão homologado.",SL-S32-09,R07; R08; R09; R20; R27; R30,Não iniciado,P0,Crítico,Obrigatória no escopo da versão,Autor + agente de IA,,,reports/S32/SL-S32-10.md,,,PENDENTE,
352,SL-S32-GATE,v0.6.0,S32,ModelGateway / catálogo,Aceite humano,Gate,Aceitar S32 — Homologar modelos e construir ModelGateway,"Revisar as dez tarefas, executar a demonstração do sprint, confrontar critérios e registrar decisão go/no-go.",reports/S32/acceptance.md,"Instalar pacote aprovado, detectar corrupção e obter resposta local cancelável. Todas as dependências aceitas; evidências vinculadas a revisão/ambiente; nenhum blocker de integridade/segurança.",SL-S32-01; SL-S32-02; SL-S32-03; SL-S32-04; SL-S32-05; SL-S32-06; SL-S32-07; SL-S32-08; SL-S32-09; SL-S32-10,R07; R08; R09; R20; R27; R30,Não iniciado,P0,Crítico,Obrigatória para fechar a versão aprovada,Autor,,,reports/S32/acceptance.md,,,PENDENTE,
353,SL-S33-01,v0.6.0,S33,LocalAI / sumarização,Adaptação,Contrato,Definir resultado de resumo,"Registrar texto, revisão, modelo, prompt, cobertura e fontes relevantes.",schemas/summary-result.json,Ausência de cobertura completa é representável e não mascarada.,SL-S27-GATE; SL-S28-GATE; SL-S30-GATE; SL-S32-GATE,R14; R19; R23; R27,Não iniciado,P0,Alto,Obrigatória no escopo da versão,Autor + agente de IA,,,reports/S33/SL-S33-01.md,,,PENDENTE,
354,SL-S33-02,v0.6.0,S33,LocalAI / sumarização,Adaptação,Implementação,Criar prompt/validador curto,Pedir síntese densa e controlar extensão por idioma sem exigir slogans.,crates/enrichment/src/executive_summary.rs,Resultado de 2–5 frases é verificável; excesso/insuficiência aciona tratamento explícito.,SL-S33-01,R14; R19; R23; R27,Não iniciado,P1,Alto,Obrigatória no escopo da versão,Autor + agente de IA,,,reports/S33/SL-S33-02.md,,,PENDENTE,
355,SL-S33-03,v0.6.0,S33,LocalAI / sumarização,Adaptação,Implementação,Implementar rota de documento curto,Ler conteúdo normalizado autorizado e chamar modelo leve.,crates/enrichment/src/summary_short.rs,Não usa apenas título ou snippet como se tivesse lido o corpo.,SL-S33-02,R14; R19; R23; R27,Não iniciado,P1,Alto,Obrigatória no escopo da versão,Autor + agente de IA,,,reports/S33/SL-S33-03.md,,,PENDENTE,
356,SL-S33-04,v0.6.0,S33,LocalAI / sumarização,Adaptação,Implementação,Implementar rota hierárquica,Resumir seções sob budget e consolidar sem duplicar chamadas desnecessárias.,crates/enrichment/src/summary_long.rs,Documento além do contexto não é truncado silenciosamente aos primeiros tokens.,SL-S33-03,R14; R19; R23; R27,Não iniciado,P1,Alto,Obrigatória no escopo da versão,Autor + agente de IA,,,reports/S33/SL-S33-04.md,,,PENDENTE,
357,SL-S33-05,v0.6.0,S33,LocalAI / sumarização,Adaptação,Implementação,Preservar evidências/limitações,Associar afirmações importantes ou referências disponíveis ao material de entrada.,crates/enrichment/src/summary_provenance.rs,Resumo não recebe status de fonte primária e não inventa localização ausente.,SL-S33-04,R14; R19; R23; R27,Não iniciado,P1,Alto,Obrigatória no escopo da versão,Autor + agente de IA,,,reports/S33/SL-S33-05.md,,,PENDENTE,
358,SL-S33-06,v0.6.0,S33,LocalAI / sumarização,Adaptação,Implementação,Persistir gerado versus editado,Separar proposta automática e versão confirmada pelo usuário.,crates/enrichment/src/summary_state.rs,Reindexação/reexecução não substitui resumo editado.,SL-S33-05,R14; R19; R23; R27,Não iniciado,P1,Alto,Obrigatória no escopo da versão,Autor + agente de IA,,,reports/S33/SL-S33-06.md,,,PENDENTE,
359,SL-S33-07,v0.6.0,S33,LocalAI / sumarização,Adaptação,Implementação,Criar UI de revisão,"Exibir origem automática, regenerar, editar, aceitar e restaurar.",apps/desktop/src/ingest/summary.ts,Ação é reversível e não depende de alterar o original capturado.,SL-S33-06,R14; R19; R23; R27,Não iniciado,P1,Alto,Obrigatória no escopo da versão,Autor + agente de IA,,,reports/S33/SL-S33-07.md,,,PENDENTE,
360,SL-S33-08,v0.6.0,S33,LocalAI / sumarização,Adaptação,Implementação,Controlar cache por revisão,Reutilizar somente quando conteúdo/modelo/prompt compatíveis.,crates/enrichment/src/summary_cache.rs,Alterar o texto invalida resumo; mover cartão não o invalida.,SL-S33-07,R14; R19; R23; R27,Não iniciado,P1,Alto,Obrigatória no escopo da versão,Autor + agente de IA,,,reports/S33/SL-S33-08.md,,,PENDENTE,
361,SL-S33-09,v0.6.0,S33,LocalAI / sumarização,Adaptação,Teste,Avaliar factualidade no corpus,"Medir omissões, números errados, idioma e abstenção em extração parcial.",tests/eval/summaries/,"Falhas são registradas contra conjunto reservado, não resolvidas apenas mudando o exemplo de demonstração.",SL-S33-08,R14; R19; R23; R27,Não iniciado,P1,Alto,Obrigatória no escopo da versão,Autor + agente de IA,,,reports/S33/SL-S33-09.md,,,PENDENTE,
362,SL-S33-10,v0.6.0,S33,LocalAI / sumarização,Adaptação,Teste,Testar ausência de modelo/OOM,Manter captura e permitir revisão futura ou escrita manual do resumo.,reports/summary/failure.md,Enriquecimento opcional não torna o acervo indisponível.,SL-S33-09,R14; R19; R23; R27,Não iniciado,P1,Alto,Obrigatória no escopo da versão,Autor + agente de IA,,,reports/S33/SL-S33-10.md,,,PENDENTE,
363,SL-S33-GATE,v0.6.0,S33,LocalAI / sumarização,Aceite humano,Gate,Aceitar S33 — Implementar resumo executivo e enriquecimento gerativo,"Revisar as dez tarefas, executar a demonstração do sprint, confrontar critérios e registrar decisão go/no-go.",reports/S33/acceptance.md,"Resumir documento, corrigir o texto e reprocessar sem perder a correção. Todas as dependências aceitas; evidências vinculadas a revisão/ambiente; nenhum blocker de integridade/segurança.",SL-S33-01; SL-S33-02; SL-S33-03; SL-S33-04; SL-S33-05; SL-S33-06; SL-S33-07; SL-S33-08; SL-S33-09; SL-S33-10,R14; R19; R23; R27,Não iniciado,P0,Alto,Obrigatória para fechar a versão aprovada,Autor,,,reports/S33/acceptance.md,,,PENDENTE,
364,SL-S34-01,v0.6.0,S34,Jev / DecisionProvider,Integração,Upstream,Fixar contrato da API,"Registrar SDK/endpoint/modelo, termos, limites e formato de respostas observados.",upstream/jev/contract.json,Integração identifica oferta hospedada; código aberto do cliente não é confundido com pesos disponíveis.,SL-S23-GATE; SL-S30-GATE; SL-S32-GATE,R07; R08; R18; R33; R34,Não iniciado,P0,Crítico,Obrigatória no escopo da versão,Autor + agente de IA,,,reports/S34/SL-S34-01.md,,,PENDENTE,
365,SL-S34-02,v0.6.0,S34,Jev / DecisionProvider,Integração,Contrato,Definir DecisionRequest/Result,"Modelar Choice, Score e Noul com campos distintos e proveniência.",schemas/decision-v0.json,Noul não ganha confidence inventada e score local não é rotulado como Jev.,SL-S34-01,R07; R08; R18; R33; R34,Não iniciado,P0,Crítico,Obrigatória no escopo da versão,Autor + agente de IA,,,reports/S34/SL-S34-02.md,,,PENDENTE,
366,SL-S34-03,v0.6.0,S34,Jev / DecisionProvider,Integração,Implementação,Implementar armazenamento de chave,Usar cofre de credenciais do SO e não expor segredo à UI/logs.,adapters/jev/credentials.rs,Export do Vault e Git não contêm chave nem headers sensíveis.,SL-S34-02,R07; R08; R18; R33; R34,Não iniciado,P0,Crítico,Obrigatória no escopo da versão,Autor + agente de IA,,,reports/S34/SL-S34-03.md,,,PENDENTE,
367,SL-S34-04,v0.6.0,S34,Jev / DecisionProvider,Integração,Implementação,Aplicar EgressPolicy antes da chamada,"Verificar consentimento, escopo e conteúdo autorizado por tarefa.",adapters/jev/egress.rs,Classificador não recebe dados para decidir se o próprio envio é permitido.,SL-S34-03,R07; R08; R18; R33; R34,Não iniciado,P0,Crítico,Obrigatória no escopo da versão,Autor + agente de IA,,,reports/S34/SL-S34-04.md,,,PENDENTE,
368,SL-S34-05,v0.6.0,S34,Jev / DecisionProvider,Integração,Implementação,Criar cliente com limites,"Tratar timeout, rate limit, retries controlados, custo/uso disponível e cancelamento.",adapters/jev/client.rs,Retry não ocorre ilimitadamente nem ignora revogação de consentimento.,SL-S34-04,R07; R08; R18; R33; R34,Não iniciado,P0,Crítico,Obrigatória no escopo da versão,Autor + agente de IA,,,reports/S34/SL-S34-05.md,,,PENDENTE,
369,SL-S34-06,v0.6.0,S34,Jev / DecisionProvider,Integração,Implementação,Mapear categoria Choice,Incluir candidatos e opção nenhuma/insuficiente quando pertinente.,adapters/jev/category.rs,Categoria fora dos candidatos não é inventada por parsing de texto livre.,SL-S34-05,R07; R08; R18; R33; R34,Não iniciado,P0,Crítico,Obrigatória no escopo da versão,Autor + agente de IA,,,reports/S34/SL-S34-06.md,,,PENDENTE,
370,SL-S34-07,v0.6.0,S34,Jev / DecisionProvider,Integração,Implementação,Mapear tags Noul,Avaliar pertencimento independente por candidato em lote quando suportado.,adapters/jev/tags.rs,Tags não se tornam mutuamente exclusivas e probability não é tratada como verdade garantida.,SL-S34-06,R07; R08; R18; R33; R34,Não iniciado,P0,Crítico,Obrigatória no escopo da versão,Autor + agente de IA,,,reports/S34/SL-S34-07.md,,,PENDENTE,
371,SL-S34-08,v0.6.0,S34,Jev / DecisionProvider,Integração,Implementação,Mapear rubricas Score,Versionar níveis e preservar distribuições/identidade do critério.,adapters/jev/scores.rs,Mudar rubrica invalida comparação indevida com scores antigos.,SL-S34-07,R07; R08; R18; R33; R34,Não iniciado,P0,Crítico,Obrigatória no escopo da versão,Autor + agente de IA,,,reports/S34/SL-S34-08.md,,,PENDENTE,
372,SL-S34-09,v0.6.0,S34,Jev / DecisionProvider,Integração,Teste,Criar transporte fake e testes de falha,"Simular respostas válidas, recusa, timeout, segredo ausente e payload inválido.",tests/decision/jev-contract/,CI passa sem chave e sem chamada faturável; falhas não aplicam decisões parciais indevidas.,SL-S34-08,R07; R08; R18; R33; R34,Não iniciado,P0,Crítico,Obrigatória no escopo da versão,Autor + agente de IA,,,reports/S34/SL-S34-09.md,,,PENDENTE,
373,SL-S34-10,v0.6.0,S34,Jev / DecisionProvider,Integração,Teste,Executar smoke real consentido,Usar corpus não sensível e orçamento aprovado; registrar versão e métricas.,reports/jev/live-smoke.md,Teste não executado permanece pendente; resultado real não é fabricado a partir do mock.,SL-S34-09,R07; R08; R18; R33; R34,Não iniciado,P0,Crítico,Obrigatória no escopo da versão,Autor + agente de IA,,,reports/S34/SL-S34-10.md,,,PENDENTE,
374,SL-S34-GATE,v0.6.0,S34,Jev / DecisionProvider,Aceite humano,Gate,Aceitar S34 — Integrar Jev como motor de decisões,"Revisar as dez tarefas, executar a demonstração do sprint, confrontar critérios e registrar decisão go/no-go.",reports/S34/acceptance.md,Classificar fixture autorizada e negar a mesma chamada quando a política de rede proíbe. Todas as dependências aceitas; evidências vinculadas a revisão/ambiente; nenhum blocker de integridade/segurança.,SL-S34-01; SL-S34-02; SL-S34-03; SL-S34-04; SL-S34-05; SL-S34-06; SL-S34-07; SL-S34-08; SL-S34-09; SL-S34-10,R07; R08; R18; R33; R34,Não iniciado,P0,Crítico,Obrigatória para fechar a versão aprovada,Autor,,,reports/S34/acceptance.md,,,PENDENTE,
375,SL-S35-01,v0.6.0,S35,TaxonomyService / Jev,Próprio,Implementação,Persistir taxonomia por IDs,"Guardar termos, idioma, descrições, aliases e origem das decisões.",crates/taxonomy/src/store.rs,Apagar DB não perde termos/aliases aprovados.,SL-S32-GATE; SL-S34-GATE,R02; R07; R18; R20; R28,Não iniciado,P1,Médio,Obrigatória no escopo da versão,Autor + agente de IA,,,reports/S35/SL-S35-01.md,,,PENDENTE,
376,SL-S35-02,v0.6.0,S35,TaxonomyService / Jev,Próprio,Implementação,Recuperar candidatos,Combinar léxico e embeddings aprovados sem misturar espaços incompatíveis.,crates/taxonomy/src/candidates.rs,"Categoria correta fora do top-k pode levar a expansão/abstenção, não escolha forçada silenciosa.",SL-S35-01,R02; R07; R18; R20; R28,Não iniciado,P1,Médio,Obrigatória no escopo da versão,Autor + agente de IA,,,reports/S35/SL-S35-02.md,,,PENDENTE,
377,SL-S35-03,v0.6.0,S35,TaxonomyService / Jev,Próprio,Decisão,Calibrar política de aceitação,Resolver ADR-012 com conjunto separado de avaliação e tolerância a erro.,docs/adr/012-taxonomy-policy.md,Thresholds não são copiados cegamente do RFC nem tratados como universais.,SL-S35-02,R02; R07; R18; R20; R28,Não iniciado,P0,Médio,Obrigatória no escopo da versão,Autor,,,reports/S35/SL-S35-03.md,,,PENDENTE,
378,SL-S35-04,v0.6.0,S35,TaxonomyService / Jev,Próprio,Implementação,Aplicar decisões reversíveis,"Diferenciar sugerido, aceito automaticamente, confirmado e rejeitado.",crates/taxonomy/src/decisions.rs,Cada mutação tem origem e pode ser revertida sem apagar decisão humana posterior.,SL-S35-03,R02; R07; R18; R20; R28,Não iniciado,P1,Médio,Obrigatória no escopo da versão,Autor + agente de IA,,,reports/S35/SL-S35-04.md,,,PENDENTE,
379,SL-S35-05,v0.6.0,S35,TaxonomyService / Jev,Próprio,Implementação,Propor novos termos,Usar extração/modelo generativo com validação; Jev avalia candidatos quando autorizado.,crates/taxonomy/src/new_terms.rs,Jev não é chamado para gerar string livre inexistente em suas primitivas.,SL-S35-04,R02; R07; R18; R20; R28,Não iniciado,P1,Médio,Obrigatória no escopo da versão,Autor + agente de IA,,,reports/S35/SL-S35-05.md,,,PENDENTE,
380,SL-S35-06,v0.6.0,S35,TaxonomyService / Jev,Próprio,Implementação,Proteger merges/aliases,"Transformar distância/similaridade em sugestão revisável, não fusão silenciosa.",crates/taxonomy/src/aliases.rs,Termos parecidos mas diferentes permanecem distintos sem aprovação.,SL-S35-05,R02; R07; R18; R20; R28,Não iniciado,P1,Médio,Obrigatória no escopo da versão,Autor + agente de IA,,,reports/S35/SL-S35-06.md,,,PENDENTE,
381,SL-S35-07,v0.6.0,S35,TaxonomyService / Jev,Próprio,Implementação,Implementar fallback local,Usar modelo homologado com schema e registrar ausência de calibração equivalente.,crates/taxonomy/src/local_fallback.rs,Probabilidades/confidence não são inventadas para imitar resultado Jev.,SL-S35-06,R02; R07; R18; R20; R28,Não iniciado,P1,Médio,Obrigatória no escopo da versão,Autor + agente de IA,,,reports/S35/SL-S35-07.md,,,PENDENTE,
382,SL-S35-08,v0.6.0,S35,TaxonomyService / Jev,Próprio,Implementação,Implementar fallback sem modelo,Regras léxicas ou pendência/revisão manual sem precisar carregar embeddings por OOM.,crates/taxonomy/src/heuristic_fallback.rs,Máquina sem RAM/rede continua capturando material e mostra estado correto.,SL-S35-07,R02; R07; R18; R20; R28,Não iniciado,P1,Médio,Obrigatória no escopo da versão,Autor + agente de IA,,,reports/S35/SL-S35-08.md,,,PENDENTE,
383,SL-S35-09,v0.6.0,S35,TaxonomyService / Jev,Próprio,Implementação,Criar UI de revisão taxonômica,"Filtrar sugestões, editar, confirmar e desfazer em lote com preview.",apps/desktop/src/taxonomy/,Bulk action não altera itens fora do conjunto aprovado nem esconde baixa confiança.,SL-S35-08,R02; R07; R18; R20; R28,Não iniciado,P1,Médio,Obrigatória no escopo da versão,Autor + agente de IA,,,reports/S35/SL-S35-09.md,,,PENDENTE,
384,SL-S35-10,v0.6.0,S35,TaxonomyService / Jev,Próprio,Teste,Avaliar português e casos ambíguos,"Medir categoria, multilabel, abstention e merges indevidos.",reports/taxonomy/evaluation.json,Regressões em corpus reservado impedem habilitar automação mais agressiva.,SL-S35-09,R02; R07; R18; R20; R28,Não iniciado,P1,Médio,Obrigatória no escopo da versão,Autor + agente de IA,,,reports/S35/SL-S35-10.md,,,PENDENTE,
385,SL-S35-GATE,v0.6.0,S35,TaxonomyService / Jev,Aceite humano,Gate,Aceitar S35 — Implementar taxonomia e fallback de classificação,"Revisar as dez tarefas, executar a demonstração do sprint, confrontar critérios e registrar decisão go/no-go.",reports/S35/acceptance.md,"Aplicar sugestão, desfazer e manter classificação utilizável sem a API. Todas as dependências aceitas; evidências vinculadas a revisão/ambiente; nenhum blocker de integridade/segurança.",SL-S35-01; SL-S35-02; SL-S35-03; SL-S35-04; SL-S35-05; SL-S35-06; SL-S35-07; SL-S35-08; SL-S35-09; SL-S35-10,R02; R07; R18; R20; R28,Não iniciado,P0,Médio,Obrigatória para fechar a versão aprovada,Autor,,,reports/S35/acceptance.md,,,PENDENTE,
386,SL-S36-01,v0.6.0,S36,Transcrição / Ingest integrado,Integração,Upstream,Fixar backend de transcrição,Selecionar rota LocalAI/Whisper homologada e dependências de decodificação.,upstream/transcription/manifest.json,Licenças e binários auxiliares estão inventariados; suporte não é presumido por extensão.,SL-S30-GATE; SL-S32-GATE; SL-S33-GATE; SL-S35-GATE,R09; R14; R16; R18; R19; R27,Não iniciado,P1,Alto,Obrigatória no escopo da versão,Autor + agente de IA,,,reports/S36/SL-S36-01.md,,,PENDENTE,
387,SL-S36-02,v0.6.0,S36,Transcrição / Ingest integrado,Integração,Contrato,Definir transcript e timestamps,"Modelar segmentos, idioma, revisão da fonte e cobertura parcial.",schemas/transcript-v0.json,Segmento cita tempo e arquivo/hash corretos; diarização não é prometida sem implementação.,SL-S36-01,R09; R14; R16; R18; R19; R27,Não iniciado,P0,Alto,Obrigatória no escopo da versão,Autor + agente de IA,,,reports/S36/SL-S36-02.md,,,PENDENTE,
388,SL-S36-03,v0.6.0,S36,Transcrição / Ingest integrado,Integração,Implementação,Preparar áudio com limites,Decodificar/normalizar em worker autorizado e controlar arquivos temporários.,workers/transcription/input/,Arquivo corrompido ou excessivo não trava Core nem executa comando montado com entrada não confiável.,SL-S36-02,R09; R14; R16; R18; R19; R27,Não iniciado,P1,Alto,Obrigatória no escopo da versão,Autor + agente de IA,,,reports/S36/SL-S36-03.md,,,PENDENTE,
389,SL-S36-04,v0.6.0,S36,Transcrição / Ingest integrado,Integração,Implementação,Executar transcrição,"Integrar backend por jobs e orçamento, com cancelamento real.",workers/transcription/adapter/,Tarefa interrompida libera recursos e conserva original/segmentos aproveitáveis conforme contrato.,SL-S36-03,R09; R14; R16; R18; R19; R27,Não iniciado,P1,Alto,Obrigatória no escopo da versão,Autor + agente de IA,,,reports/S36/SL-S36-04.md,,,PENDENTE,
390,SL-S36-05,v0.6.0,S36,Transcrição / Ingest integrado,Integração,Implementação,Persistir texto corrigível,Manter transcrição gerada e revisão humana separadas.,crates/ingest/src/transcripts.rs,Reprocessamento não apaga correções manuais nem perde timestamps originais.,SL-S36-04,R09; R14; R16; R18; R19; R27,Não iniciado,P1,Alto,Obrigatória no escopo da versão,Autor + agente de IA,,,reports/S36/SL-S36-05.md,,,PENDENTE,
391,SL-S36-06,v0.6.0,S36,Transcrição / Ingest integrado,Integração,Implementação,Unificar estados de enriquecimento,"Acompanhar extração, resumo, classificação e embeddings independentemente.",crates/ingest/src/enrichment_state.rs,Falha em uma etapa não falsifica sucesso das demais ou bloqueia leitura do item.,SL-S36-05,R09; R14; R16; R18; R19; R27,Não iniciado,P1,Alto,Obrigatória no escopo da versão,Autor + agente de IA,,,reports/S36/SL-S36-06.md,,,PENDENTE,
392,SL-S36-07,v0.6.0,S36,Transcrição / Ingest integrado,Integração,Implementação,Evitar competição de modelos,Priorizar UI e reagendar OCR/STT/geração conforme perfil.,crates/jobs/src/model_scheduling.rs,Workloads simultâneos não ultrapassam política aprovada por serem jobs independentes.,SL-S36-06,R09; R14; R16; R18; R19; R27,Não iniciado,P1,Alto,Obrigatória no escopo da versão,Autor + agente de IA,,,reports/S36/SL-S36-07.md,,,PENDENTE,
393,SL-S36-08,v0.6.0,S36,Transcrição / Ingest integrado,Integração,Teste,Avaliar transcrição portuguesa,Medir erros e alinhamento temporal no corpus reservado.,reports/transcription/qualification.json,Limitações de idioma/ruído são expostas; transcrição não é tratada como citação perfeita sem revisão.,SL-S36-07,R09; R14; R16; R18; R19; R27,Não iniciado,P1,Alto,Obrigatória no escopo da versão,Autor + agente de IA,,,reports/S36/SL-S36-08.md,,,PENDENTE,
394,SL-S36-09,v0.6.0,S36,Transcrição / Ingest integrado,Integração,Teste,Executar jornada sem chave/rede,"Classificar por fallback, resumir localmente e transcrever com artefatos instalados.",reports/v0.6/offline-enrichment.md,Ausência Jev/BYOK não provoca requisição escondida ou perda de captura.,SL-S36-08,R09; R14; R16; R18; R19; R27,Não iniciado,P1,Alto,Obrigatória no escopo da versão,Autor + agente de IA,,,reports/S36/SL-S36-09.md,,,PENDENTE,
395,SL-S36-10,v0.6.0,S36,Transcrição / Ingest integrado,Integração,Release,Publicar alpha assistida,"Empacotar perfis aprovados, diagnóstico de modelo e documentação de consentimento.",release/v0.6.0/,Capacidade só é anunciada nos alvos/perfis em que foi testada.,SL-S36-09,R09; R14; R16; R18; R19; R27,Não iniciado,P1,Alto,Obrigatória no escopo da versão,Autor,,,reports/S36/SL-S36-10.md,,,PENDENTE,
396,SL-S36-GATE,v0.6.0,S36,Transcrição / Ingest integrado,Aceite humano,Gate,Aceitar S36 — Transcrever mídia e concluir enriquecimento do Ingest,"Revisar as dez tarefas, executar a demonstração do sprint, confrontar critérios e registrar decisão go/no-go.",reports/S36/acceptance.md,"Importar áudio e documento, continuar editando e acompanhar cada resultado separadamente. Todas as dependências aceitas; evidências vinculadas a revisão/ambiente; nenhum blocker de integridade/segurança.",SL-S36-01; SL-S36-02; SL-S36-03; SL-S36-04; SL-S36-05; SL-S36-06; SL-S36-07; SL-S36-08; SL-S36-09; SL-S36-10,R09; R14; R16; R18; R19; R27,Não iniciado,P0,Alto,Obrigatória para fechar a versão aprovada,Autor,,,reports/S36/acceptance.md,,,PENDENTE,
397,SL-S37-01,v0.7.0,S37,SearchService / avaliação,Próprio,Contrato,Definir SearchDocument,"Identificar item, tipo, escopo, revisão, bloco, localizador e estado editorial.",schemas/search-document-v0.json,Peça derivada e fonte externa podem ser filtradas separadamente.,SL-S05-GATE; SL-S10-GATE; SL-S22-GATE; SL-S32-GATE; SL-S36-GATE,R02; R20; R21; R34,Não iniciado,P0,Médio,Obrigatória no escopo da versão,Autor + agente de IA,,,reports/S37/SL-S37-01.md,,,PENDENTE,
398,SL-S37-02,v0.7.0,S37,SearchService / avaliação,Próprio,Contrato,Definir SearchQuery/Hit,"Incluir filtros, top-k, budget, score/origem e referência de evidência.",schemas/search-query-v0.json,Resultado não entrega path arbitrário para ferramenta abrir.,SL-S37-01,R02; R20; R21; R34,Não iniciado,P0,Médio,Obrigatória no escopo da versão,Autor + agente de IA,,,reports/S37/SL-S37-02.md,,,PENDENTE,
399,SL-S37-03,v0.7.0,S37,SearchService / avaliação,Próprio,Implementação,Criar interface SearchProvider,"Delimitar upsert, delete, query, health, rebuild e capabilities.",crates/search/src/provider.rs,Domínio compila contra interface sem SDK privado de Qdrant/Helix espalhado.,SL-S37-02,R02; R20; R21; R34,Não iniciado,P1,Médio,Obrigatória no escopo da versão,Autor + agente de IA,,,reports/S37/SL-S37-03.md,,,PENDENTE,
400,SL-S37-04,v0.7.0,S37,SearchService / avaliação,Próprio,Implementação,Definir unidades de indexação,Usar seções/blocos com vínculo ao item; resumo é representação adicional.,crates/search/src/units.rs,Recuperação não depende só do resumo de 2–5 frases nem trata canvas como chunks cegos.,SL-S37-03,R02; R20; R21; R34,Não iniciado,P1,Médio,Obrigatória no escopo da versão,Autor + agente de IA,,,reports/S37/SL-S37-04.md,,,PENDENTE,
401,SL-S37-05,v0.7.0,S37,SearchService / avaliação,Próprio,Implementação,Integrar embeddings versionados,Associar manifesto e rejeitar dimensão/espaço divergente.,crates/search/src/vector_manifest.rs,"Troca de modelo exige reindexação ou coleção distinta, sem mesclar vetores.",SL-S37-04,R02; R20; R21; R34,Não iniciado,P1,Médio,Obrigatória no escopo da versão,Autor + agente de IA,,,reports/S37/SL-S37-05.md,,,PENDENTE,
402,SL-S37-06,v0.7.0,S37,SearchService / avaliação,Próprio,Implementação,Construir baseline léxico,Usar FTS5 ou baseline equivalente para comparar ganhos reais.,experiments/search/lexical-baseline/,Busca semântica não é declarada superior sem comparação com léxico.,SL-S37-05,R02; R20; R21; R34,Não iniciado,P1,Médio,Obrigatória no escopo da versão,Autor + agente de IA,,,reports/S37/SL-S37-06.md,,,PENDENTE,
403,SL-S37-07,v0.7.0,S37,SearchService / avaliação,Próprio,Teste,Fixar protocolo de avaliação,"Definir recall/ranking, filtros, exclusão, latência, memória e cold start.",experiments/search/protocol.md,"Métricas, corpus reservado e método são idênticos para os dois candidatos.",SL-S37-06,R02; R20; R21; R34,Não iniciado,P1,Médio,Obrigatória no escopo da versão,Autor + agente de IA,,,reports/S37/SL-S37-07.md,,,PENDENTE,
404,SL-S37-08,v0.7.0,S37,SearchService / avaliação,Próprio,Teste,Criar suíte de conformidade,"Testar IDs, revision update, tombstone, filtros e reconstrução.",tests/contracts/search-provider/,Provider fake malicioso falha ao retornar item de outro escopo ou revisão obsoleta.,SL-S37-07,R02; R20; R21; R34,Não iniciado,P1,Médio,Obrigatória no escopo da versão,Autor + agente de IA,,,reports/S37/SL-S37-08.md,,,PENDENTE,
405,SL-S37-09,v0.7.0,S37,SearchService / avaliação,Próprio,Teste,Preparar escalas de corpus,Medir conjuntos pequeno/médio/grande escolhidos antes dos resultados.,experiments/search/datasets.yaml,Tamanho/semântica não mudam para favorecer um candidato depois da medição.,SL-S37-08,R02; R20; R21; R34,Não iniciado,P1,Médio,Obrigatória no escopo da versão,Autor + agente de IA,,,reports/S37/SL-S37-09.md,,,PENDENTE,
406,SL-S37-10,v0.7.0,S37,SearchService / avaliação,Próprio,Decisão,Fixar regra de escolha,"Priorizar correção, distribuição/licença, recursos e depois desempenho.",experiments/search/decision-rubric.md,"Empate ou inviabilidade possui regra de replanejamento, não escolha por preferência não registrada.",SL-S37-09,R02; R20; R21; R34,Não iniciado,P0,Médio,Obrigatória no escopo da versão,Autor,,,reports/S37/SL-S37-10.md,,,PENDENTE,
407,SL-S37-GATE,v0.7.0,S37,SearchService / avaliação,Aceite humano,Gate,Aceitar S37 — Definir contrato e bancada de busca híbrida,"Revisar as dez tarefas, executar a demonstração do sprint, confrontar critérios e registrar decisão go/no-go.",reports/S37/acceptance.md,Mesma fixture/consulta roda em providers fake e produz ranking/evidências verificáveis. Todas as dependências aceitas; evidências vinculadas a revisão/ambiente; nenhum blocker de integridade/segurança.,SL-S37-01; SL-S37-02; SL-S37-03; SL-S37-04; SL-S37-05; SL-S37-06; SL-S37-07; SL-S37-08; SL-S37-09; SL-S37-10,R02; R20; R21; R34,Não iniciado,P0,Médio,Obrigatória para fechar a versão aprovada,Autor,,,reports/S37/acceptance.md,,,PENDENTE,
408,SL-S38-01,v0.7.0,S38,Qdrant / candidato A,Spike de motor,Upstream,Fixar revisão/artefato Qdrant,"Auditar Edge e Server, APIs disponíveis, licença e dependências.",experiments/search/qdrant/manifest.json,Não se presume paridade Edge/Server ou licença apenas pela marca.,SL-S37-GATE,R01; R20; R21; R30; R33,Não iniciado,P0,Crítico,Obrigatória no escopo da versão,Autor + agente de IA,,,reports/S38/SL-S38-01.md,,,PENDENTE,
409,SL-S38-02,v0.7.0,S38,Qdrant / candidato A,Spike de motor,Spike,Escolher modo de prova,Comparar exigências embutido versus processo local para o conjunto requerido.,experiments/search/qdrant/mode.md,Motivo do modo e recursos indisponíveis ficam explícitos.,SL-S38-01,R01; R20; R21; R30; R33,Não iniciado,P0,Crítico,Obrigatória no escopo da versão,Autor + agente de IA,,,reports/S38/SL-S38-02.md,,,PENDENTE,
410,SL-S38-03,v0.7.0,S38,Qdrant / candidato A,Spike de motor,Implementação,Montar harness mínimo,Abrir engine/serviço em diretório temporário e expor contrato experimental.,experiments/search/qdrant/adapter/,Nenhuma UI do produto depende deste candidato antes da decisão.,SL-S38-02,R01; R20; R21; R30; R33,Não iniciado,P0,Crítico,Obrigatória no escopo da versão,Autor + agente de IA,,,reports/S38/SL-S38-03.md,,,PENDENTE,
411,SL-S38-04,v0.7.0,S38,Qdrant / candidato A,Spike de motor,Teste,Exercitar CRUD e revisões,"Inserir, atualizar, excluir e reiniciar com IDs do contrato.",reports/search/qdrant/crud.json,"Evidência registra resultado de cada caso; falha funcional torna candidato rejeitado, não teste omitido.",SL-S38-03,R01; R20; R21; R30; R33,Não iniciado,P0,Crítico,Obrigatória no escopo da versão,Autor + agente de IA,,,reports/S38/SL-S38-04.md,,,PENDENTE,
412,SL-S38-05,v0.7.0,S38,Qdrant / candidato A,Spike de motor,Teste,Exercitar filtros de escopo,"Consultar tipos, workspaces, revisões e estados editoriais.",reports/search/qdrant/filters.json,Não há hits fora do escopo nos casos válidos; incompatibilidade é conclusiva.,SL-S38-04,R01; R20; R21; R30; R33,Não iniciado,P0,Crítico,Obrigatória no escopo da versão,Autor + agente de IA,,,reports/S38/SL-S38-05.md,,,PENDENTE,
413,SL-S38-06,v0.7.0,S38,Qdrant / candidato A,Spike de motor,Teste,Exercitar caminho híbrido,Combinar dense/sparse ou léxico externo conforme capabilities reais.,reports/search/qdrant/hybrid.json,Fusões e normalizações são documentadas e comparáveis ao baseline.,SL-S38-05,R01; R20; R21; R30; R33,Não iniciado,P0,Crítico,Obrigatória no escopo da versão,Autor + agente de IA,,,reports/S38/SL-S38-06.md,,,PENDENTE,
414,SL-S38-07,v0.7.0,S38,Qdrant / candidato A,Spike de motor,Teste,Medir busca/indexação,Executar protocolo reservado e guardar resultados brutos.,reports/search/qdrant/performance.json,"Memória/latência incluem modo de execução usado, não números promocionais.",SL-S38-06,R01; R20; R21; R30; R33,Não iniciado,P0,Crítico,Obrigatória no escopo da versão,Autor + agente de IA,,,reports/S38/SL-S38-07.md,,,PENDENTE,
415,SL-S38-08,v0.7.0,S38,Qdrant / candidato A,Spike de motor,Teste,Exercitar falha/rebuild,"Interromper índice, apagar cache e reconstruir do corpus canônico.",reports/search/qdrant/recovery.json,Dados autorais não dependem do candidato; recuperação e limitações são observadas.,SL-S38-07,R01; R20; R21; R30; R33,Não iniciado,P0,Crítico,Obrigatória no escopo da versão,Autor + agente de IA,,,reports/S38/SL-S38-08.md,,,PENDENTE,
416,SL-S38-09,v0.7.0,S38,Qdrant / candidato A,Spike de motor,Spike,Verificar distribuição,Testar empacotamento e dependências nos alvos prioritários e mapear pendências dos demais.,reports/search/qdrant/packaging.md,Suporte não observado permanece pendente; cenário experimental não vira homologação.,SL-S38-08,R01; R20; R21; R30; R33,Não iniciado,P0,Crítico,Obrigatória no escopo da versão,Autor + agente de IA,,,reports/S38/SL-S38-09.md,,,PENDENTE,
417,SL-S38-10,v0.7.0,S38,Qdrant / candidato A,Spike de motor,Decisão,Consolidar conclusão A,"Marcar capabilities aprovadas, rejeitadas e custos de adaptação.",reports/search/qdrant/conclusion.md,Relatório pode concluir inviabilidade; deve completar o protocolo em vez de mascarar falhas.,SL-S38-09,R01; R20; R21; R30; R33,Não iniciado,P0,Crítico,Obrigatória no escopo da versão,Autor,,,reports/S38/SL-S38-10.md,,,PENDENTE,
418,SL-S38-GATE,v0.7.0,S38,Qdrant / candidato A,Aceite humano,Gate,Aceitar S38 — Avaliar Qdrant sem incorporar servidor completo,"Revisar as dez tarefas, executar a demonstração do sprint, confrontar critérios e registrar decisão go/no-go.",reports/S38/acceptance.md,"Executar conformidade e benchmarks iguais ao candidato B, com conclusão viável/inviável. Todas as dependências aceitas; evidências vinculadas a revisão/ambiente; nenhum blocker de integridade/segurança.",SL-S38-01; SL-S38-02; SL-S38-03; SL-S38-04; SL-S38-05; SL-S38-06; SL-S38-07; SL-S38-08; SL-S38-09; SL-S38-10,R01; R20; R21; R30; R33,Não iniciado,P0,Crítico,Obrigatória para fechar a versão aprovada,Autor,,,reports/S38/acceptance.md,,,PENDENTE,"Uma conclusão negativa fundamentada pode fechar um spike, mas não aprova o motor rejeitado."
419,SL-S39-01,v0.7.0,S39,HelixDB / candidato B,Spike de motor,Upstream,Fixar revisão HelixDB,"Auditar SDK/engine embutido, licença e requisitos de storage/cache.",experiments/search/helix/manifest.json,Modo local/cloud/embedded e geração de API não são misturados.,SL-S37-GATE,R01; R20; R21; R30; R33,Não iniciado,P0,Crítico,Obrigatória no escopo da versão,Autor + agente de IA,,,reports/S39/SL-S39-01.md,,,PENDENTE,
420,SL-S39-02,v0.7.0,S39,HelixDB / candidato B,Spike de motor,Spike,Escolher storage de prova,Usar disco local e perfil explícito de caches sem exigir object storage remoto.,experiments/search/helix/mode.md,Modo atende independência de nuvem ou é classificado incompatível.,SL-S39-01,R01; R20; R21; R30; R33,Não iniciado,P0,Crítico,Obrigatória no escopo da versão,Autor + agente de IA,,,reports/S39/SL-S39-02.md,,,PENDENTE,
421,SL-S39-03,v0.7.0,S39,HelixDB / candidato B,Spike de motor,Implementação,Montar harness mínimo,Traduzir contrato SearchProvider para SDK sem acoplamento da UI.,experiments/search/helix/adapter/,Código é experimental e não instala um segundo backend de produção.,SL-S39-02,R01; R20; R21; R30; R33,Não iniciado,P0,Crítico,Obrigatória no escopo da versão,Autor + agente de IA,,,reports/S39/SL-S39-03.md,,,PENDENTE,
422,SL-S39-04,v0.7.0,S39,HelixDB / candidato B,Spike de motor,Teste,Exercitar CRUD e revisão,"Repetir inserção, exclusão, atualização e reabertura do protocolo.",reports/search/helix/crud.json,Mesmos critérios e IDs do candidato A; falhas preservadas no relatório.,SL-S39-03,R01; R20; R21; R30; R33,Não iniciado,P0,Crítico,Obrigatória no escopo da versão,Autor + agente de IA,,,reports/S39/SL-S39-04.md,,,PENDENTE,
423,SL-S39-05,v0.7.0,S39,HelixDB / candidato B,Spike de motor,Teste,Exercitar filtros e BM25,Verificar busca textual/vetorial e isolamento de escopos.,reports/search/helix/hybrid.json,Operação integrada não mistura conteúdo de workspace não autorizado.,SL-S39-04,R01; R20; R21; R30; R33,Não iniciado,P0,Crítico,Obrigatória no escopo da versão,Autor + agente de IA,,,reports/S39/SL-S39-05.md,,,PENDENTE,
424,SL-S39-06,v0.7.0,S39,HelixDB / candidato B,Spike de motor,Teste,Exercitar relações derivadas,Projetar pequeno grafo canônico e executar consultas úteis ao produto.,reports/search/helix/graph.json,Ganho relacional demonstrado por caso real; grafo no banco não substitui topologia em arquivos.,SL-S39-05,R01; R20; R21; R30; R33,Não iniciado,P0,Crítico,Obrigatória no escopo da versão,Autor + agente de IA,,,reports/S39/SL-S39-06.md,,,PENDENTE,
425,SL-S39-07,v0.7.0,S39,HelixDB / candidato B,Spike de motor,Teste,Medir recursos e consultas,"Aplicar mesmo corpus, warm/cold, filtros e hardware da prova A.",reports/search/helix/performance.json,Caches limitados não são apresentados como limite rígido de RSS total.,SL-S39-06,R01; R20; R21; R30; R33,Não iniciado,P0,Crítico,Obrigatória no escopo da versão,Autor + agente de IA,,,reports/S39/SL-S39-07.md,,,PENDENTE,
426,SL-S39-08,v0.7.0,S39,HelixDB / candidato B,Spike de motor,Teste,Exercitar falha/reconstrução,Apagar ou interromper índice e reconstruir a projeção.,reports/search/helix/recovery.json,Nenhuma autoria só pode ser recuperada do banco.,SL-S39-07,R01; R20; R21; R30; R33,Não iniciado,P0,Crítico,Obrigatória no escopo da versão,Autor + agente de IA,,,reports/S39/SL-S39-08.md,,,PENDENTE,
427,SL-S39-09,v0.7.0,S39,HelixDB / candidato B,Spike de motor,Spike,Verificar distribuição,Inspecionar SDK/runtime por alvo e dependências nativas.,reports/search/helix/packaging.md,"Lacunas de plataforma são fator da decisão, não escondidas como detalhe futuro.",SL-S39-08,R01; R20; R21; R30; R33,Não iniciado,P0,Crítico,Obrigatória no escopo da versão,Autor + agente de IA,,,reports/S39/SL-S39-09.md,,,PENDENTE,
428,SL-S39-10,v0.7.0,S39,HelixDB / candidato B,Spike de motor,Decisão,Consolidar conclusão B,"Registrar viabilidade, lacunas e custo incremental versus Qdrant.",reports/search/helix/conclusion.md,Protocolo termina com evidências comparáveis mesmo quando motor é rejeitado.,SL-S39-09,R01; R20; R21; R30; R33,Não iniciado,P0,Crítico,Obrigatória no escopo da versão,Autor,,,reports/S39/SL-S39-10.md,,,PENDENTE,
429,SL-S39-GATE,v0.7.0,S39,HelixDB / candidato B,Aceite humano,Gate,Aceitar S39 — Avaliar HelixDB sob o mesmo contrato,"Revisar as dez tarefas, executar a demonstração do sprint, confrontar critérios e registrar decisão go/no-go.",reports/S39/acceptance.md,Rodar o mesmo corpus e confrontar resultados com o candidato A. Todas as dependências aceitas; evidências vinculadas a revisão/ambiente; nenhum blocker de integridade/segurança.,SL-S39-01; SL-S39-02; SL-S39-03; SL-S39-04; SL-S39-05; SL-S39-06; SL-S39-07; SL-S39-08; SL-S39-09; SL-S39-10,R01; R20; R21; R30; R33,Não iniciado,P0,Crítico,Obrigatória para fechar a versão aprovada,Autor,,,reports/S39/acceptance.md,,,PENDENTE,"Uma conclusão negativa fundamentada pode fechar um spike, mas não aprova o motor rejeitado."
430,SL-S40-01,v0.7.0,S40,Qdrant OU HelixDB / produção,Integração,Decisão,Aprovar seleção,Confrontar rubrica e relatórios; resolver ADR-013 com veto para requisitos essenciais não atendidos.,docs/adr/013-search-backend.md,"Um candidato escolhido explicitamente; se ambos falham, sprint bloqueia e plano é revisto.",SL-S38-GATE; SL-S39-GATE,R02; R20; R21; R30; R32,Não iniciado,P0,Crítico,Obrigatória no escopo da versão,Autor,,,reports/S40/SL-S40-01.md,,,PENDENTE,
431,SL-S40-02,v0.7.0,S40,Qdrant OU HelixDB / produção,Integração,Implementação,Promover adapter selecionado,Mover somente código necessário do experimento à camada de produção.,adapters/search-selected/,Segundo candidato não é dependência de runtime nem inicia processos.,SL-S40-01,R02; R20; R21; R30; R32,Não iniciado,P0,Crítico,Obrigatória no escopo da versão,Autor + agente de IA,,,reports/S40/SL-S40-02.md,,,PENDENTE,
432,SL-S40-03,v0.7.0,S40,Qdrant OU HelixDB / produção,Integração,Implementação,Integrar índice e manifest,"Versionar schema, engine, embeddings e configuração de armazenamento.",crates/search/src/index_manifest.rs,Índice incompatível é reconstruído/isolado e não lido como se fosse atual.,SL-S40-02,R02; R20; R21; R30; R32,Não iniciado,P0,Crítico,Obrigatória no escopo da versão,Autor + agente de IA,,,reports/S40/SL-S40-03.md,,,PENDENTE,
433,SL-S40-04,v0.7.0,S40,Qdrant OU HelixDB / produção,Integração,Implementação,Integrar backend léxico,"Manter FTS5 ou adotar BM25 do motor conforme ADR, evitando duplicação injustificada.",crates/search/src/lexical.rs,Caminho léxico funciona sem gerar embedding e possui contrato equivalente.,SL-S40-03,R02; R20; R21; R30; R32,Não iniciado,P0,Crítico,Obrigatória no escopo da versão,Autor + agente de IA,,,reports/S40/SL-S40-04.md,,,PENDENTE,
434,SL-S40-05,v0.7.0,S40,Qdrant OU HelixDB / produção,Integração,Implementação,Implementar fusão RRF,Combinar rankings no coordenador quando motores forem separados.,crates/search/src/fusion.rs,Fórmula/testes não dependem da antiga query SQL única com sqlite-vec.,SL-S40-04,R02; R20; R21; R30; R32,Não iniciado,P0,Crítico,Obrigatória no escopo da versão,Autor + agente de IA,,,reports/S40/SL-S40-05.md,,,PENDENTE,
435,SL-S40-06,v0.7.0,S40,Qdrant OU HelixDB / produção,Integração,Implementação,Aplicar autorização a hits,Filtrar/validar escopo e revisão antes de expor conteúdo.,crates/search/src/authorization.rs,Resultado inesperado do backend não contorna o ToolBroker.,SL-S40-05,R02; R20; R21; R30; R32,Não iniciado,P0,Crítico,Obrigatória no escopo da versão,Autor + agente de IA,,,reports/S40/SL-S40-06.md,,,PENDENTE,
436,SL-S40-07,v0.7.0,S40,Qdrant OU HelixDB / produção,Integração,Implementação,Integrar geração de consultas vetoriais,Usar mesmo espaço aprovado e fallback léxico em indisponibilidade.,crates/search/src/query_vectors.rs,"Modelo descarregado pode causar latência explícita, não envio externo automático.",SL-S40-06,R02; R20; R21; R30; R32,Não iniciado,P0,Crítico,Obrigatória no escopo da versão,Autor + agente de IA,,,reports/S40/SL-S40-07.md,,,PENDENTE,
437,SL-S40-08,v0.7.0,S40,Qdrant OU HelixDB / produção,Integração,Implementação,Conectar lifecycle e métricas,"Abrir/fechar engine, gerenciar recursos e expor diagnóstico.",crates/search/src/lifecycle.rs,Engine não vira processo órfão e modo offline é observado.,SL-S40-07,R02; R20; R21; R30; R32,Não iniciado,P0,Crítico,Obrigatória no escopo da versão,Autor + agente de IA,,,reports/S40/SL-S40-08.md,,,PENDENTE,
438,SL-S40-09,v0.7.0,S40,Qdrant OU HelixDB / produção,Integração,Teste,Executar conformidade de produção,"Rodar suite comum no adapter promovido, não apenas no protótipo.",reports/search/production-contract.json,Todos os requisitos essenciais aprovados na decisão continuam satisfeitos após integração.,SL-S40-08,R02; R20; R21; R30; R32,Não iniciado,P0,Crítico,Obrigatória no escopo da versão,Autor + agente de IA,,,reports/S40/SL-S40-09.md,,,PENDENTE,
439,SL-S40-10,v0.7.0,S40,Qdrant OU HelixDB / produção,Integração,Licença,Remover dependências não escolhidas,"Atualizar SBOM, pacotes e documentação de instalação.",compliance/search-runtime.json,Pacote final contém somente o caminho adotado e suas licenças reais.,SL-S40-09,R02; R20; R21; R30; R32,Não iniciado,P0,Crítico,Obrigatória no escopo da versão,Autor,,,reports/S40/SL-S40-10.md,,,PENDENTE,
440,SL-S40-GATE,v0.7.0,S40,Qdrant OU HelixDB / produção,Aceite humano,Gate,Aceitar S40 — Escolher e integrar um backend de busca,"Revisar as dez tarefas, executar a demonstração do sprint, confrontar critérios e registrar decisão go/no-go.",reports/S40/acceptance.md,Executar busca híbrida no app com apenas o backend escolhido instalado. Todas as dependências aceitas; evidências vinculadas a revisão/ambiente; nenhum blocker de integridade/segurança.,SL-S40-01; SL-S40-02; SL-S40-03; SL-S40-04; SL-S40-05; SL-S40-06; SL-S40-07; SL-S40-08; SL-S40-09; SL-S40-10,R02; R20; R21; R30; R32,Não iniciado,P0,Crítico,Obrigatória para fechar a versão aprovada,Autor,,,reports/S40/acceptance.md,,,PENDENTE,
441,SL-S41-01,v0.7.0,S41,SearchService / UI,Integração,Implementação,Conectar eventos à indexação,"Consumir captura, extração, edição da Peça e tombstones por revisão.",crates/search/src/index_jobs.rs,Evento repetido não duplica unidades e edição antiga não substitui a mais nova.,SL-S35-GATE; SL-S40-GATE,R02; R05; R13; R20; R21; R31,Não iniciado,P0,Crítico,Obrigatória no escopo da versão,Autor + agente de IA,,,reports/S41/SL-S41-01.md,,,PENDENTE,
442,SL-S41-02,v0.7.0,S41,SearchService / UI,Integração,Implementação,Fazer reindexação incremental,Reprocessar apenas unidades afetadas e propagar mudanças de manifesto.,crates/search/src/incremental.rs,Alteração de layout não dispara indexação textual novamente; troca de embedding inicia rebuild compatível.,SL-S41-01,R02; R05; R13; R20; R21; R31,Não iniciado,P0,Crítico,Obrigatória no escopo da versão,Autor + agente de IA,,,reports/S41/SL-S41-02.md,,,PENDENTE,
443,SL-S41-03,v0.7.0,S41,SearchService / UI,Integração,Implementação,Publicar rebuild atomicamente,Construir nova geração e trocar quando validada.,crates/search/src/rebuild.rs,"Interrupção mantém busca anterior ou degradação explícita, não índice parcialmente anunciado pronto.",SL-S41-02,R02; R05; R13; R20; R21; R31,Não iniciado,P0,Crítico,Obrigatória no escopo da versão,Autor + agente de IA,,,reports/S41/SL-S41-03.md,,,PENDENTE,
444,SL-S41-04,v0.7.0,S41,SearchService / UI,Integração,Implementação,Expor progresso e saúde,"Mostrar pendente, desatualizado, reconstruindo e falha por tipo de índice.",apps/desktop/src/search/health.ts,Usuário não confunde ausência de resultado com material não indexado.,SL-S41-03,R02; R05; R13; R20; R21; R31,Não iniciado,P0,Crítico,Obrigatória no escopo da versão,Autor + agente de IA,,,reports/S41/SL-S41-04.md,,,PENDENTE,
445,SL-S41-05,v0.7.0,S41,SearchService / UI,Integração,Implementação,Criar UI de busca híbrida,"Incluir filtros de tipo, workspace, origem e estado editorial.",apps/desktop/src/search/,Peças próprias podem ser excluídas quando se busca evidência externa.,SL-S41-04,R02; R05; R13; R20; R21; R31,Não iniciado,P0,Crítico,Obrigatória no escopo da versão,Autor + agente de IA,,,reports/S41/SL-S41-05.md,,,PENDENTE,
446,SL-S41-06,v0.7.0,S41,SearchService / UI,Integração,Implementação,Navegar ao trecho,Resolver hit por referência/revisão no leitor e na Peça.,apps/desktop/src/search/open-hit.ts,Hit antigo é detectado e não abre o trecho errado da revisão atual.,SL-S41-05,R02; R05; R13; R20; R21; R31,Não iniciado,P0,Crítico,Obrigatória no escopo da versão,Autor + agente de IA,,,reports/S41/SL-S41-06.md,,,PENDENTE,
447,SL-S41-07,v0.7.0,S41,SearchService / UI,Integração,Implementação,Integrar taxonomia ao provider,Substituir lookup experimental de candidatos quando útil sem trocar política de decisão.,crates/taxonomy/src/search_adapter.rs,Modelo/índice de termos permanece identificado e não se mistura com embeddings de outro espaço.,SL-S41-06,R02; R05; R13; R20; R21; R31,Não iniciado,P0,Crítico,Obrigatória no escopo da versão,Autor + agente de IA,,,reports/S41/SL-S41-07.md,,,PENDENTE,
448,SL-S41-08,v0.7.0,S41,SearchService / UI,Integração,Teste,Validar relevância no corpus reservado,"Medir léxico, semântico e híbrido com rótulos estáveis.",reports/v0.7/relevance.json,"Ganho/perda por modalidade é registrado, sem declarar vencedor universal.",SL-S41-07,R02; R05; R13; R20; R21; R31,Não iniciado,P0,Crítico,Obrigatória no escopo da versão,Autor + agente de IA,,,reports/S41/SL-S41-08.md,,,PENDENTE,
449,SL-S41-09,v0.7.0,S41,SearchService / UI,Integração,Teste,Executar exclusão e isolamento,"Remover material, editar Peça e consultar em outro workspace.",tests/search/end-to-end/,Nenhum conteúdo excluído/desautorizado reaparece por cache ou job atrasado.,SL-S41-08,R02; R05; R13; R20; R21; R31,Não iniciado,P0,Crítico,Obrigatória no escopo da versão,Autor + agente de IA,,,reports/S41/SL-S41-09.md,,,PENDENTE,
450,SL-S41-10,v0.7.0,S41,SearchService / UI,Integração,Release,Publicar alpha de recuperação,"Documentar backend escolhido, limites e comando de reconstrução.",release/v0.7.0/,Apagar índices vetoriais/léxicos não perde materiais ou texto editorial.,SL-S41-09,R02; R05; R13; R20; R21; R31,Não iniciado,P0,Crítico,Obrigatória no escopo da versão,Autor,,,reports/S41/SL-S41-10.md,,,PENDENTE,
451,SL-S41-GATE,v0.7.0,S41,SearchService / UI,Aceite humano,Gate,Aceitar S41 — Entregar busca incremental no acervo e nas Peças,"Revisar as dez tarefas, executar a demonstração do sprint, confrontar critérios e registrar decisão go/no-go.",reports/S41/acceptance.md,Editar/excluir material e verificar atualização da busca sem perder as fontes canônicas. Todas as dependências aceitas; evidências vinculadas a revisão/ambiente; nenhum blocker de integridade/segurança.,SL-S41-01; SL-S41-02; SL-S41-03; SL-S41-04; SL-S41-05; SL-S41-06; SL-S41-07; SL-S41-08; SL-S41-09; SL-S41-10,R02; R05; R13; R20; R21; R31,Não iniciado,P0,Crítico,Obrigatória para fechar a versão aprovada,Autor,,,reports/S41/acceptance.md,,,PENDENTE,
452,SL-S42-01,v0.8.0,S42,PageIndex / upstream,Desconstrução,Upstream,Fixar revisão PageIndex,"Registrar licença, dependências Python, APIs públicas e módulos internos usados.",upstream/pageindex/manifest.json,"Paths e versões são verificados na revisão escolhida, não assumidos a partir de documentação móvel.",SL-S03-GATE; SL-S23-GATE; SL-S32-GATE; SL-S41-GATE,R03; R22; R23; R30; R33,Não iniciado,P0,Crítico,Obrigatória no escopo da versão,Autor + agente de IA,,,reports/S42/SL-S42-01.md,,,PENDENTE,
453,SL-S42-02,v0.8.0,S42,PageIndex / upstream,Desconstrução,Upstream,Reproduzir baseline Markdown,Exercitar page_index_md ou equivalente real com fixture e modelo controlado.,reports/pageindex/upstream-baseline.md,Entrada/saída e comportamento de IDs/headings estão documentados.,SL-S42-01,R03; R22; R23; R30; R33,Não iniciado,P0,Crítico,Obrigatória no escopo da versão,Autor + agente de IA,,,reports/S42/SL-S42-02.md,,,PENDENTE,
454,SL-S42-03,v0.8.0,S42,PageIndex / upstream,Desconstrução,Upstream,Mapear acoplamentos,"Identificar store, nomes de documento, páginas, provedores, prompts e frameworks de agentes.",docs/upstream/pageindex-couplings.md,Cloud e operações de gestão de biblioteca não entram implicitamente no adapter de células.,SL-S42-02,R03; R22; R23; R30; R33,Não iniciado,P0,Crítico,Obrigatória no escopo da versão,Autor + agente de IA,,,reports/S42/SL-S42-03.md,,,PENDENTE,
455,SL-S42-04,v0.8.0,S42,PageIndex / upstream,Desconstrução,Upstream,Delimitar módulos úteis,Selecionar construção/navegação/resumos e utilitários necessários por grafo de dependências.,upstream/pageindex/slice.json,Não se copia função isolada com dependências wildcard desconhecidas.,SL-S42-03,R03; R22; R23; R30; R33,Não iniciado,P0,Crítico,Obrigatória no escopo da versão,Autor + agente de IA,,,reports/S42/SL-S42-04.md,,,PENDENTE,
456,SL-S42-05,v0.8.0,S42,PageIndex / upstream,Desconstrução,Implementação,Criar fachada ContextProvider,Expor contratos Sandland sem vazar nomes de documento/página como identidade.,adapters/pageindex/,App não depende de DocStore nem de IDs sequenciais internos para autoria.,SL-S42-04,R03; R22; R23; R30; R33,Não iniciado,P0,Crítico,Obrigatória no escopo da versão,Autor + agente de IA,,,reports/S42/SL-S42-05.md,,,PENDENTE,
457,SL-S42-06,v0.8.0,S42,PageIndex / upstream,Desconstrução,Implementação,Criar porta de modelos,Redirecionar chamadas de resumo/navegação ao ModelGateway autorizado.,adapters/pageindex/model_port.py,Configuração padrão não envia células a provedor remoto do upstream.,SL-S42-05,R03; R22; R23; R30; R33,Não iniciado,P0,Crítico,Obrigatória no escopo da versão,Autor + agente de IA,,,reports/S42/SL-S42-06.md,,,PENDENTE,
458,SL-S42-07,v0.8.0,S42,PageIndex / upstream,Desconstrução,Implementação,Criar porta de evidências,Intermediar toda leitura pelo broker e pelas referências autorizadas.,adapters/pageindex/evidence_port.py,Prompt de contexto não é a única barreira de acesso à biblioteca.,SL-S42-06,R03; R22; R23; R30; R33,Não iniciado,P0,Crítico,Obrigatória no escopo da versão,Autor + agente de IA,,,reports/S42/SL-S42-07.md,,,PENDENTE,
459,SL-S42-08,v0.8.0,S42,PageIndex / upstream,Desconstrução,Implementação,Criar patch set testável,Isolar mudanças do núcleo e conservar avisos/origem.,upstream/pageindex/patches/,Diferenças são reproduzíveis e possuem fixtures; não há fork integral sem necessidade.,SL-S42-07,R03; R22; R23; R30; R33,Não iniciado,P0,Crítico,Obrigatória no escopo da versão,Autor + agente de IA,,,reports/S42/SL-S42-08.md,,,PENDENTE,
460,SL-S42-09,v0.8.0,S42,PageIndex / upstream,Desconstrução,Decisão,Ratificar ADR de contexto,"Resolver ADR-014, manter árvore como projeção e escolher responsabilidades do adapter.",docs/adr/014-context-engine.md,Grafo completo continua canônico fora da árvore; nome RLM é definido sem ambiguidade.,SL-S42-08,R03; R22; R23; R30; R33,Não iniciado,P0,Crítico,Obrigatória no escopo da versão,Autor,,,reports/S42/SL-S42-09.md,,,PENDENTE,
461,SL-S42-10,v0.8.0,S42,PageIndex / upstream,Desconstrução,Teste,Validar isolamento inicial,"Executar contexto fake sem SDK cloud, filesystem geral ou dependências não necessárias.",reports/pageindex/isolation.json,Uso offline e perímetro de leitura são demonstrados antes de ligar a UI.,SL-S42-09,R03; R22; R23; R30; R33,Não iniciado,P0,Crítico,Obrigatória no escopo da versão,Autor + agente de IA,,,reports/S42/SL-S42-10.md,,,PENDENTE,
462,SL-S42-GATE,v0.8.0,S42,PageIndex / upstream,Aceite humano,Gate,Aceitar S42 — Auditar e recortar PageIndex para células,"Revisar as dez tarefas, executar a demonstração do sprint, confrontar critérios e registrar decisão go/no-go.",reports/S42/acceptance.md,Construir índice de Markdown de fixture sem PDF e sem store canônico do SDK. Todas as dependências aceitas; evidências vinculadas a revisão/ambiente; nenhum blocker de integridade/segurança.,SL-S42-01; SL-S42-02; SL-S42-03; SL-S42-04; SL-S42-05; SL-S42-06; SL-S42-07; SL-S42-08; SL-S42-09; SL-S42-10,R03; R22; R23; R30; R33,Não iniciado,P0,Crítico,Obrigatória para fechar a versão aprovada,Autor,,,reports/S42/acceptance.md,,,PENDENTE,
463,SL-S43-01,v0.8.0,S43,PageIndex / StructureAdapter,Adaptação,Contrato,Definir WorkspaceSnapshot,"Combinar hierarquia, relações, layout, fontes e revisões com schema explícito.",schemas/workspace-snapshot-v0.json,Snapshot representa ciclos/arestas cruzadas fora da árvore de navegação.,SL-S17-GATE; SL-S42-GATE,R02; R04; R11; R22; R32,Não iniciado,P0,Alto,Obrigatória no escopo da versão,Autor + agente de IA,,,reports/S43/SL-S43-01.md,,,PENDENTE,
464,SL-S43-02,v0.8.0,S43,PageIndex / StructureAdapter,Adaptação,Implementação,Construir snapshot coerente,Ler revisão consistente de board e conteúdos pelo Core.,crates/context/src/snapshot.rs,Não combina geometria nova com texto antigo sem registrar as revisões usadas.,SL-S43-01,R02; R04; R11; R22; R32,Não iniciado,P1,Alto,Obrigatória no escopo da versão,Autor + agente de IA,,,reports/S43/SL-S43-02.md,,,PENDENTE,
465,SL-S43-03,v0.8.0,S43,PageIndex / StructureAdapter,Adaptação,Implementação,Projetar grupos/células/blocos,Usar estrutura existente do produto em vez de inferi-la novamente por LLM.,adapters/pageindex/structure_adapter.py,Célula não é convertida em PDF e grupo manual não é substituído por cluster inventado.,SL-S43-02,R02; R04; R11; R22; R32,Não iniciado,P1,Alto,Obrigatória no escopo da versão,Autor + agente de IA,,,reports/S43/SL-S43-03.md,,,PENDENTE,
466,SL-S43-04,v0.8.0,S43,PageIndex / StructureAdapter,Adaptação,Implementação,Mapear IDs estáveis,Traduzir node_id interno para identidade Sandland com revision key.,adapters/pageindex/identity.py,Inserir um nó não renumera todas as evidências existentes.,SL-S43-03,R02; R04; R11; R22; R32,Não iniciado,P1,Alto,Obrigatória no escopo da versão,Autor + agente de IA,,,reports/S43/SL-S43-04.md,,,PENDENTE,
467,SL-S43-05,v0.8.0,S43,PageIndex / StructureAdapter,Adaptação,Implementação,Preservar referências cruzadas,Guardar arestas tipadas/direção e ocorrências múltiplas em estrutura auxiliar.,crates/context/src/relations.rs,Tree thinning não elimina células/arestas autorais.,SL-S43-04,R02; R04; R11; R22; R32,Não iniciado,P1,Alto,Obrigatória no escopo da versão,Autor + agente de IA,,,reports/S43/SL-S43-05.md,,,PENDENTE,
468,SL-S43-06,v0.8.0,S43,PageIndex / StructureAdapter,Adaptação,Implementação,Representar geometria relevante,Conservar bounds/grupos e distinguir posição observada de relação semântica.,crates/context/src/layout.rs,Proximidade não é convertida automaticamente em apoio causal ou factual.,SL-S43-05,R02; R04; R11; R22; R32,Não iniciado,P1,Alto,Obrigatória no escopo da versão,Autor + agente de IA,,,reports/S43/SL-S43-06.md,,,PENDENTE,
469,SL-S43-07,v0.8.0,S43,PageIndex / StructureAdapter,Adaptação,Implementação,Mapear blocos/fontes,Associar folhas a conteúdo e evidências com localizadores corretos.,adapters/pageindex/source_mapping.py,Leitura de folha resolve a revisão exata e não uma página fictícia.,SL-S43-06,R02; R04; R11; R22; R32,Não iniciado,P1,Alto,Obrigatória no escopo da versão,Autor + agente de IA,,,reports/S43/SL-S43-07.md,,,PENDENTE,
470,SL-S43-08,v0.8.0,S43,PageIndex / StructureAdapter,Adaptação,Implementação,Persistir cache derivado,"Versionar schema, pipeline e hashes sem duplicar autoridade canônica.",crates/context/src/cache.rs,Apagar árvore/summary cache permite reconstrução dos arquivos.,SL-S43-07,R02; R04; R11; R22; R32,Não iniciado,P1,Alto,Obrigatória no escopo da versão,Autor + agente de IA,,,reports/S43/SL-S43-08.md,,,PENDENTE,
471,SL-S43-09,v0.8.0,S43,PageIndex / StructureAdapter,Adaptação,Teste,Testar casos topológicos,"Cobrir ciclos, grupos sobrepostos admitidos, notas repetidas e órfãos.",tests/context/structure/,Dados não representáveis na árvore continuam recuperáveis pelas relações.,SL-S43-08,R02; R04; R11; R22; R32,Não iniciado,P1,Alto,Obrigatória no escopo da versão,Autor + agente de IA,,,reports/S43/SL-S43-09.md,,,PENDENTE,
472,SL-S43-10,v0.8.0,S43,PageIndex / StructureAdapter,Adaptação,Teste,Testar estabilidade incremental,Reordenar/renomear/mover mantendo conjunto de evidências.,reports/context/identity-stability.json,Apenas revisões realmente afetadas mudam; nenhuma referência é redirecionada por índice posicional.,SL-S43-09,R02; R04; R11; R22; R32,Não iniciado,P1,Alto,Obrigatória no escopo da versão,Autor + agente de IA,,,reports/S43/SL-S43-10.md,,,PENDENTE,
473,SL-S43-GATE,v0.8.0,S43,PageIndex / StructureAdapter,Aceite humano,Gate,Aceitar S43 — Projetar a topologia em índice estrutural estável,"Revisar as dez tarefas, executar a demonstração do sprint, confrontar critérios e registrar decisão go/no-go.",reports/S43/acceptance.md,"Renomear notas, mover cartões e reconstruir mantendo IDs e referências. Todas as dependências aceitas; evidências vinculadas a revisão/ambiente; nenhum blocker de integridade/segurança.",SL-S43-01; SL-S43-02; SL-S43-03; SL-S43-04; SL-S43-05; SL-S43-06; SL-S43-07; SL-S43-08; SL-S43-09; SL-S43-10,R02; R04; R11; R22; R32,Não iniciado,P0,Alto,Obrigatória para fechar a versão aprovada,Autor,,,reports/S43/acceptance.md,,,PENDENTE,
474,SL-S44-01,v0.8.0,S44,ToolBroker / PageIndex,Adaptação,Contrato,Definir catálogo de ferramentas,"Especificar args, resultados, leitura, limites e erros de cada operação.",schemas/context-tools-v0.json,Nenhuma ferramenta aceita path arbitrário como substituto de EvidenceRef.,SL-S09-GATE; SL-S26-GATE; SL-S43-GATE,R06; R08; R22; R23,Não iniciado,P0,Crítico,Obrigatória no escopo da versão,Autor + agente de IA,,,reports/S44/SL-S44-01.md,,,PENDENTE,
475,SL-S44-02,v0.8.0,S44,ToolBroker / PageIndex,Adaptação,Implementação,Implementar overview limitado,Retornar mapa global resumido por orçamento e snapshot.,crates/context-tools/src/overview.rs,Board grande não injeta automaticamente todas as células no prompt.,SL-S44-01,R06; R08; R22; R23,Não iniciado,P0,Crítico,Obrigatória no escopo da versão,Autor + agente de IA,,,reports/S44/SL-S44-02.md,,,PENDENTE,
476,SL-S44-03,v0.8.0,S44,ToolBroker / PageIndex,Adaptação,Implementação,Implementar leitura de grupo,Paginar membros/relações e manter revisão coerente.,crates/context-tools/src/group.rs,"Limites são impostos em código, não dependem de modelo obedecer instrução.",SL-S44-02,R06; R08; R22; R23,Não iniciado,P0,Crítico,Obrigatória no escopo da versão,Autor + agente de IA,,,reports/S44/SL-S44-03.md,,,PENDENTE,
477,SL-S44-04,v0.8.0,S44,ToolBroker / PageIndex,Adaptação,Implementação,Implementar leitura de célula,Permitir ranges/blocos e devolução de referência de origem.,crates/context-tools/src/cell.rs,Leitura recusa célula de outro workspace não autorizada.,SL-S44-03,R06; R08; R22; R23,Não iniciado,P0,Crítico,Obrigatória no escopo da versão,Autor + agente de IA,,,reports/S44/SL-S44-04.md,,,PENDENTE,
478,SL-S44-05,v0.8.0,S44,ToolBroker / PageIndex,Adaptação,Implementação,Implementar vizinhos/arestas,"Filtrar relação, direção e profundidade; controlar ciclos.",crates/context-tools/src/neighbors.rs,Traversal termina no limite e não perde tipo apoia/contradiz.,SL-S44-04,R06; R08; R22; R23,Não iniciado,P0,Crítico,Obrigatória no escopo da versão,Autor + agente de IA,,,reports/S44/SL-S44-05.md,,,PENDENTE,
479,SL-S44-06,v0.8.0,S44,ToolBroker / PageIndex,Adaptação,Implementação,Implementar leitura de fonte,Resolver asset/revisão/trecho autorizado por broker.,crates/context-tools/src/source.rs,Modelo não transforma URL/filename em permissão de filesystem.,SL-S44-05,R06; R08; R22; R23,Não iniciado,P0,Crítico,Obrigatória no escopo da versão,Autor + agente de IA,,,reports/S44/SL-S44-06.md,,,PENDENTE,
480,SL-S44-07,v0.8.0,S44,ToolBroker / PageIndex,Adaptação,Implementação,Validar capability por chamada,"Checar expiração, revisão e budget acumulado antes de executar.",crates/context-tools/src/authorize.rs,Reutilizar ferramenta com token de outra tarefa é negado.,SL-S44-06,R06; R08; R22; R23,Não iniciado,P0,Crítico,Obrigatória no escopo da versão,Autor + agente de IA,,,reports/S44/SL-S44-07.md,,,PENDENTE,
481,SL-S44-08,v0.8.0,S44,ToolBroker / PageIndex,Adaptação,Implementação,Limitar resultados e logs,Cortar por contrato com paginação explícita sem vazar corpo em logs.,crates/context-tools/src/limits.rs,Truncamento é sinalizado e não se confunde com evidência completa.,SL-S44-07,R06; R08; R22; R23,Não iniciado,P0,Crítico,Obrigatória no escopo da versão,Autor + agente de IA,,,reports/S44/SL-S44-08.md,,,PENDENTE,
482,SL-S44-09,v0.8.0,S44,ToolBroker / PageIndex,Adaptação,Teste,Testar injeção de prompt,"Colocar instruções maliciosas em células, PDFs e resultados de ferramentas.",tests/context/tool-injection/,"Conteúdo não concede novas ferramentas, credenciais ou acesso a outro projeto.",SL-S44-08,R06; R08; R22; R23,Não iniciado,P0,Crítico,Obrigatória no escopo da versão,Autor + agente de IA,,,reports/S44/SL-S44-09.md,,,PENDENTE,
483,SL-S44-10,v0.8.0,S44,ToolBroker / PageIndex,Adaptação,Teste,Auditar ferramentas de gestão,Garantir ausência de remove/upload/shell e outros comandos não aprovados no agente.,reports/context/tool-surface.md,Só o catálogo read-only aprovado é exposto nesta fase.,SL-S44-09,R06; R08; R22; R23,Não iniciado,P0,Crítico,Obrigatória no escopo da versão,Autor + agente de IA,,,reports/S44/SL-S44-10.md,,,PENDENTE,
484,SL-S44-GATE,v0.8.0,S44,ToolBroker / PageIndex,Aceite humano,Gate,Aceitar S44 — Criar ferramentas de contexto com escopo efetivo,"Revisar as dez tarefas, executar a demonstração do sprint, confrontar critérios e registrar decisão go/no-go.",reports/S44/acceptance.md,Modelo recebe ID fora do escopo e o broker nega mesmo com instrução em documento. Todas as dependências aceitas; evidências vinculadas a revisão/ambiente; nenhum blocker de integridade/segurança.,SL-S44-01; SL-S44-02; SL-S44-03; SL-S44-04; SL-S44-05; SL-S44-06; SL-S44-07; SL-S44-08; SL-S44-09; SL-S44-10,R06; R08; R22; R23,Não iniciado,P0,Crítico,Obrigatória para fechar a versão aprovada,Autor,,,reports/S44/acceptance.md,,,PENDENTE,
485,SL-S45-01,v0.8.0,S45,ContextService / LocalAI,Próprio,Contrato,Definir orçamento por camada,"Reservar tokens para sistema, pergunta, evidências e resposta.",docs/contracts/context-budget.md,Limite do modelo é verificado antes da chamada e não após erro de contexto.,SL-S33-GATE; SL-S43-GATE; SL-S44-GATE,R09; R19; R22; R23,Não iniciado,P0,Alto,Obrigatória no escopo da versão,Autor + agente de IA,,,reports/S45/SL-S45-01.md,,,PENDENTE,
486,SL-S45-02,v0.8.0,S45,ContextService / LocalAI,Próprio,Implementação,Gerar resumos de célula,Reutilizar resumo válido ou produzir síntese por conteúdo/revisão.,crates/context/src/cell_summary.rs,Resumo automático nunca substitui conteúdo nem comentário autoral editado.,SL-S45-01,R09; R19; R22; R23,Não iniciado,P1,Alto,Obrigatória no escopo da versão,Autor + agente de IA,,,reports/S45/SL-S45-02.md,,,PENDENTE,
487,SL-S45-03,v0.8.0,S45,ContextService / LocalAI,Próprio,Implementação,Gerar resumos de grupo,"Agregar filhos com references e relações relevantes, preservando divergências.",crates/context/src/group_summary.rs,Grupo não apaga evidência contraditória apenas para reduzir texto.,SL-S45-02,R09; R19; R22; R23,Não iniciado,P1,Alto,Obrigatória no escopo da versão,Autor + agente de IA,,,reports/S45/SL-S45-03.md,,,PENDENTE,
488,SL-S45-04,v0.8.0,S45,ContextService / LocalAI,Próprio,Implementação,Criar grafo de dependências,"Associar summaries a revisões de conteúdo, grupo, modelo e prompt.",crates/context/src/summary_dependencies.rs,Alteração local invalida somente ancestrais/dependências pertinentes.,SL-S45-03,R09; R19; R22; R23,Não iniciado,P1,Alto,Obrigatória no escopo da versão,Autor + agente de IA,,,reports/S45/SL-S45-04.md,,,PENDENTE,
489,SL-S45-05,v0.8.0,S45,ContextService / LocalAI,Próprio,Implementação,Criar Skeleton Map,Selecionar visão geral útil sem concatenar 100 palavras de cada nó.,crates/context/src/skeleton.rs,Cena de 1.000 nós respeita budget e oferece mecanismo de expansão.,SL-S45-04,R09; R19; R22; R23,Não iniciado,P1,Alto,Obrigatória no escopo da versão,Autor + agente de IA,,,reports/S45/SL-S45-05.md,,,PENDENTE,
490,SL-S45-06,v0.8.0,S45,ContextService / LocalAI,Próprio,Implementação,Integrar scheduler de summaries,Limitar concorrência e reagendar conforme hardware/pergunta ativa.,crates/context/src/summary_jobs.rs,Chamadas em massa do upstream não carregam múltiplos modelos sem controle.,SL-S45-05,R09; R19; R22; R23,Não iniciado,P1,Alto,Obrigatória no escopo da versão,Autor + agente de IA,,,reports/S45/SL-S45-06.md,,,PENDENTE,
491,SL-S45-07,v0.8.0,S45,ContextService / LocalAI,Próprio,Implementação,Marcar cache desatualizado,Expor revisão do contexto à UI e reconstruir antes de resposta crítica.,apps/desktop/src/context/status.ts,Usuário não recebe contexto antigo apresentado como versão atual sem indicação.,SL-S45-06,R09; R19; R22; R23,Não iniciado,P1,Alto,Obrigatória no escopo da versão,Autor + agente de IA,,,reports/S45/SL-S45-07.md,,,PENDENTE,
492,SL-S45-08,v0.8.0,S45,ContextService / LocalAI,Próprio,Implementação,Evitar trabalho em mudança visual,"Distinguir posição, relação e corpo do texto na invalidação.",crates/context/src/invalidation.rs,Mover cartão não regenera resumo textual; mudar aresta atualiza mapa relacional.,SL-S45-07,R09; R19; R22; R23,Não iniciado,P1,Alto,Obrigatória no escopo da versão,Autor + agente de IA,,,reports/S45/SL-S45-08.md,,,PENDENTE,
493,SL-S45-09,v0.8.0,S45,ContextService / LocalAI,Próprio,Teste,Medir custo e cobertura,Comparar full-context viável com navegação progressiva em corpus fixo.,reports/context/budget-eval.json,Redução de tokens é medida e não alegada como 80% universal.,SL-S45-08,R09; R19; R22; R23,Não iniciado,P1,Alto,Obrigatória no escopo da versão,Autor + agente de IA,,,reports/S45/SL-S45-09.md,,,PENDENTE,
494,SL-S45-10,v0.8.0,S45,ContextService / LocalAI,Próprio,Teste,Exercitar offline/OOM,Testar interrupção no meio de resumo de grupo e reinício.,tests/context/summary-recovery/,Cache parcial não vira resultado válido e a Mesa permanece editável.,SL-S45-09,R09; R19; R22; R23,Não iniciado,P1,Alto,Obrigatória no escopo da versão,Autor + agente de IA,,,reports/S45/SL-S45-10.md,,,PENDENTE,
495,SL-S45-GATE,v0.8.0,S45,ContextService / LocalAI,Aceite humano,Gate,Aceitar S45 — Implementar summaries incrementais e Skeleton Map,"Revisar as dez tarefas, executar a demonstração do sprint, confrontar critérios e registrar decisão go/no-go.",reports/S45/acceptance.md,"Editar uma célula e recomputar apenas summaries dependentes, sem perder evidências. Todas as dependências aceitas; evidências vinculadas a revisão/ambiente; nenhum blocker de integridade/segurança.",SL-S45-01; SL-S45-02; SL-S45-03; SL-S45-04; SL-S45-05; SL-S45-06; SL-S45-07; SL-S45-08; SL-S45-09; SL-S45-10,R09; R19; R22; R23,Não iniciado,P0,Alto,Obrigatória para fechar a versão aprovada,Autor,,,reports/S45/acceptance.md,,,PENDENTE,
496,SL-S46-01,v0.8.0,S46,Context Engine / orquestração,Integração,Implementação,Criar planejador de exploração,Selecionar grupos a partir do Skeleton Map e pergunta autorizada.,crates/context-agent/src/planner.rs,Plano não é interpretado como autorização para ferramenta fora do catálogo.,SL-S44-GATE; SL-S45-GATE,R07; R13; R22; R23; R27,Não iniciado,P1,Alto,Obrigatória no escopo da versão,Autor + agente de IA,,,reports/S46/SL-S46-01.md,,,PENDENTE,
497,SL-S46-02,v0.8.0,S46,Context Engine / orquestração,Integração,Implementação,Implementar expansão limitada,Navegar árvore e relações com limites de hops/chamadas/tempo.,crates/context-agent/src/explorer.rs,Ciclo no grafo não causa execução sem fim nem consumo ilimitado.,SL-S46-01,R07; R13; R22; R23; R27,Não iniciado,P1,Alto,Obrigatória no escopo da versão,Autor + agente de IA,,,reports/S46/SL-S46-02.md,,,PENDENTE,
498,SL-S46-03,v0.8.0,S46,Context Engine / orquestração,Integração,Implementação,Executar subconsultas,Compartilhar snapshot e serializar inferência quando o perfil exigir.,crates/context-agent/src/subqueries.rs,Paralelismo lógico não implica carregar vários modelos em RAM.,SL-S46-02,R07; R13; R22; R23; R27,Não iniciado,P1,Alto,Obrigatória no escopo da versão,Autor + agente de IA,,,reports/S46/SL-S46-03.md,,,PENDENTE,
499,SL-S46-04,v0.8.0,S46,Context Engine / orquestração,Integração,Implementação,Consolidar evidências,Manter quotes/referências junto às micro-sínteses e detectar incompatibilidades.,crates/context-agent/src/evidence.rs,Resumos intermediários não são a única fonte disponível para a resposta.,SL-S46-03,R07; R13; R22; R23; R27,Não iniciado,P1,Alto,Obrigatória no escopo da versão,Autor + agente de IA,,,reports/S46/SL-S46-04.md,,,PENDENTE,
500,SL-S46-05,v0.8.0,S46,Context Engine / orquestração,Integração,Implementação,Gerar resposta com referências,Validar IDs/localizadores e separar inferência de afirmação citada.,crates/context-agent/src/answer.rs,"Citação inexistente é rejeitada/sinalizada, não renderizada como prova válida.",SL-S46-04,R07; R13; R22; R23; R27,Não iniciado,P1,Alto,Obrigatória no escopo da versão,Autor + agente de IA,,,reports/S46/SL-S46-05.md,,,PENDENTE,
501,SL-S46-06,v0.8.0,S46,Context Engine / orquestração,Integração,Implementação,Implementar abstenção,"Reconhecer evidência insuficiente, acesso negado e budget esgotado.",crates/context-agent/src/abstain.rs,Sistema não inventa resposta para ocultar ausência de fonte.,SL-S46-05,R07; R13; R22; R23; R27,Não iniciado,P1,Alto,Obrigatória no escopo da versão,Autor + agente de IA,,,reports/S46/SL-S46-06.md,,,PENDENTE,
502,SL-S46-07,v0.8.0,S46,Context Engine / orquestração,Integração,Implementação,Integrar cancelamento e revisão,Descartar/apresentar como antiga resposta construída sobre snapshot alterado.,crates/context-agent/src/session.rs,Resultado atrasado não modifica texto da Peça nem se anuncia como atual.,SL-S46-06,R07; R13; R22; R23; R27,Não iniciado,P1,Alto,Obrigatória no escopo da versão,Autor + agente de IA,,,reports/S46/SL-S46-07.md,,,PENDENTE,
503,SL-S46-08,v0.8.0,S46,Context Engine / orquestração,Integração,Teste,Avaliar relações e layout,"Perguntas contrastivas com mesmas palavras, mas grupos/arestas diferentes.",tests/eval/context-topology/,Motor usa estrutura relevante em vez de responder só por similaridade textual.,SL-S46-07,R07; R13; R22; R23; R27,Não iniciado,P1,Alto,Obrigatória no escopo da versão,Autor + agente de IA,,,reports/S46/SL-S46-08.md,,,PENDENTE,
504,SL-S46-09,v0.8.0,S46,Context Engine / orquestração,Integração,Teste,Executar avaliação de citações,"Verificar fontes, revisões, ausência de resposta e leaks entre workspaces.",reports/v0.8/context-quality.json,"Precisão de referência e escopo são gates, não somente fluência do texto.",SL-S46-08,R07; R13; R22; R23; R27,Não iniciado,P1,Alto,Obrigatória no escopo da versão,Autor + agente de IA,,,reports/S46/SL-S46-09.md,,,PENDENTE,
505,SL-S46-10,v0.8.0,S46,Context Engine / orquestração,Integração,Release,Publicar alpha de raciocínio,"Entregar modo local, diagnóstico de contexto e limites conhecidos.",release/v0.8.0/,PageIndex adaptado não assume autoridade canônica nem acesso global às células.,SL-S46-09,R07; R13; R22; R23; R27,Não iniciado,P1,Alto,Obrigatória no escopo da versão,Autor,,,reports/S46/SL-S46-10.md,,,PENDENTE,
506,SL-S46-GATE,v0.8.0,S46,Context Engine / orquestração,Aceite humano,Gate,Aceitar S46 — Entregar recuperação estrutural e síntese progressiva,"Revisar as dez tarefas, executar a demonstração do sprint, confrontar critérios e registrar decisão go/no-go.",reports/S46/acceptance.md,Perguntar sobre grupos que se contradizem e receber resposta apoiada nas revisões corretas. Todas as dependências aceitas; evidências vinculadas a revisão/ambiente; nenhum blocker de integridade/segurança.,SL-S46-01; SL-S46-02; SL-S46-03; SL-S46-04; SL-S46-05; SL-S46-06; SL-S46-07; SL-S46-08; SL-S46-09; SL-S46-10,R07; R13; R22; R23; R27,Não iniciado,P0,Alto,Obrigatória para fechar a versão aprovada,Autor,,,reports/S46/acceptance.md,,,PENDENTE,
507,SL-S47-01,v0.9.0,S47,SearxNG / WebDiscoveryProvider,Desconstrução,Upstream,Fixar origem SearxNG,"Registrar revisão, runtime Python, engines habilitados e obrigações AGPL.",upstream/searxng/manifest.json,Fonte correspondente e configuração distribuída são identificáveis.,SL-S23-GATE; SL-S26-GATE; SL-S34-GATE; SL-S46-GATE,R08; R24; R30; R33,Não iniciado,P0,Crítico,Obrigatória no escopo da versão,Autor + agente de IA,,,reports/S47/SL-S47-01.md,,,PENDENTE,
508,SL-S47-02,v0.9.0,S47,SearxNG / WebDiscoveryProvider,Desconstrução,Decisão,Escolher instância e lifecycle,Resolver ADR-015: local gerenciada ou instância pessoal explícita.,docs/adr/015-web-discovery.md,Instância pública não é fallback silencioso nem dependência obrigatória para abrir o app.,SL-S47-01,R08; R24; R30; R33,Não iniciado,P0,Crítico,Obrigatória no escopo da versão,Autor,,,reports/S47/SL-S47-02.md,,,PENDENTE,
509,SL-S47-03,v0.9.0,S47,SearxNG / WebDiscoveryProvider,Desconstrução,Implementação,Criar configuração mínima,Habilitar API JSON e apenas engines necessários; separar serviço de sua interface web.,workers/searxng/settings.yml,Formato não habilitado gera diagnóstico em vez de assumir que toda instância responde JSON.,SL-S47-02,R08; R24; R30; R33,Não iniciado,P0,Crítico,Obrigatória no escopo da versão,Autor + agente de IA,,,reports/S47/SL-S47-03.md,,,PENDENTE,
510,SL-S47-04,v0.9.0,S47,SearxNG / WebDiscoveryProvider,Desconstrução,Implementação,Integrar supervisor,Iniciar/verificar/encerrar serviço local quando essa modalidade for escolhida.,adapters/searxng/lifecycle.rs,Serviço não inicia no startup da autoria sem necessidade.,SL-S47-03,R08; R24; R30; R33,Não iniciado,P0,Crítico,Obrigatória no escopo da versão,Autor + agente de IA,,,reports/S47/SL-S47-04.md,,,PENDENTE,
511,SL-S47-05,v0.9.0,S47,SearxNG / WebDiscoveryProvider,Desconstrução,Contrato,Definir resultado de descoberta,"Normalizar título, URL, snippet, engine, consulta e timestamp sem chamar isso de evidência lida.",schemas/web-search-result.json,Resultado preserva origem e não inventa conteúdo da página completa.,SL-S47-04,R08; R24; R30; R33,Não iniciado,P0,Crítico,Obrigatória no escopo da versão,Autor + agente de IA,,,reports/S47/SL-S47-05.md,,,PENDENTE,
512,SL-S47-06,v0.9.0,S47,SearxNG / WebDiscoveryProvider,Desconstrução,Implementação,Implementar cliente,"Tratar idioma, filtros, timeout, cancelamento e falhas parciais de engines.",adapters/searxng/client.rs,Uma engine bloqueada não faz loop infinito nem retorna sucesso vazio sem contexto.,SL-S47-05,R08; R24; R30; R33,Não iniciado,P0,Crítico,Obrigatória no escopo da versão,Autor + agente de IA,,,reports/S47/SL-S47-06.md,,,PENDENTE,
513,SL-S47-07,v0.9.0,S47,SearxNG / WebDiscoveryProvider,Desconstrução,Implementação,Aplicar política de consulta,"Autorizar texto enviado, registrar finalidade e bloquear contexto sensível não aprovado.",crates/web/src/query_policy.rs,Consulta gerada pela IA é inspecionável; a mesa inteira não é enviada automaticamente.,SL-S47-06,R08; R24; R30; R33,Não iniciado,P0,Crítico,Obrigatória no escopo da versão,Autor + agente de IA,,,reports/S47/SL-S47-07.md,,,PENDENTE,
514,SL-S47-08,v0.9.0,S47,SearxNG / WebDiscoveryProvider,Desconstrução,Implementação,Deduplicar resultados,"Canonicalizar URLs com cuidado, preservando versões/origens relevantes.",crates/web/src/result_merge.rs,Parâmetros semanticamente relevantes não são removidos indiscriminadamente.,SL-S47-07,R08; R24; R30; R33,Não iniciado,P0,Crítico,Obrigatória no escopo da versão,Autor + agente de IA,,,reports/S47/SL-S47-08.md,,,PENDENTE,
515,SL-S47-09,v0.9.0,S47,SearxNG / WebDiscoveryProvider,Desconstrução,Teste,Criar API fake e smoke autorizado,"Cobrir 403 JSON, indisponibilidade, respostas parciais e uma pesquisa real consentida.",tests/web/searxng/,CI determinística não depende de buscadores públicos; teste real tem estado separado.,SL-S47-08,R08; R24; R30; R33,Não iniciado,P0,Crítico,Obrigatória no escopo da versão,Autor + agente de IA,,,reports/S47/SL-S47-09.md,,,PENDENTE,
516,SL-S47-10,v0.9.0,S47,SearxNG / WebDiscoveryProvider,Desconstrução,Licença,Preparar distribuição e avisos,Incluir fontes/configuração e documentação da divulgação de consultas externas.,compliance/searxng/,Auto-hospedagem não é anunciada como busca offline ou anonimato absoluto.,SL-S47-09,R08; R24; R30; R33,Não iniciado,P0,Crítico,Obrigatória no escopo da versão,Autor,,,reports/S47/SL-S47-10.md,,,PENDENTE,
517,SL-S47-GATE,v0.9.0,S47,SearxNG / WebDiscoveryProvider,Aceite humano,Gate,Aceitar S47 — Integrar SearxNG como serviço de descoberta,"Revisar as dez tarefas, executar a demonstração do sprint, confrontar critérios e registrar decisão go/no-go.",reports/S47/acceptance.md,Pesquisar por consulta autorizada e apresentar resultados sem enviar o board inteiro. Todas as dependências aceitas; evidências vinculadas a revisão/ambiente; nenhum blocker de integridade/segurança.,SL-S47-01; SL-S47-02; SL-S47-03; SL-S47-04; SL-S47-05; SL-S47-06; SL-S47-07; SL-S47-08; SL-S47-09; SL-S47-10,R08; R24; R30; R33,Não iniciado,P0,Crítico,Obrigatória para fechar a versão aprovada,Autor,,,reports/S47/acceptance.md,,,PENDENTE,
518,SL-S48-01,v0.9.0,S48,Scrapling / WebFetchProvider,Desconstrução,Upstream,Fixar Scrapling e dependências,Registrar fetchers/parser necessários e excluir inicialmente extras de browser/crawl.,upstream/scrapling/manifest.json,Pacote HTTP não instala navegador por simples import sem política aprovada.,SL-S23-GATE; SL-S26-GATE; SL-S29-GATE; SL-S47-GATE,R06; R08; R25; R30,Não iniciado,P0,Crítico,Obrigatória no escopo da versão,Autor + agente de IA,,,reports/S48/SL-S48-01.md,,,PENDENTE,
519,SL-S48-02,v0.9.0,S48,Scrapling / WebFetchProvider,Desconstrução,Upstream,Reproduzir baseline HTTP,"Exercitar requests, redirecionamentos e HTML de fixture sem customização.",reports/scrapling/http-baseline.md,Mudança de comportamento no adapter pode ser comparada à revisão original.,SL-S48-01,R06; R08; R25; R30,Não iniciado,P0,Crítico,Obrigatória no escopo da versão,Autor + agente de IA,,,reports/S48/SL-S48-02.md,,,PENDENTE,
520,SL-S48-03,v0.9.0,S48,Scrapling / WebFetchProvider,Desconstrução,Contrato,Definir FetchRequest/Snapshot,"Incluir URL autorizada, limites, headers permitidos, cadeia de redirect e bytes/hash.",schemas/web-fetch-v0.json,"Snapshot diferencia URL solicitada, final e data de aquisição.",SL-S48-02,R06; R08; R25; R30,Não iniciado,P0,Crítico,Obrigatória no escopo da versão,Autor + agente de IA,,,reports/S48/SL-S48-03.md,,,PENDENTE,
521,SL-S48-04,v0.9.0,S48,Scrapling / WebFetchProvider,Desconstrução,Implementação,Implementar política SSRF,"Restringir schemes, destinos, DNS e redes privadas conforme autorização.",crates/web/src/url_policy.rs,"localhost, metadados, file URLs e destinos não permitidos são rejeitados.",SL-S48-03,R06; R08; R25; R30,Não iniciado,P0,Crítico,Obrigatória no escopo da versão,Autor + agente de IA,,,reports/S48/SL-S48-04.md,,,PENDENTE,
522,SL-S48-05,v0.9.0,S48,Scrapling / WebFetchProvider,Desconstrução,Implementação,Validar cada redirecionamento,Reaplicar política e tratamento de resolução antes de seguir destino.,workers/scrapling/redirect_policy.py,URL pública que redireciona ao runtime local não contorna o bloqueio.,SL-S48-04,R06; R08; R25; R30,Não iniciado,P0,Crítico,Obrigatória no escopo da versão,Autor + agente de IA,,,reports/S48/SL-S48-05.md,,,PENDENTE,
523,SL-S48-06,v0.9.0,S48,Scrapling / WebFetchProvider,Desconstrução,Implementação,Aplicar limites de resposta,"Controlar bytes descomprimidos, tempo, encoding e tipo detectado.",workers/scrapling/http_fetch.py,Resposta infinita/comprimida maliciosa é interrompida sem esgotar recursos do Core.,SL-S48-05,R06; R08; R25; R30,Não iniciado,P0,Crítico,Obrigatória no escopo da versão,Autor + agente de IA,,,reports/S48/SL-S48-06.md,,,PENDENTE,
524,SL-S48-07,v0.9.0,S48,Scrapling / WebFetchProvider,Desconstrução,Implementação,Integrar sessões restritas,Isolar cookies/credenciais por contexto e não herdar perfil pessoal do navegador.,workers/scrapling/sessions.py,Pesquisa pública não ganha cookies de outros workspaces ou da sessão do usuário.,SL-S48-06,R06; R08; R25; R30,Não iniciado,P0,Crítico,Obrigatória no escopo da versão,Autor + agente de IA,,,reports/S48/SL-S48-07.md,,,PENDENTE,
525,SL-S48-08,v0.9.0,S48,Scrapling / WebFetchProvider,Desconstrução,Implementação,Encaminhar conteúdo adquirido,Enviar HTML ao normalizador e arquivos ao Ingest por propostas validadas.,crates/web/src/fetch_pipeline.rs,Worker não grava snapshots diretamente na área canônica.,SL-S48-07,R06; R08; R25; R30,Não iniciado,P0,Crítico,Obrigatória no escopo da versão,Autor + agente de IA,,,reports/S48/SL-S48-08.md,,,PENDENTE,
526,SL-S48-09,v0.9.0,S48,Scrapling / WebFetchProvider,Desconstrução,Teste,Exercitar corpus de rede hostil,"Simular rebinding/redirects, tipos enganosos, timeout e resposta excessiva.",tests/web/http-security/,Todas as exceções de destino são explicitamente autorizadas e auditáveis.,SL-S48-08,R06; R08; R25; R30,Não iniciado,P0,Crítico,Obrigatória no escopo da versão,Autor + agente de IA,,,reports/S48/SL-S48-09.md,,,PENDENTE,
527,SL-S48-10,v0.9.0,S48,Scrapling / WebFetchProvider,Desconstrução,Teste,Medir HTTP-first,Comparar sucesso/falha/custo no corpus permitido sem prometer taxa universal.,reports/scrapling/http-eval.json,Falhas são exibidas; não se declara resolver 85% da web sem evidência correspondente.,SL-S48-09,R06; R08; R25; R30,Não iniciado,P0,Crítico,Obrigatória no escopo da versão,Autor + agente de IA,,,reports/S48/SL-S48-10.md,,,PENDENTE,
528,SL-S48-GATE,v0.9.0,S48,Scrapling / WebFetchProvider,Aceite humano,Gate,Aceitar S48 — Integrar Scrapling no caminho HTTP,"Revisar as dez tarefas, executar a demonstração do sprint, confrontar critérios e registrar decisão go/no-go.",reports/S48/acceptance.md,Baixar página permitida e negar URL interna/redirect indevido em harness controlado. Todas as dependências aceitas; evidências vinculadas a revisão/ambiente; nenhum blocker de integridade/segurança.,SL-S48-01; SL-S48-02; SL-S48-03; SL-S48-04; SL-S48-05; SL-S48-06; SL-S48-07; SL-S48-08; SL-S48-09; SL-S48-10,R06; R08; R25; R30,Não iniciado,P0,Crítico,Obrigatória para fechar a versão aprovada,Autor,,,reports/S48/acceptance.md,,,PENDENTE,
529,SL-S49-01,v0.9.0,S49,Scrapling / browser,Adaptação,Decisão,Definir critérios de escalada,"Escalar HTTP→browser por falha/tipo real, com consentimento e limites.",docs/web/browser-policy.md,Bloqueio não dispara downloads ou tentativas ilimitadas de bypass.,SL-S24-GATE; SL-S25-GATE; SL-S26-GATE; SL-S48-GATE,R01; R06; R08; R09; R25; R30,Não iniciado,P0,Crítico,Obrigatória no escopo da versão,Autor,,,reports/S49/SL-S49-01.md,,,PENDENTE,
530,SL-S49-02,v0.9.0,S49,Scrapling / browser,Adaptação,Implementação,Provisionar browser homologado,"Fixar versão compatível com motor, assinatura/hash e artefatos por SO.",browser/manifests/,Instalação é consentida e verificável; browser não é baixado de URL fornecida pelo modelo.,SL-S49-01,R01; R06; R08; R09; R25; R30,Não iniciado,P0,Crítico,Obrigatória no escopo da versão,Autor + agente de IA,,,reports/S49/SL-S49-02.md,,,PENDENTE,
531,SL-S49-03,v0.9.0,S49,Scrapling / browser,Adaptação,Implementação,Criar sessão efêmera,"Isolar profile, cache, cookies e downloads por tarefa ou escopo aprovado.",workers/scrapling/browser_session.py,Perfil pessoal e segredos locais não são compartilhados.,SL-S49-02,R01; R06; R08; R09; R25; R30,Não iniciado,P0,Crítico,Obrigatória no escopo da versão,Autor + agente de IA,,,reports/S49/SL-S49-03.md,,,PENDENTE,
532,SL-S49-04,v0.9.0,S49,Scrapling / browser,Adaptação,Implementação,Aplicar contenção real,Conectar perfis por SO à árvore multiprocesso do navegador.,workers/scrapling/browser_sandbox.py,Não se usa no-sandbox como correção silenciosa; capacidade indisponível permanece bloqueada.,SL-S49-03,R01; R06; R08; R09; R25; R30,Não iniciado,P0,Crítico,Obrigatória no escopo da versão,Autor + agente de IA,,,reports/S49/SL-S49-04.md,,,PENDENTE,
533,SL-S49-05,v0.9.0,S49,Scrapling / browser,Adaptação,Implementação,Controlar requisições do browser,"Abranger frames, subresources, WebSockets e redirecionamentos relevantes.",workers/scrapling/browser_network.py,JavaScript da página não alcança LocalAI/SearxNG privados nem redes proibidas por caminho alternativo.,SL-S49-04,R01; R06; R08; R09; R25; R30,Não iniciado,P0,Crítico,Obrigatória no escopo da versão,Autor + agente de IA,,,reports/S49/SL-S49-05.md,,,PENDENTE,
534,SL-S49-06,v0.9.0,S49,Scrapling / browser,Adaptação,Implementação,Capturar DOM e estado,"Definir condição de prontidão, timeout e resultado parcial.",workers/scrapling/dynamic_fetch.py,Espera por network idle não pode bloquear indefinidamente em página que mantém conexões.,SL-S49-05,R01; R06; R08; R09; R25; R30,Não iniciado,P0,Crítico,Obrigatória no escopo da versão,Autor + agente de IA,,,reports/S49/SL-S49-06.md,,,PENDENTE,
535,SL-S49-07,v0.9.0,S49,Scrapling / browser,Adaptação,Implementação,Controlar downloads/ações,"Permitir somente aquisição aprovada, sem upload, shell ou automação de contas.",workers/scrapling/browser_actions.py,Conteúdo remoto não solicita acesso ao Vault ou credenciais por tool call.,SL-S49-06,R01; R06; R08; R09; R25; R30,Não iniciado,P0,Crítico,Obrigatória no escopo da versão,Autor + agente de IA,,,reports/S49/SL-S49-07.md,,,PENDENTE,
536,SL-S49-08,v0.9.0,S49,Scrapling / browser,Adaptação,Implementação,Compartilhar pool limitado,Reusar recursos quando seguro e fechar sessões ociosas.,crates/web/src/browser_pool.rs,Número de widgets não cria número igual de browsers persistentes.,SL-S49-07,R01; R06; R08; R09; R25; R30,Não iniciado,P0,Crítico,Obrigatória no escopo da versão,Autor + agente de IA,,,reports/S49/SL-S49-08.md,,,PENDENTE,
537,SL-S49-09,v0.9.0,S49,Scrapling / browser,Adaptação,Teste,Testar páginas hostis e crash,"Simular popup, arquivo de download, loop JS, processo filho e rede interna.",tests/web/browser-security/,Cancelar mata a árvore autorizada e preserva somente resultados validados.,SL-S49-08,R01; R06; R08; R09; R25; R30,Não iniciado,P0,Crítico,Obrigatória no escopo da versão,Autor + agente de IA,,,reports/S49/SL-S49-09.md,,,PENDENTE,
538,SL-S49-10,v0.9.0,S49,Scrapling / browser,Adaptação,Teste,Homologar consumo por plataforma,Medir pico/idle e suporte das capacidades em alvos reais.,reports/browser/qualification.json,Capacidade só é liberada onde sandbox e budgets do perfil foram aprovados.,SL-S49-09,R01; R06; R08; R09; R25; R30,Não iniciado,P0,Crítico,Obrigatória no escopo da versão,Autor + agente de IA,,,reports/S49/SL-S49-10.md,,,PENDENTE,
539,SL-S49-GATE,v0.9.0,S49,Scrapling / browser,Aceite humano,Gate,Aceitar S49 — Adicionar aquisição dinâmica com browser confinado,"Revisar as dez tarefas, executar a demonstração do sprint, confrontar critérios e registrar decisão go/no-go.",reports/S49/acceptance.md,"Renderizar SPA de fixture, capturar DOM e encerrar todos os processos após a tarefa. Todas as dependências aceitas; evidências vinculadas a revisão/ambiente; nenhum blocker de integridade/segurança.",SL-S49-01; SL-S49-02; SL-S49-03; SL-S49-04; SL-S49-05; SL-S49-06; SL-S49-07; SL-S49-08; SL-S49-09; SL-S49-10,R01; R06; R08; R09; R25; R30,Não iniciado,P0,Crítico,Obrigatória para fechar a versão aprovada,Autor,,,reports/S49/acceptance.md,,,PENDENTE,
540,SL-S50-01,v0.9.0,S50,Whiteboard / pesquisa,Próprio,Contrato,Definir estado canônico do widget,"Persistir consulta, filtros, resultados escolhidos, execuções e revisão de síntese.",schemas/research-widget-v0.json,Estado pode ser reconstruído sem browser aberto ou cache do serviço.,SL-S19-GATE; SL-S30-GATE; SL-S47-GATE; SL-S48-GATE; SL-S49-GATE,R11; R14; R24; R25; R26; R31,Não iniciado,P0,Médio,Obrigatória no escopo da versão,Autor + agente de IA,,,reports/S50/SL-S50-01.md,,,PENDENTE,
541,SL-S50-02,v0.9.0,S50,Whiteboard / pesquisa,Próprio,Implementação,Criar UI de consulta,"Exibir destino/consentimento, filtros e execução cancelável.",apps/desktop/src/widgets/research/query.ts,Consulta privada não é enviada ao digitar sem ação/política explícita.,SL-S50-01,R11; R14; R24; R25; R26; R31,Não iniciado,P1,Médio,Obrigatória no escopo da versão,Autor + agente de IA,,,reports/S50/SL-S50-02.md,,,PENDENTE,
542,SL-S50-03,v0.9.0,S50,Whiteboard / pesquisa,Próprio,Implementação,Renderizar resultados seguros,Mostrar títulos/snippets saneados e origem sem executar HTML.,apps/desktop/src/widgets/research/results.ts,Resultado de buscador não recebe aparência de texto completo já verificado.,SL-S50-02,R11; R14; R24; R25; R26; R31,Não iniciado,P1,Médio,Obrigatória no escopo da versão,Autor + agente de IA,,,reports/S50/SL-S50-03.md,,,PENDENTE,
543,SL-S50-04,v0.9.0,S50,Whiteboard / pesquisa,Próprio,Implementação,Selecionar e adquirir fontes,Disparar fetch de itens aprovados e mostrar status individual.,crates/widgets/src/research/acquire.rs,Falha de uma fonte não perde seleção nem captura das demais.,SL-S50-03,R11; R14; R24; R25; R26; R31,Não iniciado,P1,Médio,Obrigatória no escopo da versão,Autor + agente de IA,,,reports/S50/SL-S50-04.md,,,PENDENTE,
544,SL-S50-05,v0.9.0,S50,Whiteboard / pesquisa,Próprio,Implementação,Persistir snapshots,"Salvar HTML/texto/assets autorizados com URL final, data, hash e mapa de fontes.",crates/widgets/src/research/snapshot.rs,Consulta posterior à web não altera o snapshot citado.,SL-S50-04,R11; R14; R24; R25; R26; R31,Não iniciado,P1,Médio,Obrigatória no escopo da versão,Autor + agente de IA,,,reports/S50/SL-S50-05.md,,,PENDENTE,
545,SL-S50-06,v0.9.0,S50,Whiteboard / pesquisa,Próprio,Implementação,Promover a Ingest/células,Criar recorte ou referência de material sem duplicação destrutiva.,crates/widgets/src/research/promote.rs,Conteúdo e origem chegam ao mesmo protocolo de proveniência usado na Peça.,SL-S50-05,R11; R14; R24; R25; R26; R31,Não iniciado,P1,Médio,Obrigatória no escopo da versão,Autor + agente de IA,,,reports/S50/SL-S50-06.md,,,PENDENTE,
546,SL-S50-07,v0.9.0,S50,Whiteboard / pesquisa,Próprio,Implementação,Integrar síntese opcional,"Usar fontes adquiridas e Context/GenerationProvider, não apenas snippets.",crates/widgets/src/research/summarize.rs,Afirmações indicam quais fontes foram efetivamente lidas e cobertura parcial.,SL-S50-06,R11; R14; R24; R25; R26; R31,Não iniciado,P1,Médio,Obrigatória no escopo da versão,Autor + agente de IA,,,reports/S50/SL-S50-07.md,,,PENDENTE,
547,SL-S50-08,v0.9.0,S50,Whiteboard / pesquisa,Próprio,Implementação,Tratar atualização,Comparar resultados/snapshots novos com síntese existente.,apps/desktop/src/widgets/research/refresh.ts,Atualização não sobrescreve texto editado nem citações anteriores silenciosamente.,SL-S50-07,R11; R14; R24; R25; R26; R31,Não iniciado,P1,Médio,Obrigatória no escopo da versão,Autor + agente de IA,,,reports/S50/SL-S50-08.md,,,PENDENTE,
548,SL-S50-09,v0.9.0,S50,Whiteboard / pesquisa,Próprio,Teste,Validar uso offline,Abrir widget salvo e navegar pelas fontes preservadas com rede bloqueada.,tests/widgets/research-offline/,Pesquisa nova fica indisponível com explicação; leitura de snapshots continua funcional.,SL-S50-08,R11; R14; R24; R25; R26; R31,Não iniciado,P1,Médio,Obrigatória no escopo da versão,Autor + agente de IA,,,reports/S50/SL-S50-09.md,,,PENDENTE,
549,SL-S50-10,v0.9.0,S50,Whiteboard / pesquisa,Próprio,Teste,Executar jornada de pesquisa,Buscar→capturar→recortar→conectar→inserir na Peça e verificar fonte/revisão.,reports/widget/research-journey.md,Cadeia integral permanece válida após reinício e limpeza de caches.,SL-S50-09,R11; R14; R24; R25; R26; R31,Não iniciado,P1,Médio,Obrigatória no escopo da versão,Autor + agente de IA,,,reports/S50/SL-S50-10.md,,,PENDENTE,
550,SL-S50-GATE,v0.9.0,S50,Whiteboard / pesquisa,Aceite humano,Gate,Aceitar S50 — Construir widget de pesquisa e snapshots,"Revisar as dez tarefas, executar a demonstração do sprint, confrontar critérios e registrar decisão go/no-go.",reports/S50/acceptance.md,"Pesquisar, selecionar fontes, capturar, editar síntese e atualizar sem perda autoral. Todas as dependências aceitas; evidências vinculadas a revisão/ambiente; nenhum blocker de integridade/segurança.",SL-S50-01; SL-S50-02; SL-S50-03; SL-S50-04; SL-S50-05; SL-S50-06; SL-S50-07; SL-S50-08; SL-S50-09; SL-S50-10,R11; R14; R24; R25; R26; R31,Não iniciado,P0,Médio,Obrigatória para fechar a versão aprovada,Autor,,,reports/S50/acceptance.md,,,PENDENTE,
551,SL-S51-01,v0.9.0,S51,Copiloto / GenerationProvider,Integração,Contrato,Definir ações editoriais,"Reescrever, resumir, criticar e expandir como propostas com revisão-base.",schemas/editorial-proposal-v0.json,Modelo não recebe operação genérica de substituir arquivo ou executar comando.,SL-S21-GATE; SL-S32-GATE; SL-S46-GATE; SL-S50-GATE,R08; R13; R23; R27; R31,Não iniciado,P0,Crítico,Obrigatória no escopo da versão,Autor + agente de IA,,,reports/S51/SL-S51-01.md,,,PENDENTE,
552,SL-S51-02,v0.9.0,S51,Copiloto / GenerationProvider,Integração,Implementação,Criar adapters BYOK,Integrar protocolos dos provedores aprovados preservando capabilities distintas.,adapters/generation/remote/,Compatibilidade OpenAI não é presumida para toda API; ausência de tools/schema é explícita.,SL-S51-01,R08; R13; R23; R27; R31,Não iniciado,P0,Crítico,Obrigatória no escopo da versão,Autor + agente de IA,,,reports/S51/SL-S51-02.md,,,PENDENTE,
553,SL-S51-03,v0.9.0,S51,Copiloto / GenerationProvider,Integração,Implementação,Gerenciar segredos e consentimento,Aplicar escopo da Peça/fontes e armazenar chave no SO.,crates/model-gateway/src/remote_policy.rs,Trocar para remoto não envia automaticamente o contexto inteiro usado no modo local.,SL-S51-02,R08; R13; R23; R27; R31,Não iniciado,P0,Crítico,Obrigatória no escopo da versão,Autor + agente de IA,,,reports/S51/SL-S51-03.md,,,PENDENTE,
554,SL-S51-04,v0.9.0,S51,Copiloto / GenerationProvider,Integração,Implementação,Montar contexto editorial,"Combinar seleção, objetivos e evidências autorizadas sob budget.",crates/copilot/src/context.rs,Conteúdo fora do escopo não entra por link/citação indireta sem autorização.,SL-S51-03,R08; R13; R23; R27; R31,Não iniciado,P0,Crítico,Obrigatória no escopo da versão,Autor + agente de IA,,,reports/S51/SL-S51-04.md,,,PENDENTE,
555,SL-S51-05,v0.9.0,S51,Copiloto / GenerationProvider,Integração,Implementação,Executar geração cancelável,Exibir streaming e estado parcial sem aplicar texto durante geração.,crates/copilot/src/session.rs,Cancelar mantém a Peça original e não registra proposta parcial como aceita.,SL-S51-04,R08; R13; R23; R27; R31,Não iniciado,P0,Crítico,Obrigatória no escopo da versão,Autor + agente de IA,,,reports/S51/SL-S51-05.md,,,PENDENTE,
556,SL-S51-06,v0.9.0,S51,Copiloto / GenerationProvider,Integração,Implementação,Criar diff por blocos,Mostrar adições/remoções e referências alteradas.,apps/desktop/src/copilot/diff.ts,Usuário distingue mudança de argumento de simples formatação.,SL-S51-05,R08; R13; R23; R27; R31,Não iniciado,P0,Crítico,Obrigatória no escopo da versão,Autor + agente de IA,,,reports/S51/SL-S51-06.md,,,PENDENTE,
557,SL-S51-07,v0.9.0,S51,Copiloto / GenerationProvider,Integração,Implementação,Aplicar proposta atomicamente,Validar base_revision e permitir aceite parcial conforme contrato.,crates/copilot/src/apply.rs,"Peça editada durante geração gera conflito/rebase explícito, não overwrite.",SL-S51-06,R08; R13; R23; R27; R31,Não iniciado,P0,Crítico,Obrigatória no escopo da versão,Autor + agente de IA,,,reports/S51/SL-S51-07.md,,,PENDENTE,
558,SL-S51-08,v0.9.0,S51,Copiloto / GenerationProvider,Integração,Implementação,Registrar proveniência de IA,Gravar provedor/modelo e evento aceito sem expor segredos.,crates/copilot/src/provenance.rs,"IA é marcada como origem da proposta, não fonte independente do conteúdo factual.",SL-S51-07,R08; R13; R23; R27; R31,Não iniciado,P0,Crítico,Obrigatória no escopo da versão,Autor + agente de IA,,,reports/S51/SL-S51-08.md,,,PENDENTE,
559,SL-S51-09,v0.9.0,S51,Copiloto / GenerationProvider,Integração,Teste,Testar falhas e injeção,"Cobrir resposta sem referência, patch inválido, prompt hostil e provedor offline.",tests/copilot/,Nenhuma falha concede escrita fora do bloco/escopo autorizado.,SL-S51-08,R08; R13; R23; R27; R31,Não iniciado,P0,Crítico,Obrigatória no escopo da versão,Autor + agente de IA,,,reports/S51/SL-S51-09.md,,,PENDENTE,
560,SL-S51-10,v0.9.0,S51,Copiloto / GenerationProvider,Integração,Teste,Validar revisão e rollback,"Aceitar parte, desfazer e reconstruir histórico em modo offline.",reports/copilot/editorial-acceptance.md,Ação autoral é recuperável e o resultado não depende de conversa hospedada externamente.,SL-S51-09,R08; R13; R23; R27; R31,Não iniciado,P0,Crítico,Obrigatória no escopo da versão,Autor + agente de IA,,,reports/S51/SL-S51-10.md,,,PENDENTE,
561,SL-S51-GATE,v0.9.0,S51,Copiloto / GenerationProvider,Aceite humano,Gate,Aceitar S51 — Integrar copiloto editorial e BYOK,"Revisar as dez tarefas, executar a demonstração do sprint, confrontar critérios e registrar decisão go/no-go.",reports/S51/acceptance.md,"Solicitar revisão de parágrafo, comparar proposta e aceitar somente blocos selecionados. Todas as dependências aceitas; evidências vinculadas a revisão/ambiente; nenhum blocker de integridade/segurança.",SL-S51-01; SL-S51-02; SL-S51-03; SL-S51-04; SL-S51-05; SL-S51-06; SL-S51-07; SL-S51-08; SL-S51-09; SL-S51-10,R08; R13; R23; R27; R31,Não iniciado,P0,Crítico,Obrigatória para fechar a versão aprovada,Autor,,,reports/S51/acceptance.md,,,PENDENTE,
562,SL-S52-01,v0.9.0,S52,IntentService / chat,Próprio,Contrato,Definir intenções,"Persistir objetivos, hipóteses, temas, estado e limites de escopo.",schemas/intention-v0.json,Intenção possui identidade/revisão e não existe apenas em memória de chat.,SL-S35-GATE; SL-S41-GATE; SL-S46-GATE; SL-S51-GATE,R08; R18; R21; R23; R28,Não iniciado,P0,Crítico,Obrigatória no escopo da versão,Autor + agente de IA,,,reports/S52/SL-S52-01.md,,,PENDENTE,
563,SL-S52-02,v0.9.0,S52,IntentService / chat,Próprio,Implementação,Criar UI de metas,"Editar, pausar e arquivar intenções com linguagem clara.",apps/desktop/src/intentions/,Pausar intenção interrompe novos jobs proativos sem apagar seus dados.,SL-S52-01,R08; R18; R21; R23; R28,Não iniciado,P0,Crítico,Obrigatória no escopo da versão,Autor + agente de IA,,,reports/S52/SL-S52-02.md,,,PENDENTE,
564,SL-S52-03,v0.9.0,S52,IntentService / chat,Próprio,Implementação,Recuperar afinidades,Usar busca aprovada para selecionar materiais candidatos por intenção.,crates/intentions/src/candidates.rs,"Threshold antigo de 0,85 não é aplicado sem calibração para o modelo escolhido.",SL-S52-02,R08; R18; R21; R23; R28,Não iniciado,P0,Crítico,Obrigatória no escopo da versão,Autor + agente de IA,,,reports/S52/SL-S52-03.md,,,PENDENTE,
565,SL-S52-04,v0.9.0,S52,IntentService / chat,Próprio,Implementação,Avaliar relevância opcional,Usar Jev ou alternativa local conforme política e registrar critério.,crates/intentions/src/evaluate.rs,Intenção sensível não é enviada remotamente apenas porque Jev está configurado globalmente.,SL-S52-03,R08; R18; R21; R23; R28,Não iniciado,P0,Crítico,Obrigatória no escopo da versão,Autor + agente de IA,,,reports/S52/SL-S52-04.md,,,PENDENTE,
566,SL-S52-05,v0.9.0,S52,IntentService / chat,Próprio,Implementação,Deduplicar notificações,"Aplicar cooldown, motivo e limite de volume sem gerar spam.",crates/intentions/src/notifications.rs,Mesmo item reindexado não dispara sugestões duplicadas incessantemente.,SL-S52-04,R08; R18; R21; R23; R28,Não iniciado,P0,Crítico,Obrigatória no escopo da versão,Autor + agente de IA,,,reports/S52/SL-S52-05.md,,,PENDENTE,
567,SL-S52-06,v0.9.0,S52,IntentService / chat,Próprio,Implementação,Criar proposta de board,"Apresentar candidatos, relações sugeridas e fontes para confirmação.",crates/intentions/src/board_proposal.rs,Arestas propostas por IA não aparecem como desenhadas pelo usuário antes do aceite.,SL-S52-05,R08; R18; R21; R23; R28,Não iniciado,P0,Crítico,Obrigatória no escopo da versão,Autor + agente de IA,,,reports/S52/SL-S52-06.md,,,PENDENTE,
568,SL-S52-07,v0.9.0,S52,IntentService / chat,Próprio,Implementação,Criar chat global com escopo,Selecionar workspace/acervo permitido e mostrar o escopo ativo.,apps/desktop/src/chat/,Global não significa acesso irrestrito automático a todos os arquivos do computador.,SL-S52-06,R08; R18; R21; R23; R28,Não iniciado,P0,Crítico,Obrigatória no escopo da versão,Autor + agente de IA,,,reports/S52/SL-S52-07.md,,,PENDENTE,
569,SL-S52-08,v0.9.0,S52,IntentService / chat,Próprio,Implementação,Persistir conversas/propostas,Definir o que é histórico autoral versus execução efêmera.,crates/chat/src/history.rs,Conversa importante pode ser exportada; logs internos sensíveis não viram conteúdo do Vault por acidente.,SL-S52-07,R08; R18; R21; R23; R28,Não iniciado,P0,Crítico,Obrigatória no escopo da versão,Autor + agente de IA,,,reports/S52/SL-S52-08.md,,,PENDENTE,
570,SL-S52-09,v0.9.0,S52,IntentService / chat,Próprio,Teste,Testar mudança de intenção/escopo,Alterar meta e revogar acesso enquanto job está em execução.,tests/intentions/scope/,Resultado antigo é rejeitado/reclassificado e não publica sugestão desautorizada.,SL-S52-08,R08; R18; R21; R23; R28,Não iniciado,P0,Crítico,Obrigatória no escopo da versão,Autor + agente de IA,,,reports/S52/SL-S52-09.md,,,PENDENTE,
571,SL-S52-10,v0.9.0,S52,IntentService / chat,Próprio,Teste,Avaliar utilidade e explicação,Usar corpus de intenções com positivos/negativos e feedback do usuário.,reports/intentions/evaluation.md,Sugestões exibem motivo/evidências e podem ser rejeitadas sem reorganização forçada do acervo.,SL-S52-09,R08; R18; R21; R23; R28,Não iniciado,P0,Crítico,Obrigatória no escopo da versão,Autor + agente de IA,,,reports/S52/SL-S52-10.md,,,PENDENTE,
572,SL-S52-GATE,v0.9.0,S52,IntentService / chat,Aceite humano,Gate,"Aceitar S52 — Implementar intenções, chat global e sugestões","Revisar as dez tarefas, executar a demonstração do sprint, confrontar critérios e registrar decisão go/no-go.",reports/S52/acceptance.md,Material novo relevante produz sugestão explicável que só cria/altera board após confirmação. Todas as dependências aceitas; evidências vinculadas a revisão/ambiente; nenhum blocker de integridade/segurança.,SL-S52-01; SL-S52-02; SL-S52-03; SL-S52-04; SL-S52-05; SL-S52-06; SL-S52-07; SL-S52-08; SL-S52-09; SL-S52-10,R08; R18; R21; R23; R28,Não iniciado,P0,Crítico,Obrigatória para fechar a versão aprovada,Autor,,,reports/S52/acceptance.md,,,PENDENTE,
573,SL-S53-01,v0.9.0,S53,Produto / alpha integrada,Integração,Implementação,Unificar IDs e navegação,"Resolver links entre Ingest, widget, célula, Peça e histórico por contrato comum.",crates/app-core/src/navigation.rs,Links não dependem de nomes de tela ou paths absolutos frágeis.,SL-S30-GATE; SL-S36-GATE; SL-S41-GATE; SL-S46-GATE; SL-S50-GATE; SL-S51-GATE; SL-S52-GATE,R02; R07; R11; R13; R14; R26; R28; R34,Não iniciado,P1,Alto,Obrigatória no escopo da versão,Autor + agente de IA,,,reports/S53/SL-S53-01.md,,,PENDENTE,
574,SL-S53-02,v0.9.0,S53,Produto / alpha integrada,Integração,Implementação,Harmonizar estados de operação,"Padronizar fila, erro, offline, revisão antiga e solicitação de permissão.",apps/desktop/src/status-system/,Mesmo estado não recebe significados contraditórios em fases diferentes.,SL-S53-01,R02; R07; R11; R13; R14; R26; R28; R34,Não iniciado,P1,Alto,Obrigatória no escopo da versão,Autor + agente de IA,,,reports/S53/SL-S53-02.md,,,PENDENTE,
575,SL-S53-03,v0.9.0,S53,Produto / alpha integrada,Integração,Implementação,Revisar fluxos de promoção,"Tornar clara a diferença entre referência, recorte, cópia e fork-on-insert.",apps/desktop/src/flows/promote/,Usuário consegue prever quais conteúdos serão independentes depois de cada ação.,SL-S53-02,R02; R07; R11; R13; R14; R26; R28; R34,Não iniciado,P1,Alto,Obrigatória no escopo da versão,Autor + agente de IA,,,reports/S53/SL-S53-03.md,,,PENDENTE,
576,SL-S53-04,v0.9.0,S53,Produto / alpha integrada,Integração,Implementação,Unificar painel de recursos,Mostrar runtime/modelos/jobs e permitir pausar tarefas de fundo.,apps/desktop/src/settings/resources/,"Diagnóstico inclui workers e browser, não apenas contador do frontend.",SL-S53-03,R02; R07; R11; R13; R14; R26; R28; R34,Não iniciado,P1,Alto,Obrigatória no escopo da versão,Autor + agente de IA,,,reports/S53/SL-S53-04.md,,,PENDENTE,
577,SL-S53-05,v0.9.0,S53,Produto / alpha integrada,Integração,Teste,Rodar jornada integral local,Usar pacote de dados/modelos provisionado e rede bloqueada.,reports/v0.9/local-journey.md,"Autoria, busca e contexto locais funcionam; web/Jev/BYOK mostram indisponibilidade sem fallback oculto.",SL-S53-04,R02; R07; R11; R13; R14; R26; R28; R34,Não iniciado,P1,Alto,Obrigatória no escopo da versão,Autor + agente de IA,,,reports/S53/SL-S53-05.md,,,PENDENTE,
578,SL-S53-06,v0.9.0,S53,Produto / alpha integrada,Integração,Teste,Rodar jornada conectada consentida,Habilitar pesquisa/Jev/BYOK separadamente e registrar egress autorizado.,reports/v0.9/connected-journey.md,Ativar um provedor não autoriza todos os demais automaticamente.,SL-S53-05,R02; R07; R11; R13; R14; R26; R28; R34,Não iniciado,P1,Alto,Obrigatória no escopo da versão,Autor + agente de IA,,,reports/S53/SL-S53-06.md,,,PENDENTE,
579,SL-S53-07,v0.9.0,S53,Produto / alpha integrada,Integração,Teste,Apagar caches durante ensaio seguro,"Reabrir, reconstruir e comparar autoria/proveniência.",reports/v0.9/reconstruction.md,Nenhum motor contém a única cópia de conhecimento aceito.,SL-S53-06,R02; R07; R11; R13; R14; R26; R28; R34,Não iniciado,P1,Alto,Obrigatória no escopo da versão,Autor + agente de IA,,,reports/S53/SL-S53-07.md,,,PENDENTE,
580,SL-S53-08,v0.9.0,S53,Produto / alpha integrada,Integração,Governança,Congelar funcionalidades v1,Inventariar requisitos ainda pendentes de homologação/portabilidade.,docs/release/v1-freeze.md,Lacunas não são renomeadas como feature pronta; escopo novo vai para proposta pós-v1.,SL-S53-07,R02; R07; R11; R13; R14; R26; R28; R34,Não iniciado,P1,Alto,Obrigatória no escopo da versão,Autor,,,reports/S53/SL-S53-08.md,,,PENDENTE,
581,SL-S53-09,v0.9.0,S53,Produto / alpha integrada,Integração,Governança,Triar defeitos,"Classificar integridade/segurança, função essencial, recursos e polimento.",reports/v0.9/defect-register.csv,Defeito crítico tem owner e bloqueio; não é adiado a v2 para concluir v1 artificialmente.,SL-S53-08,R02; R07; R11; R13; R14; R26; R28; R34,Não iniciado,P1,Alto,Obrigatória no escopo da versão,Autor,,,reports/S53/SL-S53-09.md,,,PENDENTE,
582,SL-S53-10,v0.9.0,S53,Produto / alpha integrada,Integração,Release,Publicar alpha integrada,Distribuir somente capacidades testadas e pedir feedback com diagnóstico saneado.,release/v0.9.0/,Alpha não é anunciada como release estável ou como prova de todas as metas do RFC.,SL-S53-09,R02; R07; R11; R13; R14; R26; R28; R34,Não iniciado,P1,Alto,Obrigatória no escopo da versão,Autor,,,reports/S53/SL-S53-10.md,,,PENDENTE,
583,SL-S53-GATE,v0.9.0,S53,Produto / alpha integrada,Aceite humano,Gate,Aceitar S53 — Integrar o ciclo completo e congelar funcionalidades,"Revisar as dez tarefas, executar a demonstração do sprint, confrontar critérios e registrar decisão go/no-go.",reports/S53/acceptance.md,"Capturar fonte, pesquisar, conectar, produzir Peça e comprovar origem e reconstrução. Todas as dependências aceitas; evidências vinculadas a revisão/ambiente; nenhum blocker de integridade/segurança.",SL-S53-01; SL-S53-02; SL-S53-03; SL-S53-04; SL-S53-05; SL-S53-06; SL-S53-07; SL-S53-08; SL-S53-09; SL-S53-10,R02; R07; R11; R13; R14; R26; R28; R34,Não iniciado,P0,Alto,Obrigatória para fechar a versão aprovada,Autor,,,reports/S53/acceptance.md,,,PENDENTE,
584,SL-S54-01,v1.0.0-beta.1,S54,Segurança / todos os motores,Próprio,Teste,Revalidar modelo de ameaças,Atualizar superfícies após todas as integrações e revisar privilégios efetivos.,docs/security/threat-model-v1.md,Nenhum runtime/endpoint novo fica fora do inventário de fronteiras.,SL-S53-GATE,R05; R06; R08; R30; R34,Não iniciado,P0,Crítico,Obrigatória no escopo da versão,Autor + agente de IA,,,reports/S54/SL-S54-01.md,,,PENDENTE,
585,SL-S54-02,v1.0.0-beta.1,S54,Segurança / todos os motores,Próprio,Teste,Fuzzar codecs/protocolos,"Cobrir Markdown, YAML, JSON, MPK, respostas de workers e patches editoriais.",tests/fuzz/,"Crashes e consumo excessivo reproduzíveis viram regressões, não arquivos descartados sem análise.",SL-S54-01,R05; R06; R08; R30; R34,Não iniciado,P0,Crítico,Obrigatória no escopo da versão,Autor + agente de IA,,,reports/S54/SL-S54-02.md,,,PENDENTE,
586,SL-S54-03,v1.0.0-beta.1,S54,Segurança / todos os motores,Próprio,Teste,Repetir ataques de filesystem,Executar TOCTOU/junction/symlink nas operações reais dos motores.,reports/security/fs-integration.json,Proteção do Core não é contornada por parser/browser com acesso direto amplo.,SL-S54-02,R05; R06; R08; R30; R34,Não iniciado,P0,Crítico,Obrigatória no escopo da versão,Autor + agente de IA,,,reports/S54/SL-S54-03.md,,,PENDENTE,
587,SL-S54-04,v1.0.0-beta.1,S54,Segurança / todos os motores,Próprio,Teste,Repetir ataques de rede,"Testar SSRF, serviços locais, redirects e subrequests de browser.",reports/security/network-integration.json,"LocalAI, SearxNG e segredos não são alcançados por conteúdo adquirido sem autorização.",SL-S54-03,R05; R06; R08; R30; R34,Não iniciado,P0,Crítico,Obrigatória no escopo da versão,Autor + agente de IA,,,reports/S54/SL-S54-04.md,,,PENDENTE,
588,SL-S54-05,v1.0.0-beta.1,S54,Segurança / todos os motores,Próprio,Teste,Red-team de prompt injection,Misturar instruções hostis com documentos/citações e propostas de geração.,reports/security/prompt-injection.json,"Ataque pode afetar texto gerado, mas não altera permissões nem executa ações proibidas.",SL-S54-04,R05; R06; R08; R30; R34,Não iniciado,P0,Crítico,Obrigatória no escopo da versão,Autor + agente de IA,,,reports/S54/SL-S54-05.md,,,PENDENTE,
589,SL-S54-06,v1.0.0-beta.1,S54,Segurança / todos os motores,Próprio,Teste,Auditar credenciais/logs,"Procurar chaves, conteúdos privados e metadados sensíveis em exports e diagnóstico.",reports/security/secrets.json,Dados-semente não vazam; logging detalhado exige opt-in e saneamento.,SL-S54-05,R05; R06; R08; R30; R34,Não iniciado,P0,Crítico,Obrigatória no escopo da versão,Autor + agente de IA,,,reports/S54/SL-S54-06.md,,,PENDENTE,
590,SL-S54-07,v1.0.0-beta.1,S54,Segurança / todos os motores,Próprio,Implementação,Corrigir vulnerabilidades encontradas,Priorizar causa raiz e adicionar teste que falha antes do patch.,security/fixes/,Achado crítico não fica apenas documentado como risco aceito para publicar estável.,SL-S54-06,R05; R06; R08; R30; R34,Não iniciado,P0,Crítico,Obrigatória no escopo da versão,Autor + agente de IA,,,reports/S54/SL-S54-07.md,,,PENDENTE,
591,SL-S54-08,v1.0.0-beta.1,S54,Segurança / todos os motores,Próprio,Upstream,Auditar dependências e patches,"Conferir avisos, CVEs relevantes e necessidade de atualização controlada.",compliance/security-review-v1.json,Atualização passa regressões; ausência de CVE não é tratada como garantia de segurança.,SL-S54-07,R05; R06; R08; R30; R34,Não iniciado,P0,Crítico,Obrigatória no escopo da versão,Autor + agente de IA,,,reports/S54/SL-S54-08.md,,,PENDENTE,
592,SL-S54-09,v1.0.0-beta.1,S54,Segurança / todos os motores,Próprio,Teste,Validar fail-closed,Remover mecanismo obrigatório de sandbox e tentar iniciar recurso dependente.,tests/security/missing-capability/,Função é bloqueada claramente em vez de rodar sem contenção.,SL-S54-08,R05; R06; R08; R30; R34,Não iniciado,P0,Crítico,Obrigatória no escopo da versão,Autor + agente de IA,,,reports/S54/SL-S54-09.md,,,PENDENTE,
593,SL-S54-10,v1.0.0-beta.1,S54,Segurança / todos os motores,Próprio,Governança,Fechar gate de segurança,Revisar evidências manualmente e registrar limites residuais não críticos.,reports/security/v1-signoff.md,Aprovação identifica exatamente versões/perfis testados e não afirma segurança absoluta.,SL-S54-09,R05; R06; R08; R30; R34,Não iniciado,P0,Crítico,Obrigatória no escopo da versão,Autor,,,reports/S54/SL-S54-10.md,,,PENDENTE,
594,SL-S54-GATE,v1.0.0-beta.1,S54,Segurança / todos os motores,Aceite humano,Gate,Aceitar S54 — Executar hardening e auditoria adversarial,"Revisar as dez tarefas, executar a demonstração do sprint, confrontar critérios e registrar decisão go/no-go.",reports/S54/acceptance.md,"Ataques de arquivo, web, prompt e processo falham sem afetar outros workspaces. Todas as dependências aceitas; evidências vinculadas a revisão/ambiente; nenhum blocker de integridade/segurança.",SL-S54-01; SL-S54-02; SL-S54-03; SL-S54-04; SL-S54-05; SL-S54-06; SL-S54-07; SL-S54-08; SL-S54-09; SL-S54-10,R05; R06; R08; R30; R34,Não iniciado,P0,Crítico,Obrigatória para fechar a versão aprovada,Autor,,,reports/S54/acceptance.md,,,PENDENTE,
595,SL-S55-01,v1.0.0-beta.1,S55,ResourceSupervisor / benchmarks,Próprio,Teste,Fixar ambiente de homologação,"Registrar hardware, SO, drivers, armazenamento, dataset e versões dos modelos.",bench/profiles/v1.yaml,Resultado de VM/CI não é confundido com perfil de desktop real.,SL-S54-GATE,R09; R12; R20; R23; R34,Não iniciado,P1,Alto,Obrigatória no escopo da versão,Autor + agente de IA,,,reports/S55/SL-S55-01.md,,,PENDENTE,
596,SL-S55-02,v1.0.0-beta.1,S55,ResourceSupervisor / benchmarks,Próprio,Teste,Medir idle agregado,"Contar Core, WebView, GPU/auxiliares pertinentes e serviços sob gestão.",reports/perf/idle-v1.json,"Meta de 350 MB é avaliada no perfil aprovado, sem omitir processos pesados.",SL-S55-01,R09; R12; R20; R23; R34,Não iniciado,P1,Alto,Obrigatória no escopo da versão,Autor + agente de IA,,,reports/S55/SL-S55-02.md,,,PENDENTE,
597,SL-S55-03,v1.0.0-beta.1,S55,ResourceSupervisor / benchmarks,Próprio,Teste,Medir startup e ack,"Distinguir primeiro uso, caches quentes/frios e aceitação versus conclusão de comando.",reports/perf/startup-ipc-v1.json,"Meta de 2,2 s/150 ms possui definição e dados por percentil.",SL-S55-02,R09; R12; R20; R23; R34,Não iniciado,P1,Alto,Obrigatória no escopo da versão,Autor + agente de IA,,,reports/S55/SL-S55-03.md,,,PENDENTE,
598,SL-S55-04,v1.0.0-beta.1,S55,ResourceSupervisor / benchmarks,Próprio,Teste,Medir indexação leve,Validar 650 MB no perfil definido e registrar OCR/STT separadamente.,reports/perf/indexing-v1.json,Pipelines pesados não recebem exceção implícita ao requisito.,SL-S55-03,R09; R12; R20; R23; R34,Não iniciado,P1,Alto,Obrigatória no escopo da versão,Autor + agente de IA,,,reports/S55/SL-S55-04.md,,,PENDENTE,
599,SL-S55-05,v1.0.0-beta.1,S55,ResourceSupervisor / benchmarks,Próprio,Teste,Medir inferência e unload,"Avaliar 2,8 GB, contexto, simultaneidade e liberação após ociosidade.",reports/perf/inference-v1.json,"Pesos, KV/cache e runtime são contabilizados; não há claim baseado só no tamanho GGUF.",SL-S55-04,R09; R12; R20; R23; R34,Não iniciado,P1,Alto,Obrigatória no escopo da versão,Autor + agente de IA,,,reports/S55/SL-S55-05.md,,,PENDENTE,
600,SL-S55-06,v1.0.0-beta.1,S55,ResourceSupervisor / benchmarks,Próprio,Teste,Medir cena complexa,Coletar frame time em 100/1.000 nós com textos/imagens/arestas.,reports/perf/canvas-v1.json,LOD não ganha desempenho apagando dados ou desativando interação sem aviso.,SL-S55-05,R09; R12; R20; R23; R34,Não iniciado,P1,Alto,Obrigatória no escopo da versão,Autor + agente de IA,,,reports/S55/SL-S55-06.md,,,PENDENTE,
601,SL-S55-07,v1.0.0-beta.1,S55,ResourceSupervisor / benchmarks,Próprio,Implementação,Corrigir gargalos demonstrados,"Atacar hotspots de startup, renderer, indexador e serialização identificados no profiler.",perf/fixes-v1/,Otimização mantém suítes funcionais e mostra comparação antes/depois.,SL-S55-06,R09; R12; R20; R23; R34,Não iniciado,P1,Alto,Obrigatória no escopo da versão,Autor + agente de IA,,,reports/S55/SL-S55-07.md,,,PENDENTE,
602,SL-S55-08,v1.0.0-beta.1,S55,ResourceSupervisor / benchmarks,Próprio,Implementação,Aplicar backpressure,Pausar/reduzir jobs quando recursos se aproximam do perfil autorizado.,crates/resources/src/backpressure.rs,UI continua utilizável e cancelamento tem efeito; não há thrashing contínuo de modelos.,SL-S55-07,R09; R12; R20; R23; R34,Não iniciado,P1,Alto,Obrigatória no escopo da versão,Autor + agente de IA,,,reports/S55/SL-S55-08.md,,,PENDENTE,
603,SL-S55-09,v1.0.0-beta.1,S55,ResourceSupervisor / benchmarks,Próprio,Implementação,Explicar degradação,"Informar capacidade indisponível, pacote menor ou tarefa pendente sem fallback externo.",apps/desktop/src/resources/degradation.ts,Hardware insuficiente não dispara nuvem nem altera conteúdo por truncamento oculto.,SL-S55-08,R09; R12; R20; R23; R34,Não iniciado,P1,Alto,Obrigatória no escopo da versão,Autor + agente de IA,,,reports/S55/SL-S55-09.md,,,PENDENTE,
604,SL-S55-10,v1.0.0-beta.1,S55,ResourceSupervisor / benchmarks,Próprio,Decisão,Ratificar perfil final,Corrigir até cumprir ou reabrir ADR-007 explicitamente antes do release.,reports/perf/v1-signoff.md,Meta não atingida não recebe selo verde; desvios não são escondidos no changelog.,SL-S55-09,R09; R12; R20; R23; R34,Não iniciado,P0,Alto,Obrigatória no escopo da versão,Autor,,,reports/S55/SL-S55-10.md,,,PENDENTE,
605,SL-S55-GATE,v1.0.0-beta.1,S55,ResourceSupervisor / benchmarks,Aceite humano,Gate,Aceitar S55 — Homologar performance e degradação por hardware,"Revisar as dez tarefas, executar a demonstração do sprint, confrontar critérios e registrar decisão go/no-go.",reports/S55/acceptance.md,Repetir benchmarks com dados brutos e observar retorno real a idle após tarefas pesadas. Todas as dependências aceitas; evidências vinculadas a revisão/ambiente; nenhum blocker de integridade/segurança.,SL-S55-01; SL-S55-02; SL-S55-03; SL-S55-04; SL-S55-05; SL-S55-06; SL-S55-07; SL-S55-08; SL-S55-09; SL-S55-10,R09; R12; R20; R23; R34,Não iniciado,P0,Alto,Obrigatória para fechar a versão aprovada,Autor,,,reports/S55/acceptance.md,,,PENDENTE,
606,SL-S56-01,v1.0.0-beta.1,S56,Distribuição / Linux / Windows,Integração,Implementação,Definir layout de pacotes,"Separar app, runtimes, modelos e pacotes opcionais por arquitetura.",packaging/layout-v1.json,Pacote não depende de arquivos presentes apenas na máquina de build.,SL-S54-GATE; SL-S55-GATE,R01; R06; R09; R30; R33,Não iniciado,P0,Crítico,Obrigatória no escopo da versão,Autor + agente de IA,,,reports/S56/SL-S56-01.md,,,PENDENTE,
607,SL-S56-02,v1.0.0-beta.1,S56,Distribuição / Linux / Windows,Integração,Implementação,Construir Linux x86_64,Empacotar Core/UI e workers homologados com dependências nativas.,packaging/linux/x86_64/,Instalação limpa roda autoria e capacidades declaradas sem toolchains globais.,SL-S56-01,R01; R06; R09; R30; R33,Não iniciado,P0,Crítico,Obrigatória no escopo da versão,Autor + agente de IA,,,reports/S56/SL-S56-02.md,,,PENDENTE,
608,SL-S56-03,v1.0.0-beta.1,S56,Distribuição / Linux / Windows,Integração,Implementação,Construir Linux aarch64,Ajustar bibliotecas/backends e não reutilizar binários x86 por engano.,packaging/linux/aarch64/,Smoke nativo e verificação de arquitetura passam nos componentes distribuídos.,SL-S56-02,R01; R06; R09; R30; R33,Não iniciado,P0,Crítico,Obrigatória no escopo da versão,Autor + agente de IA,,,reports/S56/SL-S56-03.md,,,PENDENTE,
609,SL-S56-04,v1.0.0-beta.1,S56,Distribuição / Linux / Windows,Integração,Implementação,Construir Windows x86_64,"Empacotar dependências, helpers e WebView conforme política aprovada.",packaging/windows/x86_64/,Não exige privilégio ou runtime inesperado sem documentação/instalação consentida.,SL-S56-03,R01; R06; R09; R30; R33,Não iniciado,P0,Crítico,Obrigatória no escopo da versão,Autor + agente de IA,,,reports/S56/SL-S56-04.md,,,PENDENTE,
610,SL-S56-05,v1.0.0-beta.1,S56,Distribuição / Linux / Windows,Integração,Teste,Validar isolamento instalado,"Repetir testes essenciais de sandbox no pacote, não só no ambiente dev.",reports/packaging/linux-windows-security.json,"Paths finais, ACLs e helpers preservam as garantias aprovadas.",SL-S56-04,R01; R06; R09; R30; R33,Não iniciado,P0,Crítico,Obrigatória no escopo da versão,Autor + agente de IA,,,reports/S56/SL-S56-05.md,,,PENDENTE,
611,SL-S56-06,v1.0.0-beta.1,S56,Distribuição / Linux / Windows,Integração,Teste,Validar instalação/atualização/remoção,"Testar paths Unicode, usuário sem admin e reinstalação.",tests/packaging/linux-windows/,Remoção não apaga Vaults pessoais sem confirmação explícita.,SL-S56-05,R01; R06; R09; R30; R33,Não iniciado,P0,Crítico,Obrigatória no escopo da versão,Autor + agente de IA,,,reports/S56/SL-S56-06.md,,,PENDENTE,
612,SL-S56-07,v1.0.0-beta.1,S56,Distribuição / Linux / Windows,Integração,Teste,Validar pacotes opcionais offline,Instalar por arquivos/manifestos locais com rede bloqueada.,reports/packaging/offline-linux-windows.json,Capacidades funcionam sem download tardio oculto.,SL-S56-06,R01; R06; R09; R30; R33,Não iniciado,P0,Crítico,Obrigatória no escopo da versão,Autor + agente de IA,,,reports/S56/SL-S56-07.md,,,PENDENTE,
613,SL-S56-08,v1.0.0-beta.1,S56,Distribuição / Linux / Windows,Integração,Licença,Gerar SBOM e avisos,"Inventariar binários, Python privado, browser, DLLs e modelos incluídos.",compliance/packages/linux-windows/,Licenças/fontes correspondentes acompanham os artefatos efetivamente distribuídos.,SL-S56-07,R01; R06; R09; R30; R33,Não iniciado,P0,Crítico,Obrigatória no escopo da versão,Autor,,,reports/S56/SL-S56-08.md,,,PENDENTE,
614,SL-S56-09,v1.0.0-beta.1,S56,Distribuição / Linux / Windows,Integração,Teste,Rodar jornadas nativas,"Repetir Captura→Mesa→Peça, busca/contexto e web nos perfis habilitados.",reports/targets/linux-windows-v1.json,Build verde não substitui execução real nos três alvos.,SL-S56-08,R01; R06; R09; R30; R33,Não iniciado,P0,Crítico,Obrigatória no escopo da versão,Autor + agente de IA,,,reports/S56/SL-S56-09.md,,,PENDENTE,
615,SL-S56-10,v1.0.0-beta.1,S56,Distribuição / Linux / Windows,Integração,Release,Produzir artefatos beta,Assinar/verificar conforme política e registrar hashes de cada pacote.,release/v1.0.0-beta.1/linux-windows/,"Usuário consegue verificar origem; limitações de assinatura são explícitas, não bypass silencioso.",SL-S56-09,R01; R06; R09; R30; R33,Não iniciado,P0,Crítico,Obrigatória no escopo da versão,Autor,,,reports/S56/SL-S56-10.md,,,PENDENTE,
616,SL-S56-GATE,v1.0.0-beta.1,S56,Distribuição / Linux / Windows,Aceite humano,Gate,Aceitar S56 — Empacotar e validar Linux e Windows,"Revisar as dez tarefas, executar a demonstração do sprint, confrontar critérios e registrar decisão go/no-go.",reports/S56/acceptance.md,"Instalar em máquina limpa, provisionar perfil permitido, usar e remover o app. Todas as dependências aceitas; evidências vinculadas a revisão/ambiente; nenhum blocker de integridade/segurança.",SL-S56-01; SL-S56-02; SL-S56-03; SL-S56-04; SL-S56-05; SL-S56-06; SL-S56-07; SL-S56-08; SL-S56-09; SL-S56-10,R01; R06; R09; R30; R33,Não iniciado,P0,Crítico,Obrigatória para fechar a versão aprovada,Autor,,,reports/S56/acceptance.md,,,PENDENTE,
617,SL-S57-01,v1.0.0-beta.1,S57,Distribuição / macOS,Integração,Implementação,Construir Apple Silicon,Empacotar binários/model backends compatíveis e paths de recursos.,packaging/macos/arm64/,Nenhum backend x86 é carregado implicitamente para mascarar falta de suporte.,SL-S54-GATE; SL-S55-GATE; SL-S56-GATE,R01; R06; R09; R30; R33,Não iniciado,P0,Crítico,Obrigatória no escopo da versão,Autor + agente de IA,,,reports/S57/SL-S57-01.md,,,PENDENTE,
618,SL-S57-02,v1.0.0-beta.1,S57,Distribuição / macOS,Integração,Implementação,Construir macOS Intel,Definir modelos/backends CPU/GPU realmente disponíveis.,packaging/macos/x86_64/,Aceleração indisponível não é prometida por paridade com Apple Silicon.,SL-S57-01,R01; R06; R09; R30; R33,Não iniciado,P0,Crítico,Obrigatória no escopo da versão,Autor + agente de IA,,,reports/S57/SL-S57-02.md,,,PENDENTE,
619,SL-S57-03,v1.0.0-beta.1,S57,Distribuição / macOS,Integração,Implementação,Configurar helpers/assinatura,Aplicar entitlements e política de distribuição aprovada a todos os executáveis.,packaging/macos/signing/,Helper não perde contenção ao ser movido para o bundle final.,SL-S57-02,R01; R06; R09; R30; R33,Não iniciado,P0,Crítico,Obrigatória no escopo da versão,Autor + agente de IA,,,reports/S57/SL-S57-03.md,,,PENDENTE,
620,SL-S57-04,v1.0.0-beta.1,S57,Distribuição / macOS,Integração,Teste,Validar instalação limpa,Executar sem ambientes Python/Go/Rust de desenvolvimento.,tests/packaging/macos-install/,"Ausência de dependência é detectada antes do uso, sem instrução opaca para desativar segurança.",SL-S57-03,R01; R06; R09; R30; R33,Não iniciado,P0,Crítico,Obrigatória no escopo da versão,Autor + agente de IA,,,reports/S57/SL-S57-04.md,,,PENDENTE,
621,SL-S57-05,v1.0.0-beta.1,S57,Distribuição / macOS,Integração,Teste,Repetir sandbox instalado,"Tentar acesso a dados privados, rede e filhos não autorizados.",reports/packaging/macos-security.json,Permissões reais do bundle correspondem aos perfis aprovados.,SL-S57-04,R01; R06; R09; R30; R33,Não iniciado,P0,Crítico,Obrigatória no escopo da versão,Autor + agente de IA,,,reports/S57/SL-S57-05.md,,,PENDENTE,
622,SL-S57-06,v1.0.0-beta.1,S57,Distribuição / macOS,Integração,Teste,Validar modelos/pacotes offline,Provisionar pelo fluxo documentado e bloquear rede.,reports/packaging/macos-offline.json,Geração/embeddings homologados funcionam sem chamada externa.,SL-S57-05,R01; R06; R09; R30; R33,Não iniciado,P0,Crítico,Obrigatória no escopo da versão,Autor + agente de IA,,,reports/S57/SL-S57-06.md,,,PENDENTE,
623,SL-S57-07,v1.0.0-beta.1,S57,Distribuição / macOS,Integração,Teste,Rodar jornadas por arquitetura,"Exercitar editor, Mesa, ingest, busca, contexto e web habilitada.",reports/targets/macos-v1.json,Teste de uma arquitetura não vale como aprovação da outra.,SL-S57-06,R01; R06; R09; R30; R33,Não iniciado,P0,Crítico,Obrigatória no escopo da versão,Autor + agente de IA,,,reports/S57/SL-S57-07.md,,,PENDENTE,
624,SL-S57-08,v1.0.0-beta.1,S57,Distribuição / macOS,Integração,Teste,Consolidar matriz dos cinco alvos,Comparar capacidades essenciais e opcionais com evidências.,reports/targets/v1-capabilities.json,Qualquer lacuna essencial bloqueia stable até correção ou replanejamento formal de escopo.,SL-S57-07,R01; R06; R09; R30; R33,Não iniciado,P0,Crítico,Obrigatória no escopo da versão,Autor + agente de IA,,,reports/S57/SL-S57-08.md,,,PENDENTE,
625,SL-S57-09,v1.0.0-beta.1,S57,Distribuição / macOS,Integração,Documentação,Publicar guia beta,"Explicar instalação, requisitos, limites e coleta de diagnóstico local saneado.",docs/releases/v1-beta.md,Usuário identifica facilmente qual pacote/modelo pode usar em seu hardware.,SL-S57-08,R01; R06; R09; R30; R33,Não iniciado,P0,Crítico,Obrigatória no escopo da versão,Autor + agente de IA,,,reports/S57/SL-S57-09.md,,,PENDENTE,
626,SL-S57-10,v1.0.0-beta.1,S57,Distribuição / macOS,Integração,Release,Publicar beta multiplataforma,"Empacotar notas, SBOM, hashes e fontes aplicáveis.",release/v1.0.0-beta.1/,Beta mantém estado experimental explícito e não oculta falhas conhecidas.,SL-S57-09,R01; R06; R09; R30; R33,Não iniciado,P0,Crítico,Obrigatória no escopo da versão,Autor,,,reports/S57/SL-S57-10.md,,,PENDENTE,
627,SL-S57-GATE,v1.0.0-beta.1,S57,Distribuição / macOS,Aceite humano,Gate,Aceitar S57 — Empacotar macOS e fechar beta multiplataforma,"Revisar as dez tarefas, executar a demonstração do sprint, confrontar critérios e registrar decisão go/no-go.",reports/S57/acceptance.md,"Instalação limpa em macOS preserva helpers, permissões, modelos e dados do usuário. Todas as dependências aceitas; evidências vinculadas a revisão/ambiente; nenhum blocker de integridade/segurança.",SL-S57-01; SL-S57-02; SL-S57-03; SL-S57-04; SL-S57-05; SL-S57-06; SL-S57-07; SL-S57-08; SL-S57-09; SL-S57-10,R01; R06; R09; R30; R33,Não iniciado,P0,Crítico,Obrigatória para fechar a versão aprovada,Autor,,,reports/S57/acceptance.md,,,PENDENTE,
628,SL-S58-01,v1.0.0-rc.1,S58,Compatibilidade / portabilidade,Próprio,Decisão,Ratificar retenção/Git/auditoria,"Resolver ADR-016 incluindo arquivos canônicos, caches excluídos e limites de anchoring.",docs/adr/016-history-portability.md,Git opcional não é chamado de backup remoto sem configuração real.,SL-S22-GATE; SL-S57-GATE,R02; R05; R29; R32; R37,Não iniciado,P0,Crítico,Obrigatória no escopo da versão,Autor,,,reports/S58/SL-S58-01.md,,,PENDENTE,
629,SL-S58-02,v1.0.0-rc.1,S58,Compatibilidade / portabilidade,Próprio,Implementação,Criar planejador de migração,Detectar versão e mostrar plano antes de executar mudanças.,crates/migrations/src/plan.rs,Versão desconhecida abre read-only ou é recusada sem regravação destrutiva.,SL-S58-01,R02; R05; R29; R32; R37,Não iniciado,P0,Crítico,Obrigatória no escopo da versão,Autor + agente de IA,,,reports/S58/SL-S58-02.md,,,PENDENTE,
630,SL-S58-03,v1.0.0-rc.1,S58,Compatibilidade / portabilidade,Próprio,Implementação,Executar migração recuperável,Criar ponto de restauração e publicar migração com protocolo durável.,crates/migrations/src/run.rs,Interrupção permite retomar/voltar; formatos intermediários não são anunciados como prontos.,SL-S58-02,R02; R05; R29; R32; R37,Não iniciado,P0,Crítico,Obrigatória no escopo da versão,Autor + agente de IA,,,reports/S58/SL-S58-03.md,,,PENDENTE,
631,SL-S58-04,v1.0.0-rc.1,S58,Compatibilidade / portabilidade,Próprio,Implementação,Versionar caches separadamente,Reconstruir índices/MPK sem obrigar migração autoral.,crates/migrations/src/derived.rs,Atualização de engine vetorial não muda o Markdown sem necessidade.,SL-S58-03,R02; R05; R29; R32; R37,Não iniciado,P0,Crítico,Obrigatória no escopo da versão,Autor + agente de IA,,,reports/S58/SL-S58-04.md,,,PENDENTE,
632,SL-S58-05,v1.0.0-rc.1,S58,Compatibilidade / portabilidade,Próprio,Implementação,Concluir backup/restauração,"Validar escopo, manifest, integridade e dry-run do restauro.",crates/backup/,Backup de dados confirmados reconstrói autoria e histórico aprovado numa raiz limpa.,SL-S58-04,R02; R05; R29; R32; R37,Não iniciado,P0,Crítico,Obrigatória no escopo da versão,Autor + agente de IA,,,reports/S58/SL-S58-05.md,,,PENDENTE,
633,SL-S58-06,v1.0.0-rc.1,S58,Compatibilidade / portabilidade,Próprio,Implementação,Integrar Git local,Commitar arquivos autorizados com hooks/filters e execução de comandos sob política segura.,adapters/git/local.rs,Repositório importado não executa hook/filtro arbitrário por simples abertura.,SL-S58-05,R02; R05; R29; R32; R37,Não iniciado,P0,Crítico,Obrigatória no escopo da versão,Autor + agente de IA,,,reports/S58/SL-S58-06.md,,,PENDENTE,
634,SL-S58-07,v1.0.0-rc.1,S58,Compatibilidade / portabilidade,Próprio,Implementação,Integrar remotos opt-in,"Configurar credenciais do SO, preview de conteúdo e confirmação de push/pull.",adapters/git/remote.rs,Nenhum remoto é criado ou sincronizado automaticamente; conflitos são explícitos.,SL-S58-06,R02; R05; R29; R32; R37,Não iniciado,P0,Crítico,Obrigatória no escopo da versão,Autor + agente de IA,,,reports/S58/SL-S58-07.md,,,PENDENTE,
635,SL-S58-08,v1.0.0-rc.1,S58,Compatibilidade / portabilidade,Próprio,Implementação,Definir retenção e purga,Separar limpar cache de apagar histórico/assets não referenciados.,crates/history/src/retention.rs,Purga com efeito autoral exige confirmação e explica perda de rollback/auditoria.,SL-S58-07,R02; R05; R29; R32; R37,Não iniciado,P0,Crítico,Obrigatória no escopo da versão,Autor + agente de IA,,,reports/S58/SL-S58-08.md,,,PENDENTE,
636,SL-S58-09,v1.0.0-rc.1,S58,Compatibilidade / portabilidade,Próprio,Teste,Testar matriz de versões,Migrar fixtures de versões anteriores e simular downgrade incompatível.,tests/migrations/v1/,Dados não são silenciosamente perdidos; impossibilidade de downgrade tem alternativa de export/restore.,SL-S58-08,R02; R05; R29; R32; R37,Não iniciado,P0,Crítico,Obrigatória no escopo da versão,Autor + agente de IA,,,reports/S58/SL-S58-09.md,,,PENDENTE,
637,SL-S58-10,v1.0.0-rc.1,S58,Compatibilidade / portabilidade,Próprio,Teste,Restaurar em outro sistema,"Levar backup entre SOs e verificar IDs, fontes, paths e referências.",reports/portability/v1-restore.md,Portabilidade não depende de índices ou diretórios específicos da máquina de origem.,SL-S58-09,R02; R05; R29; R32; R37,Não iniciado,P0,Crítico,Obrigatória no escopo da versão,Autor + agente de IA,,,reports/S58/SL-S58-10.md,,,PENDENTE,
638,SL-S58-GATE,v1.0.0-rc.1,S58,Compatibilidade / portabilidade,Aceite humano,Gate,"Aceitar S58 — Implementar migrações, backup e Git opcional","Revisar as dez tarefas, executar a demonstração do sprint, confrontar critérios e registrar decisão go/no-go.",reports/S58/acceptance.md,"Migrar cópia de Vault antigo, restaurar backup e fazer commit/push apenas por ação autorizada. Todas as dependências aceitas; evidências vinculadas a revisão/ambiente; nenhum blocker de integridade/segurança.",SL-S58-01; SL-S58-02; SL-S58-03; SL-S58-04; SL-S58-05; SL-S58-06; SL-S58-07; SL-S58-08; SL-S58-09; SL-S58-10,R02; R05; R29; R32; R37,Não iniciado,P0,Crítico,Obrigatória para fechar a versão aprovada,Autor,,,reports/S58/acceptance.md,,,PENDENTE,
639,SL-S59-01,v1.0.0-rc.1,S59,Produto / qualidade de uso,Próprio,Teste,Auditar teclado/foco,"Cobrir Ingest, canvas alternativo acessível, editor, diálogo e copiloto.",reports/a11y/keyboard-v1.md,Jornada essencial não contém armadilha de foco ou ação somente por gesto espacial.,SL-S57-GATE; SL-S58-GATE,R01; R07; R08; R31; R33; R34,Não iniciado,P0,Crítico,Obrigatória no escopo da versão,Autor + agente de IA,,,reports/S59/SL-S59-01.md,,,PENDENTE,
640,SL-S59-02,v1.0.0-rc.1,S59,Produto / qualidade de uso,Próprio,Teste,Auditar semântica/contraste,"Verificar nomes acessíveis, status, escalas e alternativas aos sinais de cor.",reports/a11y/interface-v1.md,Erros e relações não dependem exclusivamente de cor ou imagem.,SL-S59-01,R01; R07; R08; R31; R33; R34,Não iniciado,P0,Crítico,Obrigatória no escopo da versão,Autor + agente de IA,,,reports/S59/SL-S59-02.md,,,PENDENTE,
641,SL-S59-03,v1.0.0-rc.1,S59,Produto / qualidade de uso,Próprio,Implementação,Corrigir bloqueios de uso,"Resolver defeitos críticos de navegação, estados vazios e mensagens de recuperação.",ux/fixes-v1/,Erro comum oferece ação concreta sem expor jargão interno obrigatório.,SL-S59-02,R01; R07; R08; R31; R33; R34,Não iniciado,P0,Crítico,Obrigatória no escopo da versão,Autor + agente de IA,,,reports/S59/SL-S59-03.md,,,PENDENTE,
642,SL-S59-04,v1.0.0-rc.1,S59,Produto / qualidade de uso,Próprio,Documentação,Escrever guia de primeiros passos,Explicar modos offline/conectado e ciclo Captura→Mesa→Peça.,docs/user/getting-started.md,"Guia não exige familiaridade com PageIndex, LocalAI, SearxNG ou banco vetorial.",SL-S59-03,R01; R07; R08; R31; R33; R34,Não iniciado,P0,Crítico,Obrigatória no escopo da versão,Autor + agente de IA,,,reports/S59/SL-S59-04.md,,,PENDENTE,
643,SL-S59-05,v1.0.0-rc.1,S59,Produto / qualidade de uso,Próprio,Documentação,Escrever guia de dados/recuperação,"Documentar formatos, backup, conflito, migração e reconstrução.",docs/user/data-and-recovery.md,Usuário distingue cache descartável de histórico autoral.,SL-S59-04,R01; R07; R08; R31; R33; R34,Não iniciado,P0,Crítico,Obrigatória no escopo da versão,Autor + agente de IA,,,reports/S59/SL-S59-05.md,,,PENDENTE,
644,SL-S59-06,v1.0.0-rc.1,S59,Produto / qualidade de uso,Próprio,Documentação,Escrever guia de privacidade,"Mostrar envio Jev/BYOK/web, chaves, logs e revogação.",docs/user/privacy.md,Não promete que todos os dados ficam locais quando o usuário habilita serviços externos.,SL-S59-05,R01; R07; R08; R31; R33; R34,Não iniciado,P0,Crítico,Obrigatória no escopo da versão,Autor + agente de IA,,,reports/S59/SL-S59-06.md,,,PENDENTE,
645,SL-S59-07,v1.0.0-rc.1,S59,Produto / qualidade de uso,Próprio,Documentação,Escrever guia de contribuição,"Orientar builds, fixtures, contratos, patches upstream e licenças.",docs/contributing/,Novo contribuinte consegue executar suíte básica sem credenciais pagas.,SL-S59-06,R01; R07; R08; R31; R33; R34,Não iniciado,P0,Crítico,Obrigatória no escopo da versão,Autor + agente de IA,,,reports/S59/SL-S59-07.md,,,PENDENTE,
646,SL-S59-08,v1.0.0-rc.1,S59,Produto / qualidade de uso,Próprio,Teste,Executar piloto com corpus permitido,"Observar jornadas reais ou testes estruturados do mantenedor, distinguindo as modalidades.",reports/pilot/v1.md,Feedback não é inventado; origem e limitações da amostra são registradas.,SL-S59-07,R01; R07; R08; R31; R33; R34,Não iniciado,P0,Crítico,Obrigatória no escopo da versão,Autor + agente de IA,,,reports/S59/SL-S59-08.md,,,PENDENTE,
647,SL-S59-09,v1.0.0-rc.1,S59,Produto / qualidade de uso,Próprio,Governança,Revisar pendências da RC,"Classificar bugs, segurança, portabilidade e recursos contra critérios fixados.",reports/releases/v1-rc-readiness.md,Nenhum defeito crítico fica escondido como trabalho de versão futura.,SL-S59-08,R01; R07; R08; R31; R33; R34,Não iniciado,P0,Crítico,Obrigatória no escopo da versão,Autor,,,reports/S59/SL-S59-09.md,,,PENDENTE,
648,SL-S59-10,v1.0.0-rc.1,S59,Produto / qualidade de uso,Próprio,Release,Publicar candidata,"Anexar migrações, rollback, changelog, avisos e matriz de suporte.",release/v1.0.0-rc.1/,Fonte e binários correspondem à mesma revisão e evidências da RC.,SL-S59-09,R01; R07; R08; R31; R33; R34,Não iniciado,P0,Crítico,Obrigatória no escopo da versão,Autor,,,reports/S59/SL-S59-10.md,,,PENDENTE,
649,SL-S59-GATE,v1.0.0-rc.1,S59,Produto / qualidade de uso,Aceite humano,Gate,"Aceitar S59 — Concluir acessibilidade, documentação e piloto","Revisar as dez tarefas, executar a demonstração do sprint, confrontar critérios e registrar decisão go/no-go.",reports/S59/acceptance.md,"Usuário novo instala, captura, produz Peça e recupera erro seguindo somente os guias. Todas as dependências aceitas; evidências vinculadas a revisão/ambiente; nenhum blocker de integridade/segurança.",SL-S59-01; SL-S59-02; SL-S59-03; SL-S59-04; SL-S59-05; SL-S59-06; SL-S59-07; SL-S59-08; SL-S59-09; SL-S59-10,R01; R07; R08; R31; R33; R34,Não iniciado,P0,Crítico,Obrigatória para fechar a versão aprovada,Autor,,,reports/S59/acceptance.md,,,PENDENTE,
650,SL-S60-01,v1.0.0,S60,Release / escopo integral,Próprio,Governança,Auditar rastreabilidade,Conferir requisitos R01–R34/R37 aplicáveis contra testes e entregáveis reais.,reports/releases/v1-traceability.md,"Cada requisito essencial tem evidência, e não apenas tarefa marcada concluída.",SL-S54-GATE; SL-S55-GATE; SL-S56-GATE; SL-S57-GATE; SL-S58-GATE; SL-S59-GATE,R01; R02; R05; R06; R07; R09; R33; R34,Não iniciado,P0,Crítico,Obrigatória no escopo da versão,Autor,,,reports/S60/SL-S60-01.md,,,PENDENTE,
651,SL-S60-02,v1.0.0,S60,Release / escopo integral,Próprio,Teste,Rodar suíte final na revisão candidata,"Reexecutar contratos, e2e, segurança, migrações e recursos relevantes.",reports/releases/v1-final-suite.json,"Resultados pertencem ao commit que será publicado, não a uma versão anterior parecida.",SL-S60-01,R01; R02; R05; R06; R07; R09; R33; R34,Não iniciado,P0,Crítico,Obrigatória no escopo da versão,Autor + agente de IA,,,reports/S60/SL-S60-02.md,,,PENDENTE,
652,SL-S60-03,v1.0.0,S60,Release / escopo integral,Próprio,Teste,Repetir destruição de caches,Executar prova oficial de soberania no pacote final.,reports/releases/v1-file-truth.json,Todos os dados autorais previstos reaparecem sem depender dos motores de índice.,SL-S60-02,R01; R02; R05; R06; R07; R09; R33; R34,Não iniciado,P0,Crítico,Obrigatória no escopo da versão,Autor + agente de IA,,,reports/S60/SL-S60-03.md,,,PENDENTE,
653,SL-S60-04,v1.0.0,S60,Release / escopo integral,Próprio,Teste,Repetir modo desconectado,Bloquear rede em instalação com pacotes provisionados.,reports/releases/v1-offline.json,Funções locais essenciais funcionam e não há egress inesperado.,SL-S60-03,R01; R02; R05; R06; R07; R09; R33; R34,Não iniciado,P0,Crítico,Obrigatória no escopo da versão,Autor + agente de IA,,,reports/S60/SL-S60-04.md,,,PENDENTE,
654,SL-S60-05,v1.0.0,S60,Release / escopo integral,Próprio,Licença,Fechar conformidade,"Revisar SBOM, notices, fontes correspondentes e licenças dos modelos distribuídos.",compliance/releases/v1.0.0/,Natureza não comercial não é usada como isenção de obrigação ou custo de API.,SL-S60-04,R01; R02; R05; R06; R07; R09; R33; R34,Não iniciado,P0,Crítico,Obrigatória no escopo da versão,Autor,,,reports/S60/SL-S60-05.md,,,PENDENTE,
655,SL-S60-06,v1.0.0,S60,Release / escopo integral,Próprio,Release,Congelar e verificar artefatos,"Gerar hashes/assinaturas, registrar ambiente e associar fontes/lockfiles.",release/v1.0.0/manifest.json,Cada arquivo baixável corresponde a origem e versão auditáveis.,SL-S60-05,R01; R02; R05; R06; R07; R09; R33; R34,Não iniciado,P0,Crítico,Obrigatória no escopo da versão,Autor,,,reports/S60/SL-S60-06.md,,,PENDENTE,
656,SL-S60-07,v1.0.0,S60,Release / escopo integral,Próprio,Documentação,Publicar notas de versão,"Explicar capacidades, mínimos, limitações, atualização e rollback.",docs/releases/v1.0.0.md,Não há claim de performance/segurança que exceda a matriz homologada.,SL-S60-06,R01; R02; R05; R06; R07; R09; R33; R34,Não iniciado,P0,Crítico,Obrigatória no escopo da versão,Autor + agente de IA,,,reports/S60/SL-S60-07.md,,,PENDENTE,
657,SL-S60-08,v1.0.0,S60,Release / escopo integral,Próprio,Governança,Definir suporte e vulnerabilidades,"Criar canal, política de triagem e processo de patch emergencial.",SECURITY.md,Relato crítico pode interromper roadmap e gerar patch sem aguardar próximo sprint de feature.,SL-S60-07,R01; R02; R05; R06; R07; R09; R33; R34,Não iniciado,P0,Crítico,Obrigatória no escopo da versão,Autor,,,reports/S60/SL-S60-08.md,,,PENDENTE,
658,SL-S60-09,v1.0.0,S60,Release / escopo integral,Próprio,Decisão,Fazer go/no-go humano,"Revisar blockers, demonstração e disponibilidade de artefatos.",reports/releases/v1-go-no-go.md,Autor assina decisão; agente não aprova automaticamente a própria implementação.,SL-S60-08,R01; R02; R05; R06; R07; R09; R33; R34,Não iniciado,P0,Crítico,Obrigatória no escopo da versão,Autor,,,reports/S60/SL-S60-09.md,,,PENDENTE,
659,SL-S60-10,v1.0.0,S60,Release / escopo integral,Próprio,Release,Publicar stable e verificar distribuição,Testar download/instalação a partir do canal real sem expor credenciais.,reports/releases/v1-post-publish.md,"Se artefato estiver incorreto, canal é corrigido/revertido e problema não é ignorado.",SL-S60-09,R01; R02; R05; R06; R07; R09; R33; R34,Não iniciado,P0,Crítico,Obrigatória no escopo da versão,Autor,,,reports/S60/SL-S60-10.md,,,PENDENTE,
660,SL-S60-GATE,v1.0.0,S60,Release / escopo integral,Aceite humano,Gate,Aceitar S60 — Publicar Sandland v1.0.0,"Revisar as dez tarefas, executar a demonstração do sprint, confrontar critérios e registrar decisão go/no-go.",reports/S60/acceptance.md,"Instalar stable limpa, restaurar Vault de referência e concluir ciclo completo sem perda de dados. Todas as dependências aceitas; evidências vinculadas a revisão/ambiente; nenhum blocker de integridade/segurança.",SL-S60-01; SL-S60-02; SL-S60-03; SL-S60-04; SL-S60-05; SL-S60-06; SL-S60-07; SL-S60-08; SL-S60-09; SL-S60-10,R01; R02; R05; R06; R07; R09; R33; R34,Não iniciado,P0,Crítico,Obrigatória para fechar a versão aprovada,Autor,,,reports/S60/acceptance.md,,,PENDENTE,
661,SL-S61-01,v1.1.0,S61,Manutenção / produto,Próprio,Governança,Coletar feedback consentido,"Usar issues e diagnóstico local saneado, sem telemetria compulsória.",reports/post-v1/feedback-register.csv,Relatos possuem consentimento/origem; ausência de usuários externos é declarada.,SL-S60-GATE,R05; R09; R31; R34; R36,Não iniciado,P0,Crítico,Obrigatória no escopo da versão,Autor,,,reports/S61/SL-S61-01.md,,,PENDENTE,
662,SL-S61-02,v1.1.0,S61,Manutenção / produto,Próprio,Governança,Triar incidentes,"Priorizar perda de dados, fuga de escopo, falhas essenciais e recursos.",docs/maintenance/triage.md,Hotfix crítico pode interromper qualquer sprint futuro.,SL-S61-01,R05; R09; R31; R34; R36,Não iniciado,P0,Crítico,Obrigatória no escopo da versão,Autor,,,reports/S61/SL-S61-02.md,,,PENDENTE,
663,SL-S61-03,v1.1.0,S61,Manutenção / produto,Próprio,Teste,Reproduzir problemas reais,Transformar entradas permitidas em fixtures mínimas sem expor documentos do usuário.,tests/regressions/post-v1/,Cada bug corrigido tem caso reproduzível; bug não confirmado é identificado como hipótese.,SL-S61-02,R05; R09; R31; R34; R36,Não iniciado,P0,Crítico,Obrigatória no escopo da versão,Autor + agente de IA,,,reports/S61/SL-S61-03.md,,,PENDENTE,
664,SL-S61-04,v1.1.0,S61,Manutenção / produto,Próprio,Implementação,Corrigir falhas prioritárias,Implementar patches estreitos com revisão e rollback.,maintenance/v1.1/fixes/,Correção não introduz migração/feature escondida e passa contratos pertinentes.,SL-S61-03,R05; R09; R31; R34; R36,Não iniciado,P0,Crítico,Obrigatória no escopo da versão,Autor + agente de IA,,,reports/S61/SL-S61-04.md,,,PENDENTE,
665,SL-S61-05,v1.1.0,S61,Manutenção / produto,Próprio,Teste,Executar uso prolongado,"Alternar Vaults, edição, OCR, pesquisa e inferência em sessão extensa.",reports/post-v1/soak.json,"Crescimento de recursos, deadlocks e atrasos são medidos, não só observados visualmente.",SL-S61-04,R05; R09; R31; R34; R36,Não iniciado,P0,Crítico,Obrigatória no escopo da versão,Autor + agente de IA,,,reports/S61/SL-S61-05.md,,,PENDENTE,
666,SL-S61-06,v1.1.0,S61,Manutenção / produto,Próprio,Governança,Revisar dívida dos adapters,"Listar patches locais, APIs internas e riscos por engine.",upstream/debt-register.md,Cada divergência tem motivação e estratégia de reduzir/manter/upstreamar.,SL-S61-05,R05; R09; R31; R34; R36,Não iniciado,P0,Crítico,Obrigatória no escopo da versão,Autor,,,reports/S61/SL-S61-06.md,,,PENDENTE,
667,SL-S61-07,v1.1.0,S61,Manutenção / produto,Próprio,Decisão,Ratificar propostas pós-v1,"Resolver ADR-017 para escala, offline/interoperabilidade e futuros provedores.",docs/adr/017-post-v1-scope.md,Novas funcionalidades permanecem propostas até aprovação humana; não bloqueiam correções essenciais.,SL-S61-06,R05; R09; R31; R34; R36,Não iniciado,P0,Crítico,Obrigatória no escopo da versão,Autor,,,reports/S61/SL-S61-07.md,,,PENDENTE,
668,SL-S61-08,v1.1.0,S61,Manutenção / produto,Próprio,Decisão,Definir alvos de escala,Escolher corpus/hardware com base em uso observado antes de otimizar.,bench/profiles/post-v1.yaml,Novas metas não substituem silenciosamente budgets básicos do produto.,SL-S61-07,R05; R09; R31; R34; R36,Não iniciado,P0,Crítico,Obrigatória no escopo da versão,Autor,,,reports/S61/SL-S61-08.md,,,PENDENTE,
669,SL-S61-09,v1.1.0,S61,Manutenção / produto,Próprio,Governança,Definir política de suporte,"Estabelecer ramos, patches de segurança, depreciação e compatibilidade de formatos.",docs/maintenance/support-policy.md,Não há promessa de suporte eterno ou calendário irreal para equipe solo.,SL-S61-08,R05; R09; R31; R34; R36,Não iniciado,P0,Crítico,Obrigatória no escopo da versão,Autor,,,reports/S61/SL-S61-09.md,,,PENDENTE,
670,SL-S61-10,v1.1.0,S61,Manutenção / produto,Próprio,Teste,Fechar regressão de estabilidade,Comparar candidata com v1.0 e registrar o que efetivamente melhorou.,reports/v1.1/stability-baseline.md,Ausência de defeito conhecido não é preenchida por bug inventado para marcar tarefa concluída.,SL-S61-09,R05; R09; R31; R34; R36,Não iniciado,P0,Crítico,Obrigatória no escopo da versão,Autor + agente de IA,,,reports/S61/SL-S61-10.md,,,PENDENTE,
671,SL-S61-GATE,v1.1.0,S61,Manutenção / produto,Aceite humano,Gate,Aceitar S61 — Estabilizar uso real e ratificar evolução,"Revisar as dez tarefas, executar a demonstração do sprint, confrontar critérios e registrar decisão go/no-go.",reports/S61/acceptance.md,Reproduzir relato real/ensaio de uso e vincular correção a teste sem coletar dados privados. Todas as dependências aceitas; evidências vinculadas a revisão/ambiente; nenhum blocker de integridade/segurança.,SL-S61-01; SL-S61-02; SL-S61-03; SL-S61-04; SL-S61-05; SL-S61-06; SL-S61-07; SL-S61-08; SL-S61-09; SL-S61-10,R05; R09; R31; R34; R36,Não iniciado,P0,Crítico,Obrigatória para fechar a versão aprovada,Autor,,,reports/S61/acceptance.md,,,PENDENTE,
672,SL-S62-01,v1.1.0,S62,Recovery / observabilidade local,Próprio,Implementação,Criar painel de saúde do Vault,"Reunir schemas, referências, histórico, caches e jobs.",apps/desktop/src/diagnostics/vault-health.ts,UI distingue problema autoral de índice descartável e evita alarmismo genérico.,SL-S61-GATE,R02; R05; R08; R29; R31; R37,Não iniciado,P0,Crítico,Obrigatória no escopo da versão,Autor + agente de IA,,,reports/S62/SL-S62-01.md,,,PENDENTE,
673,SL-S62-02,v1.1.0,S62,Recovery / observabilidade local,Próprio,Implementação,Adicionar preview de reparo,"Listar arquivos afetados, causa e resultado antes de modificar.",crates/recovery/src/plan.rs,Operação destrutiva não é escondida dentro de botão reconstruir índice.,SL-S62-01,R02; R05; R08; R29; R31; R37,Não iniciado,P0,Crítico,Obrigatória no escopo da versão,Autor + agente de IA,,,reports/S62/SL-S62-02.md,,,PENDENTE,
674,SL-S62-03,v1.1.0,S62,Recovery / observabilidade local,Próprio,Implementação,Criar checkpoint de reparo,Preservar reversibilidade conforme política de retenção.,crates/recovery/src/checkpoint.rs,Reparo pode ser desfeito sem perder alterações confirmadas posteriores indevidamente.,SL-S62-02,R02; R05; R08; R29; R31; R37,Não iniciado,P0,Crítico,Obrigatória no escopo da versão,Autor + agente de IA,,,reports/S62/SL-S62-03.md,,,PENDENTE,
675,SL-S62-04,v1.1.0,S62,Recovery / observabilidade local,Próprio,Implementação,Melhorar reconciliação assistida,Resolver órfãos e conflitos por decisão explícita.,apps/desktop/src/diagnostics/reconcile.ts,Sistema não escolhe automaticamente o arquivo mais novo como verdade universal.,SL-S62-03,R02; R05; R08; R29; R31; R37,Não iniciado,P0,Crítico,Obrigatória no escopo da versão,Autor + agente de IA,,,reports/S62/SL-S62-04.md,,,PENDENTE,
676,SL-S62-05,v1.1.0,S62,Recovery / observabilidade local,Próprio,Implementação,Criar export de diagnóstico saneado,"Remover corpo documental, caminhos sensíveis e segredos por padrão.",crates/diagnostics/src/export.rs,Fixtures-semente privadas não aparecem no pacote compartilhável.,SL-S62-04,R02; R05; R08; R29; R31; R37,Não iniciado,P0,Crítico,Obrigatória no escopo da versão,Autor + agente de IA,,,reports/S62/SL-S62-05.md,,,PENDENTE,
677,SL-S62-06,v1.1.0,S62,Recovery / observabilidade local,Próprio,Implementação,Explicar consumo por capacidade,"Atribuir recursos a modelo, browser, OCR, indexador e editor.",apps/desktop/src/diagnostics/resources.ts,Usuário pode pausar o causador real sem encerrar o app inteiro.,SL-S62-05,R02; R05; R08; R29; R31; R37,Não iniciado,P0,Crítico,Obrigatória no escopo da versão,Autor + agente de IA,,,reports/S62/SL-S62-06.md,,,PENDENTE,
678,SL-S62-07,v1.1.0,S62,Recovery / observabilidade local,Próprio,Implementação,Melhorar retomada de jobs,"Distinguir retry seguro, nova versão do input e tarefa manual necessária.",crates/jobs/src/recovery.rs,Job antigo não repete envio remoto após consentimento revogado.,SL-S62-06,R02; R05; R08; R29; R31; R37,Não iniciado,P0,Crítico,Obrigatória no escopo da versão,Autor + agente de IA,,,reports/S62/SL-S62-07.md,,,PENDENTE,
679,SL-S62-08,v1.1.0,S62,Recovery / observabilidade local,Próprio,Teste,Ensaiar corrupção combinada,"Misturar cache inválido, arquivo ausente e journal incompleto em cópia descartável.",tests/recovery/scenarios/,Ferramenta conserva dados recuperáveis e relata o que não pode reconstruir.,SL-S62-07,R02; R05; R08; R29; R31; R37,Não iniciado,P0,Crítico,Obrigatória no escopo da versão,Autor + agente de IA,,,reports/S62/SL-S62-08.md,,,PENDENTE,
680,SL-S62-09,v1.1.0,S62,Recovery / observabilidade local,Próprio,Teste,Testar privacidade do suporte,Tentar incluir segredos/metadados por caminhos de erro e dumps.,reports/recovery/privacy.json,Diagnóstico automático não envia dados; compartilhamento é opção explícita.,SL-S62-08,R02; R05; R08; R29; R31; R37,Não iniciado,P0,Crítico,Obrigatória no escopo da versão,Autor + agente de IA,,,reports/S62/SL-S62-09.md,,,PENDENTE,
681,SL-S62-10,v1.1.0,S62,Recovery / observabilidade local,Próprio,Documentação,Escrever runbooks,"Guiar situações de disco cheio, modelo corrompido, índice perdido e conflito Git.",docs/user/troubleshooting/,Usuário pode seguir passos sem executar comandos desconhecidos como administrador.,SL-S62-09,R02; R05; R08; R29; R31; R37,Não iniciado,P0,Crítico,Obrigatória no escopo da versão,Autor + agente de IA,,,reports/S62/SL-S62-10.md,,,PENDENTE,
682,SL-S62-GATE,v1.1.0,S62,Recovery / observabilidade local,Aceite humano,Gate,Aceitar S62 — Aprimorar recuperação assistida e diagnóstico,"Revisar as dez tarefas, executar a demonstração do sprint, confrontar critérios e registrar decisão go/no-go.",reports/S62/acceptance.md,"Diagnosticar índice corrompido e conflito, reparar somente o que foi autorizado. Todas as dependências aceitas; evidências vinculadas a revisão/ambiente; nenhum blocker de integridade/segurança.",SL-S62-01; SL-S62-02; SL-S62-03; SL-S62-04; SL-S62-05; SL-S62-06; SL-S62-07; SL-S62-08; SL-S62-09; SL-S62-10,R02; R05; R08; R29; R31; R37,Não iniciado,P0,Crítico,Obrigatória para fechar a versão aprovada,Autor,,,reports/S62/acceptance.md,,,PENDENTE,
683,SL-S63-01,v1.1.0,S63,Upstreams / estabilidade,Integração,Upstream,Revisar mudanças upstream,Examinar somente versões pertinentes e correções relevantes dos motores adotados.,reports/upstream/v1.1-review.md,Não se atualizam todos os componentes apenas para perseguir latest.,SL-S61-GATE; SL-S62-GATE,R01; R30; R32; R33; R34,Não iniciado,P0,Crítico,Obrigatória no escopo da versão,Autor + agente de IA,,,reports/S63/SL-S63-01.md,,,PENDENTE,
684,SL-S63-02,v1.1.0,S63,Upstreams / estabilidade,Integração,Upstream,Rebasear patches editoriais,Aplicar série BlockSuite e verificar grafo de deps/licenças.,upstream/blocksuite/patches/,"Round-trip, input e bundle continuam dentro do contrato.",SL-S63-01,R01; R30; R32; R33; R34,Não iniciado,P0,Crítico,Obrigatória no escopo da versão,Autor + agente de IA,,,reports/S63/SL-S63-02.md,,,PENDENTE,
685,SL-S63-03,v1.1.0,S63,Upstreams / estabilidade,Integração,Upstream,Rebasear recorte PageIndex,"Inspecionar ferramentas, prompts, model calls e identidade.",upstream/pageindex/patches/,Atualização não reintroduz cloud/store global ou renumeração de IDs autorais.,SL-S63-02,R01; R30; R32; R33; R34,Não iniciado,P0,Crítico,Obrigatória no escopo da versão,Autor + agente de IA,,,reports/S63/SL-S63-03.md,,,PENDENTE,
686,SL-S63-04,v1.1.0,S63,Upstreams / estabilidade,Integração,Upstream,Atualizar ingest/web quando necessário,"Verificar Docling, Scrapling, normalizador e engines SearxNG.",upstream/maintenance-v1.1.json,Mudanças de extração são avaliadas com corpus; fontes antigas não são reescritas automaticamente.,SL-S63-03,R01; R30; R32; R33; R34,Não iniciado,P0,Crítico,Obrigatória no escopo da versão,Autor + agente de IA,,,reports/S63/SL-S63-04.md,,,PENDENTE,
687,SL-S63-05,v1.1.0,S63,Upstreams / estabilidade,Integração,Upstream,Revisar LocalAI/modelos,Separar atualização de runtime de mudança de pesos e backend.,models/maintenance-v1.1.json,Usuário não recebe troca silenciosa de modelo ou espaço de embeddings.,SL-S63-04,R01; R30; R32; R33; R34,Não iniciado,P0,Crítico,Obrigatória no escopo da versão,Autor + agente de IA,,,reports/S63/SL-S63-05.md,,,PENDENTE,
688,SL-S63-06,v1.1.0,S63,Upstreams / estabilidade,Integração,Upstream,Revisar backend de busca,Testar índice/SDK escolhido e migração de cache em cópia descartável.,reports/search/v1.1-upgrade.md,Mudança do motor não exige modificar dados autorais para continuar funcionando.,SL-S63-05,R01; R30; R32; R33; R34,Não iniciado,P0,Crítico,Obrigatória no escopo da versão,Autor + agente de IA,,,reports/S63/SL-S63-06.md,,,PENDENTE,
689,SL-S63-07,v1.1.0,S63,Upstreams / estabilidade,Integração,Teste,Executar comparação diferencial,"Rodar corpus antigo e novo comparando estrutura, busca e citações.",reports/v1.1/differential.json,"Ganho em um corpus não oculta regressão de escopo, IDs ou fonte.",SL-S63-06,R01; R30; R32; R33; R34,Não iniciado,P0,Crítico,Obrigatória no escopo da versão,Autor + agente de IA,,,reports/S63/SL-S63-07.md,,,PENDENTE,
690,SL-S63-08,v1.1.0,S63,Upstreams / estabilidade,Integração,Licença,Atualizar SBOM/fontes,"Registrar novas versões, avisos, patches e artefatos distribuídos.",compliance/releases/v1.1.0/,"Inventário corresponde ao pacote publicado, não só às dependências de desenvolvimento.",SL-S63-07,R01; R30; R32; R33; R34,Não iniciado,P0,Crítico,Obrigatória no escopo da versão,Autor,,,reports/S63/SL-S63-08.md,,,PENDENTE,
691,SL-S63-09,v1.1.0,S63,Upstreams / estabilidade,Integração,Governança,Contribuir correções genéricas,"Preparar propostas upstream quando adequado, sem depender da aceitação para preservar segurança.",upstream/contributions-v1.1.md,Mudança mantém rastreabilidade e termos; PR não enviado não é anunciado como contribuição aceita.,SL-S63-08,R01; R30; R32; R33; R34,Não iniciado,P0,Crítico,Obrigatória no escopo da versão,Autor,,,reports/S63/SL-S63-09.md,,,PENDENTE,
692,SL-S63-10,v1.1.0,S63,Upstreams / estabilidade,Integração,Release,Publicar v1.1 e verificar rollback,"Incluir fixes, suporte, diagnóstico e restauração testada.",release/v1.1.0/,Usuário v1.0 atualiza sem perder dados e dispõe de procedimento de retorno compatível.,SL-S63-09,R01; R30; R32; R33; R34,Não iniciado,P0,Crítico,Obrigatória no escopo da versão,Autor,,,reports/S63/SL-S63-10.md,,,PENDENTE,
693,SL-S63-GATE,v1.1.0,S63,Upstreams / estabilidade,Aceite humano,Gate,Aceitar S63 — Atualizar motores com segurança e publicar v1.1,"Revisar as dez tarefas, executar a demonstração do sprint, confrontar critérios e registrar decisão go/no-go.",reports/S63/acceptance.md,"Atualizar recorte necessário, comparar resultados e reverter se um contrato quebrar. Todas as dependências aceitas; evidências vinculadas a revisão/ambiente; nenhum blocker de integridade/segurança.",SL-S63-01; SL-S63-02; SL-S63-03; SL-S63-04; SL-S63-05; SL-S63-06; SL-S63-07; SL-S63-08; SL-S63-09; SL-S63-10,R01; R30; R32; R33; R34,Não iniciado,P0,Crítico,Obrigatória para fechar a versão aprovada,Autor,,,reports/S63/acceptance.md,,,PENDENTE,
694,SL-S64-01,v1.2.0,S64,Escala / pipelines,Evolução proposta,Decisão,Confirmar escopo de escala,Ratificar metas/corpus de ADR-017 e preservar os budgets base.,docs/product/scale-v1.2.md,"Novo alvo é definido antes do benchmark, não depois de ver resultados favoráveis.",SL-S61-GATE; SL-S63-GATE,R09; R12; R14; R21; R22; R36,Não iniciado,P0,Alto,Condicional à ratificação do escopo pós-v1 (ADR-017/018),Autor,,,reports/S64/SL-S64-01.md,,,PENDENTE,
695,SL-S64-02,v1.2.0,S64,Escala / pipelines,Evolução proposta,Teste,Identificar gargalos,"Perfilar parsing, snapshots, indexação, queries, summaries e cena separadamente.",reports/scale/hotspots.json,Otimização nasce de evidência e não de preferência por reescrever Python em Rust.,SL-S64-01,R09; R12; R14; R21; R22; R36,Não iniciado,P2,Alto,Condicional à ratificação do escopo pós-v1 (ADR-017/018),Autor + agente de IA,,,reports/S64/SL-S64-02.md,,,PENDENTE,
696,SL-S64-03,v1.2.0,S64,Escala / pipelines,Evolução proposta,Implementação,Otimizar filas de lote,Introduzir prioridades/fairness e backpressure para UI versus tarefas em massa.,crates/jobs/src/batch_scheduler.rs,Lote grande não impede salvar edição ou cancelar tarefa prioritária.,SL-S64-02,R09; R12; R14; R21; R22; R36,Não iniciado,P2,Alto,Condicional à ratificação do escopo pós-v1 (ADR-017/018),Autor + agente de IA,,,reports/S64/SL-S64-03.md,,,PENDENTE,
697,SL-S64-04,v1.2.0,S64,Escala / pipelines,Evolução proposta,Implementação,Otimizar parsing incremental,Reaproveitar revisões/unidades quando backend permitir sem perder cobertura.,crates/ingest/src/incremental_extract.rs,Documento alterado não reutiliza texto de páginas incompatíveis apenas por posição.,SL-S64-03,R09; R12; R14; R21; R22; R36,Não iniciado,P2,Alto,Condicional à ratificação do escopo pós-v1 (ADR-017/018),Autor + agente de IA,,,reports/S64/SL-S64-04.md,,,PENDENTE,
698,SL-S64-05,v1.2.0,S64,Escala / pipelines,Evolução proposta,Implementação,Otimizar indexação em geração,Agrupar upserts e publicar revisão consistente com tombstones.,crates/search/src/bulk_index.rs,Pico de throughput não faz ressurgir material excluído.,SL-S64-04,R09; R12; R14; R21; R22; R36,Não iniciado,P2,Alto,Condicional à ratificação do escopo pós-v1 (ADR-017/018),Autor + agente de IA,,,reports/S64/SL-S64-05.md,,,PENDENTE,
699,SL-S64-06,v1.2.0,S64,Escala / pipelines,Evolução proposta,Implementação,Otimizar contexto incremental,Recalcular subárvores/grupos necessários e limitar entradas de cache.,crates/context/src/incremental_large.rs,Contexto permanece fiel às relações e não usa summaries obsoletos por economia.,SL-S64-05,R09; R12; R14; R21; R22; R36,Não iniciado,P2,Alto,Condicional à ratificação do escopo pós-v1 (ADR-017/018),Autor + agente de IA,,,reports/S64/SL-S64-06.md,,,PENDENTE,
700,SL-S64-07,v1.2.0,S64,Escala / pipelines,Evolução proposta,Implementação,Otimizar viewport medida,Corrigir gargalos de arestas/previews/texturas demonstrados.,apps/desktop/src/board/perf/,Melhor fluidez não remove acessibilidade ou precisão de hit testing.,SL-S64-06,R09; R12; R14; R21; R22; R36,Não iniciado,P2,Alto,Condicional à ratificação do escopo pós-v1 (ADR-017/018),Autor + agente de IA,,,reports/S64/SL-S64-07.md,,,PENDENTE,
701,SL-S64-08,v1.2.0,S64,Escala / pipelines,Evolução proposta,Teste,Validar cancelamento/retomada em escala,Interromper import/index/contexto em diferentes pontos do lote.,tests/scale/recovery/,Retomar não duplica autoria nem exige iniciar todo o trabalho sem motivo documentado.,SL-S64-07,R09; R12; R14; R21; R22; R36,Não iniciado,P2,Alto,Condicional à ratificação do escopo pós-v1 (ADR-017/018),Autor + agente de IA,,,reports/S64/SL-S64-08.md,,,PENDENTE,
702,SL-S64-09,v1.2.0,S64,Escala / pipelines,Evolução proposta,Teste,Comparar qualidade antes/depois,"Reexecutar avaliações reservadas de busca, summaries e fontes.",reports/scale/quality-regression.json,Otimização não reduz métricas essenciais abaixo dos limiares aprovados.,SL-S64-08,R09; R12; R14; R21; R22; R36,Não iniciado,P2,Alto,Condicional à ratificação do escopo pós-v1 (ADR-017/018),Autor + agente de IA,,,reports/S64/SL-S64-09.md,,,PENDENTE,
703,SL-S64-10,v1.2.0,S64,Escala / pipelines,Evolução proposta,Documentação,Publicar limites reais,Descrever corpus/hardware e capacidades desabilitadas por orçamento.,docs/performance/v1.2.md,Nenhum número vira garantia genérica para qualquer desktop ou acervo.,SL-S64-09,R09; R12; R14; R21; R22; R36,Não iniciado,P2,Alto,Condicional à ratificação do escopo pós-v1 (ADR-017/018),Autor + agente de IA,,,reports/S64/SL-S64-10.md,,,PENDENTE,
704,SL-S64-GATE,v1.2.0,S64,Escala / pipelines,Aceite humano,Gate,"Aceitar S64 — Escalar busca, ingestão e contexto com evidência","Revisar as dez tarefas, executar a demonstração do sprint, confrontar critérios e registrar decisão go/no-go.",reports/S64/acceptance.md,Processar lote maior mantendo autoria responsiva e resultados/revisões corretos. Todas as dependências aceitas; evidências vinculadas a revisão/ambiente; nenhum blocker de integridade/segurança.,SL-S64-01; SL-S64-02; SL-S64-03; SL-S64-04; SL-S64-05; SL-S64-06; SL-S64-07; SL-S64-08; SL-S64-09; SL-S64-10,R09; R12; R14; R21; R22; R36,Não iniciado,P0,Alto,Obrigatória para fechar a versão aprovada,Autor,,,reports/S64/acceptance.md,,,PENDENTE,
705,SL-S65-01,v1.2.0,S65,Distribuição offline / modelos,Evolução proposta,Contrato,Definir pacote de capacidade,"Agrupar backend, modelos, licenças, hashes, target e dependências.",schemas/capability-pack-v1.json,Pacote declara tudo de que precisa e não executa script arbitrário ao importar.,SL-S32-GATE; SL-S57-GATE; SL-S63-GATE; SL-S64-GATE,R01; R07; R09; R30; R36,Não iniciado,P0,Crítico,Condicional à ratificação do escopo pós-v1 (ADR-017/018),Autor + agente de IA,,,reports/S65/SL-S65-01.md,,,PENDENTE,
706,SL-S65-02,v1.2.0,S65,Distribuição offline / modelos,Evolução proposta,Implementação,Criar construtor de pacotes,Selecionar somente artefatos com redistribuição permitida e manifest verificado.,tooling/capability-pack/build/,Peso com termos incompatíveis não é incorporado apenas porque está disponível para download.,SL-S65-01,R01; R07; R09; R30; R36,Não iniciado,P0,Crítico,Condicional à ratificação do escopo pós-v1 (ADR-017/018),Autor + agente de IA,,,reports/S65/SL-S65-02.md,,,PENDENTE,
707,SL-S65-03,v1.2.0,S65,Distribuição offline / modelos,Evolução proposta,Implementação,Criar importador offline,"Validar assinatura/hash, arquitetura e espaço antes de publicar instalação.",crates/models/src/import_pack.rs,Pacote errado/corrompido é recusado sem substituir uma instalação funcional.,SL-S65-02,R01; R07; R09; R30; R36,Não iniciado,P0,Crítico,Condicional à ratificação do escopo pós-v1 (ADR-017/018),Autor + agente de IA,,,reports/S65/SL-S65-03.md,,,PENDENTE,
708,SL-S65-04,v1.2.0,S65,Distribuição offline / modelos,Evolução proposta,Implementação,Deduplicar armazenamento de artefatos,Compartilhar conteúdo compatível entre perfis preservando versões.,crates/models/src/artifact_store.rs,Remover um perfil não remove modelo ainda usado por outro.,SL-S65-03,R01; R07; R09; R30; R36,Não iniciado,P0,Crítico,Condicional à ratificação do escopo pós-v1 (ADR-017/018),Autor + agente de IA,,,reports/S65/SL-S65-04.md,,,PENDENTE,
709,SL-S65-05,v1.2.0,S65,Distribuição offline / modelos,Evolução proposta,Implementação,Criar perfis de hardware,Recomendar capacidades com base em memória/CPU/GPU detectadas e homologadas.,crates/resources/src/hardware_profiles.rs,Detecção não concede download/rede automaticamente nem presume aceleração não testada.,SL-S65-04,R01; R07; R09; R30; R36,Não iniciado,P0,Crítico,Condicional à ratificação do escopo pós-v1 (ADR-017/018),Autor + agente de IA,,,reports/S65/SL-S65-05.md,,,PENDENTE,
710,SL-S65-06,v1.2.0,S65,Distribuição offline / modelos,Evolução proposta,Implementação,Aplicar fallback de capacidade,Escolher perfil já instalado ou marcar operação indisponível.,crates/models/src/profile_fallback.rs,Fallback nunca migra para provedor remoto sem consentimento.,SL-S65-05,R01; R07; R09; R30; R36,Não iniciado,P0,Crítico,Condicional à ratificação do escopo pós-v1 (ADR-017/018),Autor + agente de IA,,,reports/S65/SL-S65-06.md,,,PENDENTE,
711,SL-S65-07,v1.2.0,S65,Distribuição offline / modelos,Evolução proposta,Implementação,Criar UI de instalação/remoção,"Mostrar tamanho, licença, destino e consequências de remover pacote.",apps/desktop/src/settings/capability-packs/,Remoção não apaga Vault nem resultado autoral produzido pelo modelo.,SL-S65-06,R01; R07; R09; R30; R36,Não iniciado,P0,Crítico,Condicional à ratificação do escopo pós-v1 (ADR-017/018),Autor + agente de IA,,,reports/S65/SL-S65-07.md,,,PENDENTE,
712,SL-S65-08,v1.2.0,S65,Distribuição offline / modelos,Evolução proposta,Teste,Testar portabilidade por target,Instalar packs nos cinco alvos compatíveis e verificar dependências faltantes.,reports/offline/packs-matrix.json,Pacote de uma arquitetura não é anunciado como universal sem prova.,SL-S65-07,R01; R07; R09; R30; R36,Não iniciado,P0,Crítico,Condicional à ratificação do escopo pós-v1 (ADR-017/018),Autor + agente de IA,,,reports/S65/SL-S65-08.md,,,PENDENTE,
713,SL-S65-09,v1.2.0,S65,Distribuição offline / modelos,Evolução proposta,Teste,Validar zero egress,Executar rotas locais completas em rede bloqueada e registrar tentativas.,reports/offline/airgap-v1.2.json,Nenhum backend tenta buscar tokenizer/modelo auxiliar não declarado.,SL-S65-08,R01; R07; R09; R30; R36,Não iniciado,P0,Crítico,Condicional à ratificação do escopo pós-v1 (ADR-017/018),Autor + agente de IA,,,reports/S65/SL-S65-09.md,,,PENDENTE,
714,SL-S65-10,v1.2.0,S65,Distribuição offline / modelos,Evolução proposta,Documentação,Publicar guia de operação desconectada,"Explicar preparação, atualização, verificação e limites do modo offline.",docs/user/offline-packs.md,App distingue operação local de instalação inicial que pode requerer aquisição prévia dos artefatos.,SL-S65-09,R01; R07; R09; R30; R36,Não iniciado,P0,Crítico,Condicional à ratificação do escopo pós-v1 (ADR-017/018),Autor + agente de IA,,,reports/S65/SL-S65-10.md,,,PENDENTE,
715,SL-S65-GATE,v1.2.0,S65,Distribuição offline / modelos,Aceite humano,Gate,Aceitar S65 — Consolidar pacotes offline e perfis portáveis,"Revisar as dez tarefas, executar a demonstração do sprint, confrontar critérios e registrar decisão go/no-go.",reports/S65/acceptance.md,Levar pacote permitido para outra máquina compatível e usar IA local sem conectividade. Todas as dependências aceitas; evidências vinculadas a revisão/ambiente; nenhum blocker de integridade/segurança.,SL-S65-01; SL-S65-02; SL-S65-03; SL-S65-04; SL-S65-05; SL-S65-06; SL-S65-07; SL-S65-08; SL-S65-09; SL-S65-10,R01; R07; R09; R30; R36,Não iniciado,P0,Crítico,Obrigatória para fechar a versão aprovada,Autor,,,reports/S65/acceptance.md,,,PENDENTE,
716,SL-S66-01,v1.2.0,S66,Formatos abertos / exportação,Evolução proposta,Decisão,Aprovar formatos adicionais,"Escolher recorte interoperável, por exemplo JSON Canvas e export editorial local.",docs/product/interoperability-v1.2.md,Formatos são propostas ratificadas; não se promete compatibilidade irrestrita com todo app de notas.,SL-S58-GATE; SL-S63-GATE; SL-S64-GATE; SL-S65-GATE,R02; R04; R13; R29; R32; R36,Não iniciado,P0,Alto,Condicional à ratificação do escopo pós-v1 (ADR-017/018),Autor,,,reports/S66/SL-S66-01.md,,,PENDENTE,
717,SL-S66-02,v1.2.0,S66,Formatos abertos / exportação,Evolução proposta,Contrato,Definir mapeamento de topologia,Relacionar nós/arestas/grupos e extensões Sandland ao formato escolhido.,schemas/interop/board-mapping.json,Relação sem representação é preservada em extensão ou relatada como perda antes do export.,SL-S66-01,R02; R04; R13; R29; R32; R36,Não iniciado,P0,Alto,Condicional à ratificação do escopo pós-v1 (ADR-017/018),Autor + agente de IA,,,reports/S66/SL-S66-02.md,,,PENDENTE,
718,SL-S66-03,v1.2.0,S66,Formatos abertos / exportação,Evolução proposta,Implementação,Exportar board aberto,Produzir referências portáveis e metadados de extensão documentados.,crates/export/src/board_interop.rs,Conteúdo não é duplicado de modo a perder identidade/proveniência.,SL-S66-02,R02; R04; R13; R29; R32; R36,Não iniciado,P2,Alto,Condicional à ratificação do escopo pós-v1 (ADR-017/018),Autor + agente de IA,,,reports/S66/SL-S66-03.md,,,PENDENTE,
719,SL-S66-04,v1.2.0,S66,Formatos abertos / exportação,Evolução proposta,Implementação,Importar board em cópia segura,Resolver paths e gerar IDs/mapeamentos sem autorizar acesso externo indevido.,crates/import/src/board_interop.rs,Importação não sobrepõe Vault ativo nem lê path arbitrário vindo do arquivo.,SL-S66-03,R02; R04; R13; R29; R32; R36,Não iniciado,P2,Alto,Condicional à ratificação do escopo pós-v1 (ADR-017/018),Autor + agente de IA,,,reports/S66/SL-S66-04.md,,,PENDENTE,
720,SL-S66-05,v1.2.0,S66,Formatos abertos / exportação,Evolução proposta,Implementação,Exportar Peça em formato adicional,"Implementar formato aprovado, como HTML/PDF local, com assets e citações.",crates/export/src/editorial.rs,Não depende de renderer cloud nem recursos remotos não autorizados.,SL-S66-04,R02; R04; R13; R29; R32; R36,Não iniciado,P2,Alto,Condicional à ratificação do escopo pós-v1 (ADR-017/018),Autor + agente de IA,,,reports/S66/SL-S66-05.md,,,PENDENTE,
721,SL-S66-06,v1.2.0,S66,Formatos abertos / exportação,Evolução proposta,Implementação,Exportar mapa de evidências,Incluir fonte/revisão/localizador em manifest legível.,crates/export/src/evidence_manifest.rs,Texto final continua auditável por ferramenta externa.,SL-S66-05,R02; R04; R13; R29; R32; R36,Não iniciado,P2,Alto,Condicional à ratificação do escopo pós-v1 (ADR-017/018),Autor + agente de IA,,,reports/S66/SL-S66-06.md,,,PENDENTE,
722,SL-S66-07,v1.2.0,S66,Formatos abertos / exportação,Evolução proposta,Teste,Testar round-trip interoperável,Comparar campos suportados e perdas declaradas em fixtures.,tests/interop/,Import/export não é chamado lossless quando o formato alvo não representa toda a semântica.,SL-S66-06,R02; R04; R13; R29; R32; R36,Não iniciado,P2,Alto,Condicional à ratificação do escopo pós-v1 (ADR-017/018),Autor + agente de IA,,,reports/S66/SL-S66-07.md,,,PENDENTE,
723,SL-S66-08,v1.2.0,S66,Formatos abertos / exportação,Evolução proposta,Teste,Testar migração de v1.0/v1.1,Rodar corpus de versões e procedimento de restauração.,reports/v1.2/compatibility.json,Novos exports não quebram formatos canônicos existentes.,SL-S66-07,R02; R04; R13; R29; R32; R36,Não iniciado,P2,Alto,Condicional à ratificação do escopo pós-v1 (ADR-017/018),Autor + agente de IA,,,reports/S66/SL-S66-08.md,,,PENDENTE,
724,SL-S66-09,v1.2.0,S66,Formatos abertos / exportação,Evolução proposta,Documentação,Publicar especificação de formato,Fornecer exemplos e validadores para implementadores externos.,docs/specs/interoperability/,É possível ler/converter dados sem vincular ao runtime do Sandland.,SL-S66-08,R02; R04; R13; R29; R32; R36,Não iniciado,P2,Alto,Condicional à ratificação do escopo pós-v1 (ADR-017/018),Autor + agente de IA,,,reports/S66/SL-S66-09.md,,,PENDENTE,
725,SL-S66-10,v1.2.0,S66,Formatos abertos / exportação,Evolução proposta,Release,Publicar v1.2 estável,"Consolidar escala, packs offline e interoperabilidade com evidências.",release/v1.2.0/,Novas capacidades têm limites claros e não mascaram regressões no fluxo v1.0.,SL-S66-09,R02; R04; R13; R29; R32; R36,Não iniciado,P2,Alto,Condicional à ratificação do escopo pós-v1 (ADR-017/018),Autor,,,reports/S66/SL-S66-10.md,,,PENDENTE,
726,SL-S66-GATE,v1.2.0,S66,Formatos abertos / exportação,Aceite humano,Gate,Aceitar S66 — Ampliar interoperabilidade e publicar v1.2,"Revisar as dez tarefas, executar a demonstração do sprint, confrontar critérios e registrar decisão go/no-go.",reports/S66/acceptance.md,Exportar mesa/Peça e importar cópia sem perder os campos declarados suportados. Todas as dependências aceitas; evidências vinculadas a revisão/ambiente; nenhum blocker de integridade/segurança.,SL-S66-01; SL-S66-02; SL-S66-03; SL-S66-04; SL-S66-05; SL-S66-06; SL-S66-07; SL-S66-08; SL-S66-09; SL-S66-10,R02; R04; R13; R29; R32; R36,Não iniciado,P0,Alto,Obrigatória para fechar a versão aprovada,Autor,,,reports/S66/acceptance.md,,,PENDENTE,
727,SL-S67-01,v2.0.0-beta.1,S67,Arquitetura v2 / extensibilidade,Evolução proposta,Decisão,Ratificar escopo v2,Resolver ADR-018 com objetivos observados e não escopo de marketplace/execução irrestrita.,docs/adr/018-provider-sdk.md,"Autor aprova evolução; ausência de aprovação bloqueia implementação, não é presumida pelo roadmap.",SL-S61-GATE; SL-S66-GATE,R03; R06; R08; R32; R35,Não iniciado,P0,Crítico,Condicional à ratificação do escopo pós-v1 (ADR-017/018),Autor,,,reports/S67/SL-S67-01.md,,,PENDENTE,
728,SL-S67-02,v2.0.0-beta.1,S67,Arquitetura v2 / extensibilidade,Evolução proposta,Contrato,Separar APIs internas e públicas,"Expor somente serviços de geração, extração, busca e contexto necessários.",docs/sdk/api-surface.md,Store canônico e mutação do filesystem não são disponibilizados diretamente à extensão.,SL-S67-01,R03; R06; R08; R32; R35,Não iniciado,P0,Crítico,Condicional à ratificação do escopo pós-v1 (ADR-017/018),Autor + agente de IA,,,reports/S67/SL-S67-02.md,,,PENDENTE,
729,SL-S67-03,v2.0.0-beta.1,S67,Arquitetura v2 / extensibilidade,Evolução proposta,Contrato,Definir versionamento do SDK,"Separar contrato de transporte, capabilities e schema de dados.",schemas/provider-sdk-version.json,Breaking change de plugin não obriga breaking change do Vault.,SL-S67-02,R03; R06; R08; R32; R35,Não iniciado,P0,Crítico,Condicional à ratificação do escopo pós-v1 (ADR-017/018),Autor + agente de IA,,,reports/S67/SL-S67-03.md,,,PENDENTE,
730,SL-S67-04,v2.0.0-beta.1,S67,Arquitetura v2 / extensibilidade,Evolução proposta,Contrato,Definir manifesto de extensão,"Identificar origem, versão, target, entradas/saídas, rede e recursos solicitados.",schemas/provider-extension-v1.json,Instalação não concede todos os direitos por padrão.,SL-S67-03,R03; R06; R08; R32; R35,Não iniciado,P0,Crítico,Condicional à ratificação do escopo pós-v1 (ADR-017/018),Autor + agente de IA,,,reports/S67/SL-S67-04.md,,,PENDENTE,
731,SL-S67-05,v2.0.0-beta.1,S67,Arquitetura v2 / extensibilidade,Evolução proposta,Decisão,Definir modelo de confiança,"Distinguir componentes curados, código de terceiros e perfis experimentais.",docs/security/extensions-trust.md,"Assinatura prova origem/integridade, não ausência de comportamento malicioso.",SL-S67-04,R03; R06; R08; R32; R35,Não iniciado,P0,Crítico,Condicional à ratificação do escopo pós-v1 (ADR-017/018),Autor,,,reports/S67/SL-S67-05.md,,,PENDENTE,
732,SL-S67-06,v2.0.0-beta.1,S67,Arquitetura v2 / extensibilidade,Evolução proposta,Decisão,Atualizar ameaça de extensões,"Modelar exfiltração, resposta maliciosa, resource abuse e tentativa de ampliar escopo.",docs/security/extensions-threat-model.md,Riscos não são tratados como resolvidos apenas por executar em outro processo.,SL-S67-05,R03; R06; R08; R32; R35,Não iniciado,P0,Crítico,Condicional à ratificação do escopo pós-v1 (ADR-017/018),Autor,,,reports/S67/SL-S67-06.md,,,PENDENTE,
733,SL-S67-07,v2.0.0-beta.1,S67,Arquitetura v2 / extensibilidade,Evolução proposta,Contrato,Definir APIs de dados minimizados,Passar snapshot/refs limitados em vez de path do Vault.,schemas/sdk-input-refs.json,Plugin recebe só os dados necessários à tarefa aprovada.,SL-S67-06,R03; R06; R08; R32; R35,Não iniciado,P0,Crítico,Condicional à ratificação do escopo pós-v1 (ADR-017/018),Autor + agente de IA,,,reports/S67/SL-S67-07.md,,,PENDENTE,
734,SL-S67-08,v2.0.0-beta.1,S67,Arquitetura v2 / extensibilidade,Evolução proposta,Contrato,Definir errors e lifecycle,"Padronizar cancelamento, shutdown, health e incompatibilidade.",schemas/sdk-errors.json,Provedor quebrado pode ser desabilitado sem corromper conteúdo ou impedir abertura do app.,SL-S67-07,R03; R06; R08; R32; R35,Não iniciado,P0,Crítico,Condicional à ratificação do escopo pós-v1 (ADR-017/018),Autor + agente de IA,,,reports/S67/SL-S67-08.md,,,PENDENTE,
735,SL-S67-09,v2.0.0-beta.1,S67,Arquitetura v2 / extensibilidade,Evolução proposta,Teste,Criar fixtures de conformidade v2,Derivar casos de providers existentes e ataques de escopo.,tests/sdk/fixtures/,SDK tem testes antes de uma extensão real depender de comportamento não especificado.,SL-S67-08,R03; R06; R08; R32; R35,Não iniciado,P0,Crítico,Condicional à ratificação do escopo pós-v1 (ADR-017/018),Autor + agente de IA,,,reports/S67/SL-S67-09.md,,,PENDENTE,
736,SL-S67-10,v2.0.0-beta.1,S67,Arquitetura v2 / extensibilidade,Evolução proposta,Governança,Planejar migração interna,Listar quais adapters atuais serão encaixados no SDK e ordem segura.,docs/sdk/internal-migration.md,Refatoração não troca motores escolhidos nem remove capacidades estáveis por conveniência.,SL-S67-09,R03; R06; R08; R32; R35,Não iniciado,P0,Crítico,Condicional à ratificação do escopo pós-v1 (ADR-017/018),Autor,,,reports/S67/SL-S67-10.md,,,PENDENTE,
737,SL-S67-GATE,v2.0.0-beta.1,S67,Arquitetura v2 / extensibilidade,Aceite humano,Gate,Aceitar S67 — Ratificar desenho da v2.0 e contratos de provedores,"Revisar as dez tarefas, executar a demonstração do sprint, confrontar critérios e registrar decisão go/no-go.",reports/S67/acceptance.md,Provedor de exemplo tem capacidades explícitas e não acessa APIs internas do Core. Todas as dependências aceitas; evidências vinculadas a revisão/ambiente; nenhum blocker de integridade/segurança.,SL-S67-01; SL-S67-02; SL-S67-03; SL-S67-04; SL-S67-05; SL-S67-06; SL-S67-07; SL-S67-08; SL-S67-09; SL-S67-10,R03; R06; R08; R32; R35,Não iniciado,P0,Crítico,Obrigatória para fechar a versão aprovada,Autor,,,reports/S67/acceptance.md,,,PENDENTE,
738,SL-S68-01,v2.0.0-beta.1,S68,Provider SDK / adapters,Evolução proposta,Implementação,Gerar tipos do contrato,Produzir bindings necessários aos adapters existentes a partir de schemas versionados.,sdk/generated/,Tipos de linguagens diferentes serializam os mesmos casos sem ambiguidade.,SL-S67-GATE,R06; R08; R27; R32; R34; R35,Não iniciado,P0,Crítico,Condicional à ratificação do escopo pós-v1 (ADR-017/018),Autor + agente de IA,,,reports/S68/SL-S68-01.md,,,PENDENTE,
739,SL-S68-02,v2.0.0-beta.1,S68,Provider SDK / adapters,Evolução proposta,Implementação,Criar host SDK,Negociar versão/capabilities e integrar o supervisor existente.,crates/provider-host/,Nova camada não cria outro lifecycle ou outro sistema de permissões concorrente.,SL-S68-01,R06; R08; R27; R32; R34; R35,Não iniciado,P0,Crítico,Condicional à ratificação do escopo pós-v1 (ADR-017/018),Autor + agente de IA,,,reports/S68/SL-S68-02.md,,,PENDENTE,
740,SL-S68-03,v2.0.0-beta.1,S68,Provider SDK / adapters,Evolução proposta,Implementação,Criar cliente SDK mínimo,Facilitar implementadores sem dar acesso direto ao Core.,sdk/client/,Exemplo precisa somente de inputs autorizados e saídas por contrato.,SL-S68-02,R06; R08; R27; R32; R34; R35,Não iniciado,P0,Crítico,Condicional à ratificação do escopo pós-v1 (ADR-017/018),Autor + agente de IA,,,reports/S68/SL-S68-03.md,,,PENDENTE,
741,SL-S68-04,v2.0.0-beta.1,S68,Provider SDK / adapters,Evolução proposta,Implementação,Criar harness offline,Executar contratos com transport/model fakes e fixture controlada.,sdk/testkit/,CI de terceiro pode validar comportamento básico sem API paga ou documentos privados.,SL-S68-03,R06; R08; R27; R32; R34; R35,Não iniciado,P0,Crítico,Condicional à ratificação do escopo pós-v1 (ADR-017/018),Autor + agente de IA,,,reports/S68/SL-S68-04.md,,,PENDENTE,
742,SL-S68-05,v2.0.0-beta.1,S68,Provider SDK / adapters,Evolução proposta,Implementação,Migrar provider gerativo existente,Encaixar adapter LocalAI/BYOK sem alterar política de egress.,adapters/generation/sdk_bridge/,Capabilities e identidade de provedor continuam preservadas.,SL-S68-04,R06; R08; R27; R32; R34; R35,Não iniciado,P0,Crítico,Condicional à ratificação do escopo pós-v1 (ADR-017/018),Autor + agente de IA,,,reports/S68/SL-S68-05.md,,,PENDENTE,
743,SL-S68-06,v2.0.0-beta.1,S68,Provider SDK / adapters,Evolução proposta,Implementação,Migrar provider de extração,Encaixar Docling/normalizador com mesmas restrições de I/O.,adapters/extraction/sdk_bridge/,Plugin não obtém escrita canônica como resultado da refatoração.,SL-S68-05,R06; R08; R27; R32; R34; R35,Não iniciado,P0,Crítico,Condicional à ratificação do escopo pós-v1 (ADR-017/018),Autor + agente de IA,,,reports/S68/SL-S68-06.md,,,PENDENTE,
744,SL-S68-07,v2.0.0-beta.1,S68,Provider SDK / adapters,Evolução proposta,Implementação,Migrar interfaces de busca/contexto,Expor backend escolhido e PageIndex adaptado sem vazar internals.,adapters/retrieval/sdk_bridge/,IDs/revisões/escopo não mudam por empacotamento em SDK.,SL-S68-06,R06; R08; R27; R32; R34; R35,Não iniciado,P0,Crítico,Condicional à ratificação do escopo pós-v1 (ADR-017/018),Autor + agente de IA,,,reports/S68/SL-S68-07.md,,,PENDENTE,
745,SL-S68-08,v2.0.0-beta.1,S68,Provider SDK / adapters,Evolução proposta,Teste,Criar provider deliberadamente inválido,Retornar dados fora de schema/escopo e exceder budget.,sdk/examples/invalid-provider/,Host rejeita violações e coleta evidência sem aceitar conteúdo malicioso.,SL-S68-07,R06; R08; R27; R32; R34; R35,Não iniciado,P0,Crítico,Condicional à ratificação do escopo pós-v1 (ADR-017/018),Autor + agente de IA,,,reports/S68/SL-S68-08.md,,,PENDENTE,
746,SL-S68-09,v2.0.0-beta.1,S68,Provider SDK / adapters,Evolução proposta,Teste,Comparar pré e pós-SDK,Rodar contratos e corpora de qualidade da versão estável.,reports/sdk/differential.json,Refatoração não se considera concluída apenas porque compila.,SL-S68-08,R06; R08; R27; R32; R34; R35,Não iniciado,P0,Crítico,Condicional à ratificação do escopo pós-v1 (ADR-017/018),Autor + agente de IA,,,reports/S68/SL-S68-09.md,,,PENDENTE,
747,SL-S68-10,v2.0.0-beta.1,S68,Provider SDK / adapters,Evolução proposta,Documentação,Publicar tutorial mínimo,"Explicar contrato, permissões, testes, licenças e submissão de integração.",docs/sdk/getting-started.md,Contribuidor consegue executar exemplo offline sem copiar internals de outro adapter.,SL-S68-09,R06; R08; R27; R32; R34; R35,Não iniciado,P0,Crítico,Condicional à ratificação do escopo pós-v1 (ADR-017/018),Autor + agente de IA,,,reports/S68/SL-S68-10.md,,,PENDENTE,
748,SL-S68-GATE,v2.0.0-beta.1,S68,Provider SDK / adapters,Aceite humano,Gate,Aceitar S68 — Implementar SDK e kit de conformidade,"Revisar as dez tarefas, executar a demonstração do sprint, confrontar critérios e registrar decisão go/no-go.",reports/S68/acceptance.md,Criar provedor local de exemplo e testar comportamentos permitidos/negados sem chaves. Todas as dependências aceitas; evidências vinculadas a revisão/ambiente; nenhum blocker de integridade/segurança.,SL-S68-01; SL-S68-02; SL-S68-03; SL-S68-04; SL-S68-05; SL-S68-06; SL-S68-07; SL-S68-08; SL-S68-09; SL-S68-10,R06; R08; R27; R32; R34; R35,Não iniciado,P0,Crítico,Obrigatória para fechar a versão aprovada,Autor,,,reports/S68/acceptance.md,,,PENDENTE,
749,SL-S69-01,v2.0.0-beta.1,S69,ExtensionHost / distribuição,Evolução proposta,Implementação,Validar pacote de extensão,"Checar manifesto, hashes, target e licença antes de extrair/executar.",crates/extensions/src/package.rs,Zip slip/paths externos e artefatos sem origem são rejeitados.,SL-S68-GATE,R06; R08; R09; R30; R33; R35,Não iniciado,P0,Crítico,Condicional à ratificação do escopo pós-v1 (ADR-017/018),Autor + agente de IA,,,reports/S69/SL-S69-01.md,,,PENDENTE,
750,SL-S69-02,v2.0.0-beta.1,S69,ExtensionHost / distribuição,Evolução proposta,Implementação,Criar fluxo de consentimento,"Mostrar dados recebidos, destino de rede e recursos pedidos.",apps/desktop/src/extensions/permissions.ts,Instalar não equivale a permitir acesso a todo Vault ou todas as APIs.,SL-S69-01,R06; R08; R09; R30; R33; R35,Não iniciado,P0,Crítico,Condicional à ratificação do escopo pós-v1 (ADR-017/018),Autor + agente de IA,,,reports/S69/SL-S69-02.md,,,PENDENTE,
751,SL-S69-03,v2.0.0-beta.1,S69,ExtensionHost / distribuição,Evolução proposta,Implementação,Vincular permissões a tarefa,Gerar capabilities limitadas por workspace/revisão e operação.,crates/extensions/src/capabilities.rs,Extensão não pode ampliar autorização através da própria resposta.,SL-S69-02,R06; R08; R09; R30; R33; R35,Não iniciado,P0,Crítico,Condicional à ratificação do escopo pós-v1 (ADR-017/018),Autor + agente de IA,,,reports/S69/SL-S69-03.md,,,PENDENTE,
752,SL-S69-04,v2.0.0-beta.1,S69,ExtensionHost / distribuição,Evolução proposta,Implementação,Isolar execução,Reutilizar perfis de sandbox adequados e recusar combinação não suportada.,crates/extensions/src/sandbox.rs,Falta de contenção não provoca execução irrestrita para manter compatibilidade.,SL-S69-03,R06; R08; R09; R30; R33; R35,Não iniciado,P0,Crítico,Condicional à ratificação do escopo pós-v1 (ADR-017/018),Autor + agente de IA,,,reports/S69/SL-S69-04.md,,,PENDENTE,
753,SL-S69-05,v2.0.0-beta.1,S69,ExtensionHost / distribuição,Evolução proposta,Implementação,Controlar rede por provedor,Roteamento/destinos compatíveis com política já aprovada pelo usuário.,crates/extensions/src/egress.rs,Permissão local não habilita serviço remoto adicionado posteriormente pela extensão.,SL-S69-04,R06; R08; R09; R30; R33; R35,Não iniciado,P0,Crítico,Condicional à ratificação do escopo pós-v1 (ADR-017/018),Autor + agente de IA,,,reports/S69/SL-S69-05.md,,,PENDENTE,
754,SL-S69-06,v2.0.0-beta.1,S69,ExtensionHost / distribuição,Evolução proposta,Implementação,Gerenciar update e rollback,Tratar mudança de permissões como nova aprovação.,crates/extensions/src/update.rs,Atualização não aumenta direitos silenciosamente nem apaga configuração funcional sem retorno.,SL-S69-05,R06; R08; R09; R30; R33; R35,Não iniciado,P0,Crítico,Condicional à ratificação do escopo pós-v1 (ADR-017/018),Autor + agente de IA,,,reports/S69/SL-S69-06.md,,,PENDENTE,
755,SL-S69-07,v2.0.0-beta.1,S69,ExtensionHost / distribuição,Evolução proposta,Implementação,Implementar revogação,"Cancelar jobs, invalidar tokens e impedir novas chamadas do provedor.",crates/extensions/src/revoke.rs,Jobs em andamento não continuam usando segredo após revogação sem controle.,SL-S69-06,R06; R08; R09; R30; R33; R35,Não iniciado,P0,Crítico,Condicional à ratificação do escopo pós-v1 (ADR-017/018),Autor + agente de IA,,,reports/S69/SL-S69-07.md,,,PENDENTE,
756,SL-S69-08,v2.0.0-beta.1,S69,ExtensionHost / distribuição,Evolução proposta,Implementação,Implementar remoção,Encerrar processos e retirar pacote/cache preservando dados autorais.,crates/extensions/src/remove.rs,"Remover provider não remove textos, summaries aceitos ou evidências do usuário.",SL-S69-07,R06; R08; R09; R30; R33; R35,Não iniciado,P0,Crítico,Condicional à ratificação do escopo pós-v1 (ADR-017/018),Autor + agente de IA,,,reports/S69/SL-S69-08.md,,,PENDENTE,
757,SL-S69-09,v2.0.0-beta.1,S69,ExtensionHost / distribuição,Evolução proposta,Teste,Testar abuso de recursos e dados,Usar extensão de prova que tenta exfiltrar/forçar respostas excessivas.,tests/extensions/security/,Host bloqueia violações dentro do modelo de ameaça documentado.,SL-S69-08,R06; R08; R09; R30; R33; R35,Não iniciado,P0,Crítico,Condicional à ratificação do escopo pós-v1 (ADR-017/018),Autor + agente de IA,,,reports/S69/SL-S69-09.md,,,PENDENTE,
758,SL-S69-10,v2.0.0-beta.1,S69,ExtensionHost / distribuição,Evolução proposta,Licença,Documentar distribuição curada,"Definir fonte correspondente, notices e limites de endosso de terceiros.",docs/extensions/distribution.md,Projeto não promete segurança automática de qualquer plugin disponível na internet.,SL-S69-09,R06; R08; R09; R30; R33; R35,Não iniciado,P0,Crítico,Condicional à ratificação do escopo pós-v1 (ADR-017/018),Autor,,,reports/S69/SL-S69-10.md,,,PENDENTE,
759,SL-S69-GATE,v2.0.0-beta.1,S69,ExtensionHost / distribuição,Aceite humano,Gate,Aceitar S69 — Instalar extensões com permissões controladas,"Revisar as dez tarefas, executar a demonstração do sprint, confrontar critérios e registrar decisão go/no-go.",reports/S69/acceptance.md,"Instalar provedor de exemplo, negar rede, revogar e remover sem tocar dados autorais. Todas as dependências aceitas; evidências vinculadas a revisão/ambiente; nenhum blocker de integridade/segurança.",SL-S69-01; SL-S69-02; SL-S69-03; SL-S69-04; SL-S69-05; SL-S69-06; SL-S69-07; SL-S69-08; SL-S69-09; SL-S69-10,R06; R08; R09; R30; R33; R35,Não iniciado,P0,Crítico,Obrigatória para fechar a versão aprovada,Autor,,,reports/S69/acceptance.md,,,PENDENTE,
760,SL-S70-01,v2.0.0-beta.1,S70,Upstreams / SDK / formato,Integração,Upstream,Revisar revisões-alvo v2,"Selecionar updates necessários com changelogs, licenças e riscos.",upstream/releases/v2-candidates.json,Não se usa alteração de major para atualizar tudo sem teste.,SL-S68-GATE; SL-S69-GATE,R01; R04; R22; R30; R32; R33; R35,Não iniciado,P0,Crítico,Condicional à ratificação do escopo pós-v1 (ADR-017/018),Autor + agente de IA,,,reports/S70/SL-S70-01.md,,,PENDENTE,
761,SL-S70-02,v2.0.0-beta.1,S70,Upstreams / SDK / formato,Integração,Upstream,Rebasear BlockSuite,"Validar codecs, IDs, input e montagem mínima na nova revisão escolhida.",reports/upstream/v2-blocksuite.md,Editor não incorpora o produto AFFiNE ou canvas concorrente durante update.,SL-S70-01,R01; R04; R22; R30; R32; R33; R35,Não iniciado,P0,Crítico,Condicional à ratificação do escopo pós-v1 (ADR-017/018),Autor + agente de IA,,,reports/S70/SL-S70-02.md,,,PENDENTE,
762,SL-S70-03,v2.0.0-beta.1,S70,Upstreams / SDK / formato,Integração,Upstream,Rebasear PageIndex,"Preservar portas de modelos/fontes, IDs e relações fora da árvore.",reports/upstream/v2-pageindex.md,Mudanças upstream não reintroduzem armazenamento canônico privado ou leitura global.,SL-S70-02,R01; R04; R22; R30; R32; R33; R35,Não iniciado,P0,Crítico,Condicional à ratificação do escopo pós-v1 (ADR-017/018),Autor + agente de IA,,,reports/S70/SL-S70-03.md,,,PENDENTE,
763,SL-S70-04,v2.0.0-beta.1,S70,Upstreams / SDK / formato,Integração,Upstream,Revalidar ingest e web,Rodar corpus Docling/Readability/Turndown/Scrapling e contrato SearxNG.,reports/upstream/v2-ingest-web.json,"Formatos/engines quebrados geram degradação clara, não corrupção silenciosa.",SL-S70-03,R01; R04; R22; R30; R32; R33; R35,Não iniciado,P0,Crítico,Condicional à ratificação do escopo pós-v1 (ADR-017/018),Autor + agente de IA,,,reports/S70/SL-S70-04.md,,,PENDENTE,
764,SL-S70-05,v2.0.0-beta.1,S70,Upstreams / SDK / formato,Integração,Upstream,Revalidar runtime e busca,"Avaliar LocalAI/backends e o banco escolhido, mantendo espaço de embeddings identificado.",reports/upstream/v2-runtime-search.json,Troca de modelo/índice exige caminho explícito; não há mistura de vetores.,SL-S70-04,R01; R04; R22; R30; R32; R33; R35,Não iniciado,P0,Crítico,Condicional à ratificação do escopo pós-v1 (ADR-017/018),Autor + agente de IA,,,reports/S70/SL-S70-05.md,,,PENDENTE,
765,SL-S70-06,v2.0.0-beta.1,S70,Upstreams / SDK / formato,Integração,Implementação,Remover acoplamentos antigos,Retirar adapters obsoletos somente após paridade e migração testadas.,refactors/v2/,Nenhuma funcionalidade estável desaparece só porque a fachada mudou.,SL-S70-05,R01; R04; R22; R30; R32; R33; R35,Não iniciado,P0,Crítico,Condicional à ratificação do escopo pós-v1 (ADR-017/018),Autor + agente de IA,,,reports/S70/SL-S70-06.md,,,PENDENTE,
766,SL-S70-07,v2.0.0-beta.1,S70,Upstreams / SDK / formato,Integração,Implementação,Versionar formato apenas se necessário,Implementar migração real quando houver mudança autoral aprovada.,crates/migrations/src/v2.rs,Número v2.0 do app não força alteração gratuita no formato do Vault.,SL-S70-06,R01; R04; R22; R30; R32; R33; R35,Não iniciado,P0,Crítico,Condicional à ratificação do escopo pós-v1 (ADR-017/018),Autor + agente de IA,,,reports/S70/SL-S70-07.md,,,PENDENTE,
767,SL-S70-08,v2.0.0-beta.1,S70,Upstreams / SDK / formato,Integração,Teste,Rodar pacote completo de conformidade,Testar providers internos como se fossem integrações externas.,reports/v2-beta/provider-conformance.json,Nenhum provider privilegiado ignora regras que seriam exigidas de um terceiro.,SL-S70-07,R01; R04; R22; R30; R32; R33; R35,Não iniciado,P0,Crítico,Condicional à ratificação do escopo pós-v1 (ADR-017/018),Autor + agente de IA,,,reports/S70/SL-S70-08.md,,,PENDENTE,
768,SL-S70-09,v2.0.0-beta.1,S70,Upstreams / SDK / formato,Integração,Licença,Fechar inventário beta,"Atualizar SBOM, fontes, modelos e manifests de extensão por alvo.",compliance/releases/v2.0.0-beta.1/,Pacotes têm origem/licença correspondente à revisão efetivamente construída.,SL-S70-08,R01; R04; R22; R30; R32; R33; R35,Não iniciado,P0,Crítico,Condicional à ratificação do escopo pós-v1 (ADR-017/018),Autor,,,reports/S70/SL-S70-09.md,,,PENDENTE,
769,SL-S70-10,v2.0.0-beta.1,S70,Upstreams / SDK / formato,Integração,Release,Publicar beta v2,"Documentar SDK, limites, migração e retorno à linha v1 suportada.",release/v2.0.0-beta.1/,Beta exige backup/consentimento quando houver mudança de formato; não usa Vault único sem proteção.,SL-S70-09,R01; R04; R22; R30; R32; R33; R35,Não iniciado,P0,Crítico,Condicional à ratificação do escopo pós-v1 (ADR-017/018),Autor,,,reports/S70/SL-S70-10.md,,,PENDENTE,
770,SL-S70-GATE,v2.0.0-beta.1,S70,Upstreams / SDK / formato,Aceite humano,Gate,Aceitar S70 — Atualizar recortes e consolidar beta v2.0,"Revisar as dez tarefas, executar a demonstração do sprint, confrontar critérios e registrar decisão go/no-go.",reports/S70/acceptance.md,Executar o fluxo completo usando adapters sob SDK e manter dados v1.x intactos. Todas as dependências aceitas; evidências vinculadas a revisão/ambiente; nenhum blocker de integridade/segurança.,SL-S70-01; SL-S70-02; SL-S70-03; SL-S70-04; SL-S70-05; SL-S70-06; SL-S70-07; SL-S70-08; SL-S70-09; SL-S70-10,R01; R04; R22; R30; R32; R33; R35,Não iniciado,P0,Crítico,Obrigatória para fechar a versão aprovada,Autor,,,reports/S70/acceptance.md,,,PENDENTE,
771,SL-S71-01,v2.0.0-rc.1,S71,Compatibilidade / RC v2,Próprio,Teste,Montar matriz histórica,"Incluir v1.0, v1.1, v1.2 e estados de recursos opcionais.",tests/migrations/v2-matrix.yaml,Cada origem possui fixture e expectativa de upgrade/downgrade/export explícita.,SL-S70-GATE,R01; R02; R05; R06; R07; R09; R32; R35,Não iniciado,P0,Crítico,Condicional à ratificação do escopo pós-v1 (ADR-017/018),Autor + agente de IA,,,reports/S71/SL-S71-01.md,,,PENDENTE,
772,SL-S71-02,v2.0.0-rc.1,S71,Compatibilidade / RC v2,Próprio,Teste,Executar upgrades interrompidos,"Matar processo, simular disco cheio e pacote faltante durante migração.",reports/v2-rc/upgrade-faults.json,Estado pode ser recuperado sem confiar em índice vetorial ou extensão instalada.,SL-S71-01,R01; R02; R05; R06; R07; R09; R32; R35,Não iniciado,P0,Crítico,Condicional à ratificação do escopo pós-v1 (ADR-017/018),Autor + agente de IA,,,reports/S71/SL-S71-02.md,,,PENDENTE,
773,SL-S71-03,v2.0.0-rc.1,S71,Compatibilidade / RC v2,Próprio,Teste,Testar rollback e export de emergência,Validar retorno suportado e alternativa quando downgrade não for possível.,reports/v2-rc/rollback.json,"Limitações são mostradas antes de migrar, não descobertas após perda de acesso.",SL-S71-02,R01; R02; R05; R06; R07; R09; R32; R35,Não iniciado,P0,Crítico,Condicional à ratificação do escopo pós-v1 (ADR-017/018),Autor + agente de IA,,,reports/S71/SL-S71-03.md,,,PENDENTE,
774,SL-S71-04,v2.0.0-rc.1,S71,Compatibilidade / RC v2,Próprio,Teste,Repetir prova File-as-Truth,"Apagar índices, caches de extensão e stores internos dos motores.",reports/v2-rc/file-truth.json,"Autoria, citações, topologia e histórico aprovados continuam recuperáveis.",SL-S71-03,R01; R02; R05; R06; R07; R09; R32; R35,Não iniciado,P0,Crítico,Condicional à ratificação do escopo pós-v1 (ADR-017/018),Autor + agente de IA,,,reports/S71/SL-S71-04.md,,,PENDENTE,
775,SL-S71-05,v2.0.0-rc.1,S71,Compatibilidade / RC v2,Próprio,Teste,Repetir isolamento completo,"Incluir extensões, novos backends e políticas por plataforma.",reports/v2-rc/security.json,Refatoração do SDK não abriu rota alternativa para filesystem/rede.,SL-S71-04,R01; R02; R05; R06; R07; R09; R32; R35,Não iniciado,P0,Crítico,Condicional à ratificação do escopo pós-v1 (ADR-017/018),Autor + agente de IA,,,reports/S71/SL-S71-05.md,,,PENDENTE,
776,SL-S71-06,v2.0.0-rc.1,S71,Compatibilidade / RC v2,Próprio,Teste,Repetir offline completo,Provisionar pacotes e usar todos os caminhos locais homologados.,reports/v2-rc/offline.json,Extensão sem rede não tenta instalar/download por conta própria.,SL-S71-05,R01; R02; R05; R06; R07; R09; R32; R35,Não iniciado,P0,Crítico,Condicional à ratificação do escopo pós-v1 (ADR-017/018),Autor + agente de IA,,,reports/S71/SL-S71-06.md,,,PENDENTE,
777,SL-S71-07,v2.0.0-rc.1,S71,Compatibilidade / RC v2,Próprio,Teste,Repetir performance/qualidade,"Comparar budgets, cenas, recuperação e resumos contra baselines estáveis.",reports/v2-rc/regression.json,Novos recursos não justificam regressão silenciosa nos requisitos essenciais.,SL-S71-06,R01; R02; R05; R06; R07; R09; R32; R35,Não iniciado,P0,Crítico,Condicional à ratificação do escopo pós-v1 (ADR-017/018),Autor + agente de IA,,,reports/S71/SL-S71-07.md,,,PENDENTE,
778,SL-S71-08,v2.0.0-rc.1,S71,Compatibilidade / RC v2,Próprio,Teste,Fazer piloto de atualização,Observar uso da candidata com dados permitidos e diagnóstico saneado.,reports/v2-rc/pilot.md,Feedback real e ensaio interno são identificados separadamente.,SL-S71-07,R01; R02; R05; R06; R07; R09; R32; R35,Não iniciado,P0,Crítico,Condicional à ratificação do escopo pós-v1 (ADR-017/018),Autor + agente de IA,,,reports/S71/SL-S71-08.md,,,PENDENTE,
779,SL-S71-09,v2.0.0-rc.1,S71,Compatibilidade / RC v2,Próprio,Governança,Fechar blockers e compatibilidade,"Revisar breaking changes, deprecações e suporte da linha anterior.",docs/releases/v2-compatibility.md,Contribuidor/usuário sabe quais contratos mudaram e como migrar.,SL-S71-08,R01; R02; R05; R06; R07; R09; R32; R35,Não iniciado,P0,Crítico,Condicional à ratificação do escopo pós-v1 (ADR-017/018),Autor,,,reports/S71/SL-S71-09.md,,,PENDENTE,
780,SL-S71-10,v2.0.0-rc.1,S71,Compatibilidade / RC v2,Próprio,Release,Publicar RC v2,"Emitir pacotes, manifests e guia de migração final candidato.",release/v2.0.0-rc.1/,Revisão da RC corresponde às evidências e está pronta para go/no-go humano.,SL-S71-09,R01; R02; R05; R06; R07; R09; R32; R35,Não iniciado,P0,Crítico,Condicional à ratificação do escopo pós-v1 (ADR-017/018),Autor,,,reports/S71/SL-S71-10.md,,,PENDENTE,
781,SL-S71-GATE,v2.0.0-rc.1,S71,Compatibilidade / RC v2,Aceite humano,Gate,Aceitar S71 — Homologar compatibilidade e candidata v2.0,"Revisar as dez tarefas, executar a demonstração do sprint, confrontar critérios e registrar decisão go/no-go.",reports/S71/acceptance.md,"Migrar cópias de Vaults v1.x, usar extensões e voltar/exportar sem perda autoral. Todas as dependências aceitas; evidências vinculadas a revisão/ambiente; nenhum blocker de integridade/segurança.",SL-S71-01; SL-S71-02; SL-S71-03; SL-S71-04; SL-S71-05; SL-S71-06; SL-S71-07; SL-S71-08; SL-S71-09; SL-S71-10,R01; R02; R05; R06; R07; R09; R32; R35,Não iniciado,P0,Crítico,Obrigatória para fechar a versão aprovada,Autor,,,reports/S71/acceptance.md,,,PENDENTE,
782,SL-S72-01,v2.0.0,S72,Release / sustentabilidade,Próprio,Governança,Auditar escopo final,Conferir requisitos originais e propostas aprovadas em ADR-017/018.,reports/releases/v2-traceability.md,Requisito não aprovado não é declarado entregue; requisito essencial faltante bloqueia stable.,SL-S71-GATE,R01; R02; R05; R07; R30; R32; R33; R34; R35; R36,Não iniciado,P0,Crítico,Condicional à ratificação do escopo pós-v1 (ADR-017/018),Autor,,,reports/S72/SL-S72-01.md,,,PENDENTE,
783,SL-S72-02,v2.0.0,S72,Release / sustentabilidade,Próprio,Teste,Rodar regressão final,Executar suites em commit exato do release nos cinco alvos e perfis homologados.,reports/releases/v2-final-suite.json,"Build, testes e artefatos compartilham identidade verificável.",SL-S72-01,R01; R02; R05; R07; R30; R32; R33; R34; R35; R36,Não iniciado,P0,Crítico,Condicional à ratificação do escopo pós-v1 (ADR-017/018),Autor + agente de IA,,,reports/S72/SL-S72-02.md,,,PENDENTE,
784,SL-S72-03,v2.0.0,S72,Release / sustentabilidade,Próprio,Teste,Verificar distribuição limpa,"Instalar sem toolchains globais, provisionar offline e testar update/removal.",reports/releases/v2-clean-install.md,Usuário não precisa reconstruir ambientes de desenvolvimento para usar o produto.,SL-S72-02,R01; R02; R05; R07; R30; R32; R33; R34; R35; R36,Não iniciado,P0,Crítico,Condicional à ratificação do escopo pós-v1 (ADR-017/018),Autor + agente de IA,,,reports/S72/SL-S72-03.md,,,PENDENTE,
785,SL-S72-04,v2.0.0,S72,Release / sustentabilidade,Próprio,Licença,Fechar conformidade v2,"Revisar fontes/avisos, SDK, extensões curadas e modelos redistribuídos.",compliance/releases/v2.0.0/,Natureza open source/nonprofit e dependência opcional de serviços são descritas corretamente.,SL-S72-03,R01; R02; R05; R07; R30; R32; R33; R34; R35; R36,Não iniciado,P0,Crítico,Condicional à ratificação do escopo pós-v1 (ADR-017/018),Autor,,,reports/S72/SL-S72-04.md,,,PENDENTE,
786,SL-S72-05,v2.0.0,S72,Release / sustentabilidade,Próprio,Documentação,Publicar documentação estável,"Consolidar usuário, formato, recuperação, SDK e contribuição.",docs/releases/v2.0.0.md,Guias refletem APIs/capacidades publicadas e não protótipos abandonados.,SL-S72-04,R01; R02; R05; R07; R30; R32; R33; R34; R35; R36,Não iniciado,P0,Crítico,Condicional à ratificação do escopo pós-v1 (ADR-017/018),Autor + agente de IA,,,reports/S72/SL-S72-05.md,,,PENDENTE,
787,SL-S72-06,v2.0.0,S72,Release / sustentabilidade,Próprio,Governança,Definir manutenção pós-v2,"Estabelecer triagem, patches, cadence de auditoria e política de depreciação sustentável.",docs/maintenance/post-v2.md,Roadmap não promete última versão definitiva nem suporte impossível para um mantenedor.,SL-S72-05,R01; R02; R05; R07; R30; R32; R33; R34; R35; R36,Não iniciado,P0,Crítico,Condicional à ratificação do escopo pós-v1 (ADR-017/018),Autor,,,reports/S72/SL-S72-06.md,,,PENDENTE,
788,SL-S72-07,v2.0.0,S72,Release / sustentabilidade,Próprio,Governança,Preparar continuidade comunitária,"Documentar builds, acesso de release, backups de chaves e sucessão sem divulgar segredos.",docs/governance/continuity.md,Outro mantenedor pode reconstruir o projeto com procedimentos públicos e permissões apropriadas.,SL-S72-06,R01; R02; R05; R07; R30; R32; R33; R34; R35; R36,Não iniciado,P0,Crítico,Condicional à ratificação do escopo pós-v1 (ADR-017/018),Autor,,,reports/S72/SL-S72-07.md,,,PENDENTE,
789,SL-S72-08,v2.0.0,S72,Release / sustentabilidade,Próprio,Decisão,Fazer go/no-go final,"Revisar blockers, métricas e a demonstração integral com aprovação humana.",reports/releases/v2-go-no-go.md,Agente não pode marcar aprovação final sozinho; exceções materiais ficam registradas.,SL-S72-07,R01; R02; R05; R07; R30; R32; R33; R34; R35; R36,Não iniciado,P0,Crítico,Condicional à ratificação do escopo pós-v1 (ADR-017/018),Autor,,,reports/S72/SL-S72-08.md,,,PENDENTE,
790,SL-S72-09,v2.0.0,S72,Release / sustentabilidade,Próprio,Release,Publicar artefatos stable,"Disponibilizar versões, hashes/assinaturas, fontes e notas no canal escolhido.",release/v2.0.0/,Downloads e documentação correspondem à mesma revisão; possibilidade de rollback do canal existe.,SL-S72-08,R01; R02; R05; R07; R30; R32; R33; R34; R35; R36,Não iniciado,P0,Crítico,Condicional à ratificação do escopo pós-v1 (ADR-017/018),Autor,,,reports/S72/SL-S72-09.md,,,PENDENTE,
791,SL-S72-10,v2.0.0,S72,Release / sustentabilidade,Próprio,Teste,Verificar publicação e handoff,"Instalar pelo canal real, checar links e registrar próximos riscos sem inventar novas features.",reports/releases/v2-post-publish.md,"Horizonte concluído com evidências e fila de manutenção, não com todos os problemas futuros declarados resolvidos.",SL-S72-09,R01; R02; R05; R07; R30; R32; R33; R34; R35; R36,Não iniciado,P0,Crítico,Condicional à ratificação do escopo pós-v1 (ADR-017/018),Autor + agente de IA,,,reports/S72/SL-S72-10.md,,,PENDENTE,
792,SL-S72-GATE,v2.0.0,S72,Release / sustentabilidade,Aceite humano,Gate,Aceitar S72 — Publicar v2.0 e estabelecer continuidade,"Revisar as dez tarefas, executar a demonstração do sprint, confrontar critérios e registrar decisão go/no-go.",reports/S72/acceptance.md,"Instalar stable, importar pesquisa, produzir Peça e verificar portabilidade/rollback de capacidades. Todas as dependências aceitas; evidências vinculadas a revisão/ambiente; nenhum blocker de integridade/segurança.",SL-S72-01; SL-S72-02; SL-S72-03; SL-S72-04; SL-S72-05; SL-S72-06; SL-S72-07; SL-S72-08; SL-S72-09; SL-S72-10,R01; R02; R05; R07; R30; R32; R33; R34; R35; R36,Não iniciado,P0,Crítico,Obrigatória para fechar a versão aprovada,Autor,,,reports/S72/acceptance.md,,,PENDENTE,
